,true_outliers,true_outlier_rate,interdisciplinary,total_outliers
Aedes,259,0.08955739972337483,255,514
Chikungunya,283,0.1117252270035531,188,471
Dengue,209,0.08208955223880597,292,501
West Nile,62,0.039315155358275206,177,239
Zika,94,0.03481481481481481,173,267
Culex,52,0.024750118990956686,503,555
Usutu,26,0.044444444444444446,28,54
anchor,159,0.11597374179431072,263,422
