time [UTC],DE::Aedes-Mücke::batch_1,DE::Aedes Mücke::batch_1,DE::Tigermücke::batch_1,DE::Tiger Mücke::batch_1,DE::Zika Virus::batch_2,DE::Zikavirus::batch_2,DE::Zika-Virus::batch_2,DE::Zika-Fieber::batch_2,DE::Zika Fieber::batch_3,DE::Denguefieber::batch_3,DE::Dengue-Fieber::batch_3,DE::Dengue Fieber::batch_3,DE::Chikungunyafieber::batch_4,DE::Chikungunya Fieber::batch_4,DE::Chikungunya-Virus::batch_4,DE::Chikungunya Virus::batch_4,DE::Asiatische Tigermücke::batch_5,DE::Knochenbrecherfieber::batch_5,DE::Siebentagefieber::batch_5,DE::West-Nil-Virus::batch_5,DE::West Nil Virus::batch_6,DE::West-Nil-Fieber::batch_6,DE::West Nil Fieber::batch_6,DE::Gemeine Stechmücke::batch_6,DE::Nördliche Hausmücke::batch_7,DE::Hausmücke::batch_7,DE::Culex-Mücke::batch_7,DE::Usutu-Virus::batch_7,DE::Usutu Virus::batch_8,DE::Aedes albopictus::batch_8,DE::Zika::batch_8,DE::Dengue::batch_8,DE::Chikungunya::batch_9,DE::Culex pipiens::batch_9,DE::Culex torrentium::batch_9,DE::Culex modestus::batch_9,AT::Aedes-Mücke::batch_1,AT::Aedes Mücke::batch_1,AT::Tigermücke::batch_1,AT::Tiger Mücke::batch_1,AT::Zika Virus::batch_2,AT::Zikavirus::batch_2,AT::Zika-Virus::batch_2,AT::Zika-Fieber::batch_2,AT::Zika Fieber::batch_3,AT::Denguefieber::batch_3,AT::Dengue-Fieber::batch_3,AT::Dengue Fieber::batch_3,AT::Chikungunyafieber::batch_4,AT::Chikungunya Fieber::batch_4,AT::Chikungunya-Virus::batch_4,AT::Chikungunya Virus::batch_4,AT::Asiatische Tigermücke::batch_5,AT::Knochenbrecherfieber::batch_5,AT::Siebentagefieber::batch_5,AT::West-Nil-Virus::batch_5,AT::West Nil Virus::batch_6,AT::West-Nil-Fieber::batch_6,AT::West Nil Fieber::batch_6,AT::Gemeine Stechmücke::batch_6,AT::Nördliche Hausmücke::batch_7,AT::Hausmücke::batch_7,AT::Culex-Mücke::batch_7,AT::Usutu-Virus::batch_7,AT::Usutu Virus::batch_8,AT::Aedes albopictus::batch_8,AT::Zika::batch_8,AT::Dengue::batch_8,AT::Chikungunya::batch_9,AT::Culex pipiens::batch_9,AT::Culex torrentium::batch_9,AT::Culex modestus::batch_9,CH::Aedes-Mücke::batch_1,CH::Aedes Mücke::batch_1,CH::Tigermücke::batch_1,CH::Tiger Mücke::batch_1,CH::Zika Virus::batch_2,CH::Zikavirus::batch_2,CH::Zika-Virus::batch_2,CH::Zika-Fieber::batch_2,CH::Zika Fieber::batch_3,CH::Denguefieber::batch_3,CH::Dengue-Fieber::batch_3,CH::Dengue Fieber::batch_3,CH::Chikungunyafieber::batch_4,CH::Chikungunya Fieber::batch_4,CH::Chikungunya-Virus::batch_4,CH::Chikungunya Virus::batch_4,CH::Asiatische Tigermücke::batch_5,CH::Knochenbrecherfieber::batch_5,CH::Siebentagefieber::batch_5,CH::West-Nil-Virus::batch_5,CH::West Nil Virus::batch_6,CH::West-Nil-Fieber::batch_6,CH::West Nil Fieber::batch_6,CH::Gemeine Stechmücke::batch_6,CH::Nördliche Hausmücke::batch_7,CH::Hausmücke::batch_7,CH::Culex-Mücke::batch_7,CH::Usutu-Virus::batch_7,CH::Usutu Virus::batch_8,CH::Moustique Aedes::batch_8,CH::Moustique jaune::batch_8,CH::Moustique-tigre::batch_8,CH::Moustique tigre::batch_9,CH::Virus Zika::batch_9,CH::Fièvre du Zika::batch_9,CH::Fièvre du virus Zika::batch_9,CH::Virus du Zika::batch_10,CH::Maladie du virus Zika::batch_10,CH::Maladie du Zika::batch_10,CH::Fièvre dengue::batch_10,CH::Virus de la dengue::batch_11,CH::Virus chikungunya::batch_11,CH::Virus du chikungunya::batch_11,CH::Chik::batch_11,CH::Moustique tigre asiatique::batch_12,CH::Moustique-tigre asiatique::batch_12,CH::Fièvre casse-os::batch_12,CH::Fièvre casse os::batch_12,CH::Fièvre briseuse::batch_13,CH::Fièvre crève-os::batch_13,CH::Fièvre crève os::batch_13,CH::Fièvre rompue::batch_13,CH::Fièvre des os cassés::batch_14,CH::Fièvre polka::batch_14,CH::Fièvre rouge::batch_14,CH::Fièvre des dattes::batch_14,CH::Fièvre de la Mer Rouge::batch_15,CH::Fièvre des Ines::batch_15,CH::Fièvres de Massaoua::batch_15,CH::Virus du Nil occidental::batch_15,CH::Virus West Nile::batch_16,CH::Fièvre du Nil occidental::batch_16,CH::Maladie du Nil occidental::batch_16,CH::Moustique commun::batch_16,CH::Moustique domestique::batch_17,CH::Moustique Culex::batch_17,CH::Virus Usutu::batch_17,CH::Virus d’Usutu::batch_17,CH::Zanzara Aedes::batch_18,CH::Zanzara tigre::batch_18,CH::Febbre Zika::batch_18,CH::Febbre dengue::batch_18,CH::Virus della chikungunya::batch_19,CH::Zanzara tigre asiatica::batch_19,CH::Febbre spacca-ossa::batch_19,CH::Febbre spaccaossa::batch_19,CH::Febbre dandy::batch_20,CH::Virus del Nilo occidentale::batch_20,CH::Febbre del Nilo occidentale::batch_20,CH::Malattia del Nilo occidentale::batch_20,CH::Zanzara comune::batch_21,CH::Zanzara domestica::batch_21,CH::Zanzara Culex::batch_21,CH::Aedes albopictus::batch_21,CH::Zika::batch_22,CH::Dengue::batch_22,CH::Chikungunya::batch_22,CH::Culex pipiens::batch_22,CH::Culex torrentium::batch_23,CH::Culex modestus::batch_23,IT::Zanzara Aedes::batch_1,IT::Zanzara tigre::batch_1,IT::Virus Zika::batch_1,IT::Febbre Zika::batch_1,IT::Febbre dengue::batch_2,IT::Virus chikungunya::batch_2,IT::Virus della chikungunya::batch_2,IT::Zanzara tigre asiatica::batch_2,IT::Febbre spacca-ossa::batch_3,IT::Febbre spaccaossa::batch_3,IT::Febbre dandy::batch_3,IT::Virus del Nilo occidentale::batch_3,IT::Febbre del Nilo occidentale::batch_4,IT::Malattia del Nilo occidentale::batch_4,IT::Zanzara comune::batch_4,IT::Zanzara domestica::batch_4,IT::Zanzara Culex::batch_5,IT::Virus Usutu::batch_5,IT::Aedes albopictus::batch_5,IT::Zika::batch_5,IT::Dengue::batch_6,IT::Chikungunya::batch_6,IT::Culex pipiens::batch_6,IT::Culex torrentium::batch_6,IT::Culex modestus::batch_7,ES::Mosquito Aedes::batch_1,ES::Mosquito tigre::batch_1,ES::Virus del Zika::batch_1,ES::Virus Zika::batch_1,ES::Fiebre del Zika::batch_2,ES::Fiebre del dengue::batch_2,ES::Virus Chikungunya::batch_2,ES::Virus Chikunguña::batch_2,ES::Mosquito tigre asiático::batch_3,ES::Fiebre rompehuesos::batch_3,ES::Quebrantahuesos::batch_3,ES::Virus del Nilo Occidental::batch_3,ES::Fiebre del Nilo Occidental::batch_4,ES::Enfermedad del Nilo Occidental::batch_4,ES::Mosquito común::batch_4,ES::Mosquito doméstico común::batch_4,ES::Mosquito Culex::batch_5,ES::Virus Usutu::batch_5,ES::Aedes albopictus::batch_5,ES::Zika::batch_5,ES::Dengue::batch_6,ES::Chikungunya::batch_6,ES::Culex pipiens::batch_6,ES::Culex torrentium::batch_6,ES::Culex modestus::batch_7,FR::Moustique Aedes::batch_1,FR::Moustique jaune::batch_1,FR::Moustique-tigre::batch_1,FR::Moustique tigre::batch_1,FR::Virus Zika::batch_2,FR::Fièvre du Zika::batch_2,FR::Fièvre du virus Zika::batch_2,FR::Virus du Zika::batch_2,FR::Maladie du virus Zika::batch_3,FR::Maladie du Zika::batch_3,FR::Fièvre dengue::batch_3,FR::Virus de la dengue::batch_3,FR::Virus chikungunya::batch_4,FR::Virus du chikungunya::batch_4,FR::Chik::batch_4,FR::Moustique tigre asiatique::batch_4,FR::Moustique-tigre asiatique::batch_5,FR::Fièvre casse-os::batch_5,FR::Fièvre casse os::batch_5,FR::Fièvre briseuse::batch_5,FR::Fièvre crève-os::batch_6,FR::Fièvre crève os::batch_6,FR::Fièvre rompue::batch_6,FR::Fièvre des os cassés::batch_6,FR::Fièvre polka::batch_7,FR::Fièvre rouge::batch_7,FR::Fièvre des dattes::batch_7,FR::Fièvre de la Mer Rouge::batch_7,FR::Fièvre des Ines::batch_8,FR::Fièvres de Massaoua::batch_8,FR::Virus du Nil occidental::batch_8,FR::Virus West Nile::batch_8,FR::Fièvre du Nil occidental::batch_9,FR::Maladie du Nil occidental::batch_9,FR::Moustique commun::batch_9,FR::Moustique domestique::batch_9,FR::Moustique Culex::batch_10,FR::Virus Usutu::batch_10,FR::Virus d’Usutu::batch_10,FR::Aedes albopictus::batch_10,FR::Zika::batch_11,FR::Dengue::batch_11,FR::Chikungunya::batch_11,FR::Culex pipiens::batch_11,FR::Culex torrentium::batch_12,FR::Culex modestus::batch_12
2010-01-01,0.0,0.0,0.0,0.0,0.0,0.0,0.0,0.0,0.0,0.0,0.0,4.0,0.0,0.0,0.0,0.0,0.0,0.0,0.0,0.0,0.0,0.0,0.0,0.0,0.0,0.0,0.0,0.0,0.0,0.0,3.012783265543289,21.089482858803024,0.0,0.0,0.0,0.0,0.0,0.0,0.0,0.0,0.0,0.0,0.0,0.0,0.0,0.0,0.0,19.314256688113783,0.0,0.0,0.0,0.0,0.0,0.0,0.0,0.0,0.0,0.0,0.0,0.0,0.0,0.0,0.0,0.0,0.0,0.0,0.0,33.55987055016181,0.0,0.0,0.0,0.0,0.0,0.0,0.0,0.0,0.0,0.0,0.0,0.0,0.0,0.0,0.0,27.187801849040984,0.0,0.0,0.0,0.0,0.0,0.0,0.0,0.0,0.0,0.0,0.0,0.0,0.0,0.0,0.0,0.0,0.0,0.0,0.0,0.0,0.0,0.0,0.0,0.0,0.0,0.0,0.0,0.0,0.0,0.0,0.0,0.0,0.0,0.0,0.0,0.0,0.0,0.0,0.0,0.0,0.0,0.0,0.0,0.0,0.0,0.0,0.0,0.0,0.0,0.0,0.0,0.0,0.0,0.0,0.0,0.0,0.0,0.0,0.0,0.0,0.0,0.0,0.0,0.0,0.0,0.0,0.0,0.0,0.0,0.0,0.0,0.0,0.0,82.7944111776447,0.0,0.0,0.0,0.0,0.0,0.0,0.0,0.0,0.0,0.0,0.0,0.0,0.0,0.0,0.0,0.0,0.0,0.0,0.0,0.0,0.0,0.0,0.0,0.0,3.676001417936902,0.0,0.0,0.0,0.0,0.0,0.0,0.0,0.0,0.0,0.0,0.0,0.0,0.0,0.0,14.719659332860184,0.0,0.0,0.0,0.0,0.0,0.0,0.0,0.0,0.0,12.266382777383487,0.0,0.0,0.0,0.0,0.0,0.0,0.0,0.0,0.0,0.0,0.0,0.0,0.0,0.0,0.0,0.0,0.0,0.0,2.4121888811351475,0.0,0.0,0.0,0.0,0.0,0.0,0.0,0.0,0.0,0.0,0.0,0.0,0.0,0.0,0.0,0.0,0.0,0.0,0.0,0.0,0.0,0.0,0.0,0.0,0.0,0.0,2.4121888811351475,2.4121888811351475,0.0,0.0,0.0
2010-02-01,0.0,0.0,0.0,0.0,0.0,0.0,0.0,0.0,0.0,0.0,0.0,3.0,0.0,0.0,0.0,0.0,0.0,0.0,0.0,0.0,0.0,0.0,0.0,0.0,0.0,0.0,0.0,0.0,0.0,0.0,0.0,30.12783265543289,0.0,0.0,0.0,0.0,0.0,0.0,0.0,0.0,0.0,0.0,0.0,0.0,0.0,0.0,0.0,22.82593972231629,0.0,0.0,0.0,0.0,0.0,0.0,0.0,0.0,0.0,0.0,0.0,0.0,0.0,0.0,0.0,0.0,0.0,0.0,0.0,20.135922330097088,0.0,0.0,0.0,0.0,0.0,0.0,0.0,0.0,0.0,0.0,0.0,0.0,0.0,0.0,0.0,27.187801849040984,0.0,0.0,0.0,0.0,0.0,0.0,0.0,0.0,0.0,0.0,0.0,0.0,0.0,0.0,0.0,0.0,0.0,0.0,0.0,0.0,0.0,0.0,0.0,0.0,0.0,0.0,0.0,0.0,0.0,0.0,0.0,0.0,0.0,0.0,0.0,0.0,0.0,0.0,0.0,0.0,0.0,0.0,0.0,0.0,0.0,0.0,0.0,0.0,0.0,0.0,0.0,0.0,0.0,0.0,0.0,0.0,0.0,0.0,0.0,0.0,0.0,0.0,0.0,0.0,0.0,0.0,0.0,0.0,0.0,0.0,0.0,0.0,0.0,62.09580838323353,0.0,0.0,0.0,0.0,0.0,1.838000708968451,0.0,0.0,0.0,0.0,0.0,0.0,0.0,0.0,0.0,0.0,0.0,0.0,0.0,0.0,0.0,0.0,0.0,0.0,3.676001417936902,0.0,0.0,0.0,0.0,0.0,2.4532765554766973,0.0,0.0,0.0,0.0,0.0,0.0,0.0,0.0,9.81310622190679,0.0,0.0,0.0,0.0,0.0,0.0,0.0,0.0,0.0,22.079488999290277,0.0,0.0,0.0,0.0,0.0,0.0,0.0,0.0,0.0,0.0,0.0,0.0,0.0,0.0,0.0,0.0,0.0,0.0,0.0,0.0,0.0,0.0,0.0,0.0,0.0,0.0,0.0,0.0,0.0,0.0,0.0,0.0,0.0,0.0,0.0,0.0,0.0,0.0,0.0,0.0,0.0,0.0,0.0,0.0,0.0,2.4121888811351475,0.0,0.0,0.0,0.0
2010-03-01,0.0,0.0,0.0,0.0,0.0,0.0,0.0,0.0,0.0,0.0,0.0,3.0,0.0,0.0,0.0,0.0,0.0,0.0,0.0,0.0,0.0,0.0,0.0,0.0,0.0,0.0,0.0,0.0,0.0,0.0,3.012783265543289,42.17896571760605,1.0,0.0,0.0,0.0,0.0,0.0,0.0,0.0,0.0,0.0,0.0,0.0,0.0,0.0,0.0,0.0,0.0,0.0,0.0,0.0,0.0,0.0,0.0,0.0,0.0,0.0,0.0,0.0,0.0,0.0,0.0,0.0,0.0,0.0,0.0,0.0,0.0,0.0,0.0,0.0,0.0,0.0,0.0,0.0,0.0,0.0,0.0,0.0,0.0,0.0,0.0,0.0,0.0,0.0,0.0,0.0,0.0,0.0,0.0,0.0,0.0,0.0,0.0,0.0,0.0,0.0,0.0,0.0,0.0,0.0,0.0,0.0,0.0,0.0,0.0,0.0,0.0,0.0,0.0,0.0,0.0,0.0,0.0,0.0,0.0,0.0,0.0,0.0,0.0,0.0,0.0,0.0,0.0,0.0,0.0,0.0,0.0,0.0,0.0,0.0,0.0,0.0,0.0,0.0,0.0,0.0,0.0,0.0,0.0,0.0,0.0,0.0,0.0,0.0,0.0,0.0,0.0,0.0,0.0,0.0,0.0,0.0,0.0,0.0,0.0,20.698602794411176,20.698602794411176,0.0,0.0,0.0,0.0,1.838000708968451,0.0,0.0,0.0,0.0,0.0,0.0,0.0,0.0,0.0,0.0,0.0,0.0,0.0,0.0,0.0,0.0,0.0,0.0,1.838000708968451,0.0,0.0,0.0,0.0,0.0,2.4532765554766973,0.0,0.0,0.0,0.0,0.0,0.0,0.0,0.0,9.81310622190679,0.0,0.0,0.0,0.0,0.0,0.0,0.0,0.0,0.0,24.532765554766975,0.0,0.0,0.0,0.0,0.0,0.0,0.0,0.0,0.0,0.0,0.0,0.0,0.0,0.0,0.0,0.0,0.0,0.0,0.0,0.0,0.0,0.0,0.0,0.0,0.0,0.0,0.0,0.0,0.0,0.0,0.0,0.0,0.0,0.0,0.0,0.0,0.0,0.0,0.0,0.0,0.0,0.0,0.0,0.0,0.0,2.4121888811351475,2.4121888811351475,0.0,0.0,0.0
2010-04-01,0.0,0.0,0.0,0.0,0.0,0.0,0.0,0.0,0.0,0.0,0.0,4.0,0.0,0.0,0.0,0.0,0.0,0.0,0.0,0.0,0.0,0.0,0.0,0.0,0.0,0.0,0.0,0.0,0.0,0.0,0.0,42.17896571760605,1.0,0.0,0.0,0.0,0.0,0.0,0.0,0.0,0.0,0.0,0.0,0.0,0.0,0.0,0.0,24.58178123941754,0.0,0.0,0.0,0.0,0.0,0.0,0.0,0.0,0.0,0.0,0.0,0.0,0.0,0.0,0.0,0.0,0.0,0.0,0.0,26.84789644012945,0.0,0.0,0.0,0.0,0.0,0.0,0.0,0.0,0.0,0.0,0.0,0.0,0.0,0.0,0.0,0.0,0.0,0.0,0.0,0.0,0.0,0.0,0.0,0.0,0.0,0.0,0.0,0.0,0.0,0.0,0.0,0.0,0.0,0.0,0.0,0.0,0.0,0.0,0.0,0.0,0.0,0.0,0.0,0.0,0.0,0.0,0.0,0.0,0.0,0.0,0.0,0.0,0.0,0.0,0.0,0.0,0.0,0.0,0.0,0.0,0.0,0.0,0.0,0.0,0.0,0.0,0.0,0.0,0.0,0.0,0.0,0.0,0.0,0.0,0.0,0.0,0.0,0.0,0.0,0.0,0.0,0.0,0.0,0.0,0.0,0.0,0.0,0.0,0.0,62.09580838323353,0.0,0.0,0.0,0.0,0.0,5.5140021269053525,0.0,0.0,0.0,0.0,0.0,0.0,0.0,0.0,0.0,0.0,0.0,0.0,0.0,0.0,0.0,0.0,0.0,0.0,1.838000708968451,0.0,0.0,0.0,0.0,0.0,2.4532765554766973,0.0,0.0,0.0,0.0,0.0,0.0,0.0,0.0,9.81310622190679,0.0,0.0,0.0,0.0,0.0,0.0,0.0,0.0,0.0,24.532765554766975,0.0,0.0,0.0,0.0,0.0,0.0,0.0,0.0,0.0,0.0,0.0,0.0,0.0,0.0,0.0,0.0,0.0,0.0,0.0,0.0,0.0,0.0,0.0,0.0,0.0,0.0,0.0,0.0,0.0,0.0,0.0,0.0,0.0,0.0,0.0,0.0,0.0,0.0,0.0,0.0,0.0,0.0,0.0,0.0,0.0,2.4121888811351475,2.4121888811351475,0.0,0.0,0.0
2010-05-01,0.0,0.0,0.0,0.0,0.0,0.0,0.0,0.0,0.0,0.0,0.0,3.0,0.0,0.0,0.0,0.0,0.0,0.0,0.0,0.0,0.0,0.0,0.0,0.0,0.0,0.0,0.0,0.0,0.0,0.0,0.0,42.17896571760605,0.0,0.0,0.0,0.0,0.0,0.0,0.0,0.0,0.0,0.0,0.0,0.0,0.0,0.0,0.0,0.0,0.0,0.0,0.0,0.0,0.0,0.0,0.0,0.0,0.0,0.0,0.0,0.0,0.0,0.0,0.0,0.0,0.0,0.0,0.0,20.135922330097088,0.0,0.0,0.0,0.0,0.0,0.0,0.0,0.0,0.0,0.0,0.0,0.0,0.0,0.0,0.0,0.0,0.0,0.0,0.0,0.0,0.0,0.0,0.0,0.0,0.0,0.0,0.0,0.0,0.0,0.0,0.0,0.0,0.0,0.0,0.0,0.0,0.0,0.0,0.0,0.0,0.0,0.0,0.0,0.0,0.0,0.0,0.0,0.0,0.0,0.0,0.0,0.0,0.0,0.0,0.0,0.0,0.0,0.0,0.0,0.0,0.0,0.0,0.0,0.0,0.0,0.0,0.0,0.0,0.0,0.0,0.0,0.0,0.0,0.0,0.0,0.0,0.0,0.0,0.0,0.0,0.0,0.0,0.0,0.0,0.0,0.0,0.0,0.0,0.0,41.39720558882235,0.0,0.0,0.0,0.0,0.0,7.352002835873804,0.0,0.0,0.0,0.0,0.0,0.0,0.0,0.0,0.0,0.0,0.0,0.0,0.0,0.0,0.0,0.0,0.0,0.0,1.838000708968451,0.0,0.0,0.0,0.0,0.0,4.906553110953395,0.0,0.0,0.0,0.0,0.0,0.0,0.0,0.0,12.266382777383487,0.0,0.0,0.0,0.0,0.0,0.0,0.0,0.0,0.0,22.079488999290277,0.0,0.0,0.0,0.0,0.0,0.0,0.0,0.0,0.0,0.0,0.0,0.0,0.0,0.0,0.0,0.0,0.0,0.0,0.0,0.0,0.0,0.0,0.0,0.0,0.0,0.0,0.0,0.0,0.0,0.0,0.0,0.0,0.0,0.0,0.0,0.0,0.0,0.0,0.0,0.0,0.0,0.0,0.0,0.0,0.0,2.4121888811351475,2.4121888811351475,0.0,0.0,0.0
2010-06-01,0.0,0.0,1.0,0.0,0.0,0.0,0.0,0.0,0.0,1.0,1.0,3.0,0.0,0.0,0.0,0.0,0.0,0.0,0.0,0.0,0.0,0.0,0.0,0.0,0.0,0.0,0.0,0.0,0.0,0.0,0.0,30.12783265543289,1.0,0.0,0.0,0.0,0.0,0.0,0.0,0.0,0.0,0.0,0.0,0.0,0.0,0.0,0.0,22.82593972231629,0.0,0.0,0.0,0.0,0.0,0.0,0.0,0.0,0.0,0.0,0.0,0.0,0.0,0.0,0.0,0.0,0.0,0.0,0.0,26.84789644012945,0.0,0.0,0.0,0.0,0.0,0.0,0.0,0.0,0.0,0.0,0.0,0.0,0.0,0.0,0.0,0.0,0.0,0.0,0.0,0.0,0.0,0.0,0.0,0.0,0.0,0.0,0.0,0.0,0.0,0.0,0.0,0.0,0.0,0.0,0.0,0.0,0.0,0.0,0.0,0.0,0.0,0.0,0.0,0.0,0.0,0.0,0.0,0.0,0.0,0.0,0.0,0.0,0.0,0.0,0.0,0.0,0.0,0.0,0.0,0.0,0.0,0.0,0.0,0.0,0.0,0.0,0.0,0.0,0.0,0.0,0.0,0.0,0.0,0.0,0.0,0.0,0.0,0.0,0.0,0.0,0.0,0.0,0.0,0.0,0.0,0.0,0.0,0.0,0.0,41.39720558882235,0.0,0.0,0.0,0.0,0.0,9.190003544842254,0.0,0.0,0.0,0.0,0.0,0.0,0.0,0.0,0.0,0.0,0.0,0.0,0.0,0.0,0.0,0.0,0.0,0.0,3.676001417936902,0.0,0.0,0.0,0.0,0.0,7.359829666430092,0.0,0.0,0.0,0.0,0.0,0.0,0.0,0.0,56.42536077596404,0.0,0.0,0.0,0.0,0.0,0.0,0.0,0.0,0.0,17.17293588833688,0.0,0.0,0.0,0.0,0.0,0.0,0.0,4.824377762270295,0.0,0.0,0.0,0.0,0.0,0.0,0.0,0.0,0.0,0.0,0.0,0.0,0.0,0.0,0.0,0.0,0.0,0.0,0.0,0.0,0.0,0.0,0.0,0.0,0.0,0.0,0.0,0.0,0.0,0.0,0.0,0.0,0.0,0.0,0.0,0.0,0.0,4.824377762270295,4.824377762270295,0.0,0.0,0.0
2010-07-01,0.0,0.0,1.0,0.0,0.0,0.0,0.0,0.0,0.0,0.0,0.0,4.0,0.0,0.0,0.0,0.0,0.0,0.0,0.0,0.0,0.0,0.0,0.0,0.0,0.0,0.0,0.0,0.0,0.0,0.0,0.0,27.1150493898896,1.0,0.0,0.0,0.0,0.0,0.0,36.2438322368421,0.0,0.0,0.0,0.0,0.0,0.0,0.0,0.0,0.0,0.0,0.0,0.0,0.0,0.0,0.0,0.0,0.0,0.0,0.0,0.0,0.0,0.0,0.0,0.0,0.0,0.0,0.0,0.0,26.84789644012945,0.0,0.0,0.0,0.0,0.0,0.0,0.0,0.0,0.0,0.0,0.0,0.0,0.0,0.0,0.0,30.049675727887404,0.0,0.0,0.0,0.0,0.0,0.0,0.0,0.0,0.0,0.0,0.0,0.0,0.0,0.0,0.0,0.0,0.0,0.0,0.0,0.0,47.24373576309795,0.0,0.0,0.0,0.0,0.0,0.0,0.0,0.0,0.0,0.0,0.0,0.0,0.0,0.0,0.0,0.0,0.0,0.0,0.0,0.0,0.0,0.0,0.0,0.0,0.0,0.0,0.0,0.0,0.0,0.0,0.0,0.0,0.0,0.0,0.0,0.0,0.0,0.0,0.0,0.0,0.0,0.0,0.0,0.0,0.0,0.0,0.0,0.0,0.0,0.0,0.0,0.0,103.49301397205588,0.0,0.0,0.0,0.0,0.0,11.028004253810705,0.0,0.0,0.0,0.0,0.0,0.0,0.0,0.0,0.0,0.0,0.0,0.0,0.0,0.0,0.0,0.0,0.0,0.0,5.5140021269053525,0.0,0.0,0.0,0.0,0.0,12.266382777383487,0.0,0.0,0.0,0.0,0.0,0.0,0.0,0.0,9.81310622190679,0.0,0.0,0.0,0.0,0.0,0.0,0.0,0.0,0.0,24.532765554766975,0.0,0.0,0.0,0.0,0.0,0.0,0.0,9.64875552454059,0.0,0.0,0.0,0.0,0.0,0.0,0.0,0.0,0.0,0.0,0.0,0.0,0.0,0.0,0.0,0.0,0.0,0.0,0.0,0.0,0.0,0.0,0.0,0.0,0.0,0.0,0.0,0.0,0.0,0.0,0.0,0.0,0.0,0.0,0.0,0.0,0.0,9.64875552454059,4.824377762270295,0.0,0.0,0.0
2010-08-01,0.0,0.0,2.0,0.0,0.0,0.0,0.0,0.0,0.0,2.0,1.0,6.0,0.0,0.0,0.0,0.0,0.0,0.0,0.0,0.0,0.0,0.0,0.0,0.0,0.0,0.0,0.0,0.0,0.0,0.0,0.0,30.12783265543289,0.0,0.0,0.0,0.0,0.0,0.0,0.0,0.0,0.0,24.975915221579964,0.0,0.0,0.0,0.0,0.0,28.093464273620047,0.0,0.0,0.0,0.0,0.0,0.0,0.0,0.0,0.0,0.0,0.0,0.0,0.0,0.0,0.0,0.0,0.0,0.0,0.0,26.84789644012945,0.0,0.0,0.0,0.0,0.0,0.0,0.0,0.0,0.0,0.0,0.0,0.0,0.0,0.0,0.0,57.237477576928384,0.0,0.0,0.0,0.0,0.0,0.0,0.0,0.0,0.0,0.0,0.0,0.0,0.0,0.0,0.0,0.0,0.0,0.0,0.0,0.0,0.0,0.0,0.0,0.0,0.0,0.0,0.0,0.0,0.0,0.0,0.0,0.0,0.0,0.0,0.0,0.0,0.0,0.0,0.0,0.0,0.0,0.0,0.0,0.0,0.0,0.0,0.0,0.0,0.0,0.0,0.0,0.0,0.0,0.0,0.0,0.0,0.0,0.0,0.0,0.0,0.0,0.0,0.0,0.0,0.0,0.0,0.0,0.0,0.0,0.0,0.0,0.0,0.0,165.5888223552894,0.0,0.0,0.0,0.0,0.0,14.704005671747607,0.0,0.0,1.838000708968451,0.0,0.0,0.0,0.0,0.0,0.0,1.838000708968451,0.0,0.0,0.0,0.0,0.0,0.0,0.0,0.0,9.190003544842254,1.838000708968451,0.0,0.0,0.0,0.0,14.719659332860184,0.0,0.0,0.0,0.0,0.0,0.0,0.0,0.0,7.359829666430092,0.0,0.0,0.0,0.0,0.0,0.0,0.0,0.0,0.0,24.532765554766975,0.0,0.0,0.0,0.0,0.0,0.0,0.0,4.824377762270295,0.0,0.0,0.0,0.0,0.0,0.0,0.0,0.0,0.0,0.0,0.0,0.0,0.0,0.0,0.0,0.0,0.0,0.0,0.0,0.0,0.0,0.0,0.0,0.0,0.0,0.0,0.0,0.0,0.0,0.0,0.0,0.0,0.0,0.0,0.0,0.0,0.0,31.358455454756918,2.4121888811351475,0.0,0.0,0.0
2010-09-01,0.0,0.0,1.0,0.0,0.0,0.0,0.0,0.0,0.0,1.0,1.0,7.0,0.0,0.0,0.0,0.0,0.0,0.0,0.0,0.0,0.0,0.0,1.0,0.0,0.0,0.0,0.0,0.0,0.0,0.0,3.012783265543289,27.1150493898896,1.0,0.0,0.0,0.0,0.0,0.0,0.0,0.0,0.0,0.0,0.0,0.0,0.0,0.0,0.0,31.605147307822552,0.0,0.0,0.0,0.0,0.0,0.0,0.0,0.0,0.0,0.0,0.0,0.0,0.0,0.0,0.0,0.0,0.0,0.0,0.0,46.983818770226534,0.0,0.0,0.0,0.0,0.0,0.0,0.0,0.0,0.0,0.0,0.0,0.0,0.0,0.0,0.0,31.480612667310613,0.0,0.0,0.0,0.0,0.0,0.0,0.0,0.0,0.0,0.0,0.0,0.0,0.0,0.0,0.0,0.0,0.0,0.0,0.0,0.0,0.0,0.0,0.0,0.0,0.0,0.0,0.0,0.0,0.0,0.0,0.0,0.0,0.0,0.0,0.0,0.0,0.0,0.0,0.0,0.0,0.0,0.0,0.0,0.0,0.0,0.0,0.0,0.0,0.0,0.0,0.0,0.0,0.0,0.0,0.0,0.0,0.0,0.0,0.0,0.0,0.0,0.0,0.0,0.0,0.0,0.0,0.0,0.0,0.0,0.0,0.0,0.0,0.0,144.89021956087822,41.39720558882235,0.0,0.0,0.0,0.0,7.352002835873804,0.0,0.0,1.838000708968451,0.0,0.0,0.0,0.0,0.0,0.0,0.0,0.0,0.0,0.0,0.0,0.0,0.0,0.0,0.0,9.190003544842254,1.838000708968451,0.0,0.0,0.0,0.0,12.266382777383487,0.0,0.0,0.0,0.0,0.0,0.0,0.0,0.0,7.359829666430092,0.0,0.0,0.0,0.0,0.0,0.0,0.0,0.0,0.0,19.62621244381358,0.0,0.0,0.0,0.0,0.0,0.0,0.0,4.824377762270295,0.0,0.0,0.0,0.0,0.0,0.0,0.0,0.0,0.0,0.0,0.0,0.0,0.0,0.0,0.0,0.0,0.0,0.0,0.0,0.0,0.0,0.0,0.0,0.0,0.0,0.0,0.0,0.0,0.0,0.0,0.0,0.0,0.0,0.0,0.0,0.0,0.0,26.534077692486623,7.2365666434054425,0.0,0.0,0.0
2010-10-01,0.0,0.0,0.0,0.0,0.0,0.0,0.0,0.0,0.0,0.0,0.0,5.0,0.0,0.0,0.0,0.0,0.0,0.0,0.0,0.0,0.0,0.0,0.0,0.0,0.0,0.0,0.0,0.0,0.0,0.0,0.0,24.10226612434631,1.0,0.0,0.0,0.0,0.0,0.0,0.0,31.97985197368421,0.0,0.0,0.0,0.0,0.0,0.0,0.0,24.58178123941754,0.0,0.0,0.0,0.0,0.0,0.0,0.0,0.0,0.0,0.0,0.0,0.0,0.0,0.0,0.0,0.0,0.0,0.0,0.0,33.55987055016181,0.0,0.0,0.0,0.0,0.0,0.0,0.0,0.0,0.0,0.0,0.0,0.0,0.0,0.0,0.0,0.0,0.0,0.0,0.0,0.0,0.0,0.0,0.0,0.0,0.0,0.0,0.0,0.0,0.0,0.0,0.0,0.0,0.0,0.0,0.0,0.0,0.0,0.0,0.0,0.0,0.0,0.0,0.0,0.0,0.0,0.0,0.0,0.0,0.0,0.0,0.0,0.0,0.0,0.0,0.0,0.0,0.0,0.0,0.0,0.0,0.0,0.0,0.0,0.0,0.0,0.0,0.0,0.0,0.0,0.0,0.0,0.0,0.0,0.0,0.0,0.0,0.0,0.0,0.0,0.0,0.0,0.0,0.0,0.0,0.0,0.0,0.0,0.0,20.698602794411176,82.7944111776447,0.0,0.0,0.0,0.0,0.0,1.838000708968451,0.0,0.0,0.0,0.0,0.0,0.0,0.0,0.0,0.0,0.0,0.0,0.0,0.0,0.0,0.0,0.0,0.0,0.0,3.676001417936902,0.0,0.0,0.0,0.0,0.0,4.906553110953395,0.0,0.0,0.0,0.0,0.0,0.0,0.0,0.0,7.359829666430092,0.0,0.0,0.0,0.0,0.0,0.0,0.0,0.0,0.0,14.719659332860184,0.0,0.0,0.0,0.0,0.0,0.0,0.0,2.4121888811351475,0.0,0.0,0.0,0.0,0.0,0.0,0.0,0.0,0.0,0.0,2.4121888811351475,0.0,0.0,0.0,0.0,0.0,0.0,0.0,0.0,0.0,0.0,0.0,0.0,0.0,0.0,0.0,0.0,0.0,0.0,0.0,0.0,0.0,0.0,0.0,0.0,0.0,0.0,4.824377762270295,2.4121888811351475,0.0,0.0,0.0
2010-11-01,0.0,0.0,0.0,0.0,0.0,0.0,0.0,0.0,0.0,3.0,0.0,6.0,0.0,0.0,0.0,0.0,0.0,0.0,0.0,0.0,0.0,0.0,0.0,0.0,0.0,0.0,0.0,0.0,0.0,0.0,0.0,33.14061592097618,0.0,0.0,0.0,0.0,0.0,0.0,0.0,0.0,0.0,0.0,0.0,0.0,0.0,26.337622756518794,0.0,26.337622756518794,0.0,0.0,0.0,0.0,0.0,0.0,0.0,0.0,0.0,0.0,0.0,0.0,0.0,0.0,0.0,0.0,0.0,0.0,0.0,60.407766990291265,0.0,0.0,0.0,0.0,0.0,0.0,0.0,0.0,0.0,0.0,0.0,0.0,0.0,0.0,0.0,41.49717124327308,0.0,0.0,0.0,0.0,0.0,0.0,0.0,0.0,0.0,0.0,0.0,0.0,0.0,0.0,0.0,0.0,0.0,0.0,0.0,0.0,0.0,0.0,0.0,0.0,0.0,0.0,0.0,0.0,0.0,0.0,0.0,0.0,0.0,0.0,0.0,0.0,0.0,0.0,0.0,0.0,0.0,0.0,0.0,0.0,0.0,0.0,0.0,0.0,0.0,0.0,0.0,0.0,0.0,0.0,0.0,0.0,0.0,0.0,0.0,0.0,0.0,0.0,0.0,0.0,0.0,0.0,0.0,0.0,0.0,0.0,0.0,0.0,0.0,144.89021956087822,0.0,0.0,0.0,0.0,0.0,1.838000708968451,0.0,0.0,12.866004962779156,0.0,0.0,0.0,0.0,0.0,0.0,0.0,0.0,0.0,0.0,0.0,0.0,0.0,0.0,0.0,20.21800779865296,0.0,0.0,0.0,0.0,0.0,2.4532765554766973,0.0,0.0,0.0,0.0,0.0,0.0,0.0,0.0,19.62621244381358,0.0,0.0,0.0,0.0,0.0,0.0,0.0,0.0,0.0,76.05157321977762,0.0,0.0,0.0,0.0,0.0,0.0,0.0,0.0,0.0,0.0,0.0,0.0,0.0,0.0,0.0,0.0,0.0,0.0,0.0,0.0,0.0,0.0,0.0,0.0,0.0,0.0,0.0,0.0,0.0,0.0,0.0,0.0,0.0,0.0,0.0,0.0,0.0,0.0,0.0,0.0,0.0,0.0,0.0,0.0,0.0,9.64875552454059,2.4121888811351475,0.0,0.0,0.0
2010-12-01,0.0,0.0,0.0,0.0,0.0,0.0,0.0,0.0,0.0,0.0,0.0,3.0,0.0,0.0,0.0,0.0,0.0,0.0,0.0,0.0,0.0,0.0,0.0,0.0,0.0,0.0,0.0,0.0,0.0,0.0,3.012783265543289,18.076699593259733,0.0,0.0,0.0,0.0,0.0,0.0,0.0,0.0,0.0,0.0,0.0,0.0,0.0,0.0,0.0,0.0,0.0,0.0,0.0,0.0,0.0,0.0,0.0,0.0,0.0,0.0,0.0,0.0,0.0,0.0,0.0,0.0,0.0,0.0,20.135922330097088,0.0,0.0,0.0,0.0,0.0,0.0,0.0,0.0,0.0,0.0,0.0,0.0,0.0,0.0,0.0,0.0,0.0,0.0,0.0,0.0,0.0,0.0,0.0,0.0,0.0,0.0,0.0,0.0,0.0,0.0,0.0,0.0,0.0,0.0,0.0,0.0,0.0,0.0,0.0,0.0,0.0,0.0,0.0,0.0,0.0,0.0,0.0,0.0,0.0,0.0,0.0,0.0,0.0,0.0,0.0,0.0,0.0,0.0,0.0,0.0,0.0,0.0,0.0,0.0,0.0,0.0,0.0,0.0,0.0,0.0,0.0,0.0,0.0,0.0,0.0,0.0,0.0,0.0,0.0,0.0,0.0,0.0,0.0,0.0,0.0,0.0,0.0,0.0,0.0,0.0,62.09580838323353,0.0,0.0,0.0,0.0,0.0,0.0,0.0,0.0,0.0,0.0,0.0,0.0,0.0,0.0,0.0,0.0,0.0,0.0,0.0,0.0,0.0,0.0,0.0,0.0,3.676001417936902,0.0,0.0,0.0,0.0,0.0,0.0,0.0,0.0,0.0,0.0,0.0,0.0,0.0,0.0,26.98604211024367,0.0,0.0,0.0,0.0,0.0,0.0,0.0,0.0,0.0,12.266382777383487,0.0,0.0,0.0,0.0,0.0,0.0,0.0,0.0,0.0,0.0,0.0,0.0,0.0,0.0,0.0,0.0,0.0,0.0,2.4121888811351475,0.0,0.0,0.0,0.0,0.0,0.0,0.0,0.0,0.0,0.0,0.0,0.0,0.0,0.0,0.0,0.0,0.0,0.0,0.0,0.0,0.0,0.0,0.0,0.0,0.0,0.0,2.4121888811351475,0.0,0.0,0.0,0.0
2011-01-01,0.0,0.0,0.0,0.0,0.0,0.0,0.0,0.0,0.0,1.0,0.0,5.0,0.0,0.0,0.0,0.0,0.0,0.0,0.0,0.0,0.0,0.0,0.0,0.0,0.0,0.0,0.0,0.0,0.0,0.0,0.0,9.038349796629866,1.0,0.0,0.0,0.0,0.0,0.0,0.0,0.0,0.0,0.0,0.0,0.0,0.0,0.0,0.0,28.093464273620047,0.0,0.0,0.0,0.0,0.0,0.0,0.0,0.0,0.0,0.0,0.0,0.0,0.0,0.0,0.0,0.0,0.0,0.0,13.423948220064725,40.271844660194176,0.0,0.0,0.0,0.0,0.0,0.0,0.0,0.0,0.0,0.0,0.0,0.0,0.0,0.0,0.0,24.325927970194563,0.0,0.0,0.0,0.0,0.0,0.0,0.0,0.0,0.0,0.0,0.0,0.0,0.0,0.0,0.0,0.0,0.0,0.0,0.0,0.0,0.0,0.0,0.0,0.0,0.0,0.0,0.0,0.0,0.0,0.0,0.0,0.0,0.0,0.0,0.0,0.0,0.0,0.0,0.0,0.0,0.0,0.0,0.0,0.0,0.0,0.0,0.0,0.0,0.0,0.0,0.0,0.0,0.0,0.0,0.0,0.0,0.0,0.0,0.0,0.0,0.0,0.0,0.0,0.0,0.0,0.0,0.0,0.0,0.0,0.0,0.0,0.0,0.0,62.09580838323353,0.0,0.0,0.0,0.0,0.0,0.0,0.0,0.0,0.0,0.0,0.0,0.0,0.0,0.0,0.0,0.0,0.0,0.0,0.0,0.0,0.0,0.0,0.0,0.0,3.676001417936902,0.0,0.0,0.0,0.0,0.0,0.0,0.0,0.0,0.0,0.0,0.0,0.0,0.0,0.0,17.17293588833688,0.0,0.0,0.0,0.0,0.0,0.0,0.0,0.0,0.0,7.359829666430092,0.0,0.0,0.0,0.0,0.0,0.0,0.0,0.0,0.0,0.0,0.0,0.0,0.0,0.0,0.0,0.0,0.0,0.0,0.0,0.0,0.0,0.0,0.0,0.0,0.0,0.0,0.0,0.0,0.0,0.0,0.0,0.0,0.0,0.0,0.0,0.0,0.0,0.0,0.0,0.0,0.0,0.0,0.0,0.0,0.0,2.4121888811351475,0.0,0.0,0.0,0.0
2011-02-01,0.0,0.0,0.0,0.0,0.0,0.0,0.0,0.0,0.0,0.0,0.0,4.0,0.0,0.0,0.0,0.0,0.0,0.0,1.0,0.0,0.0,0.0,0.0,0.0,0.0,0.0,0.0,0.0,0.0,0.0,0.0,6.025566531086578,0.0,0.0,0.0,0.0,0.0,0.0,0.0,0.0,0.0,0.0,0.0,0.0,0.0,0.0,0.0,22.82593972231629,16.625250501002004,0.0,0.0,0.0,0.0,0.0,0.0,0.0,0.0,0.0,0.0,0.0,0.0,0.0,0.0,0.0,0.0,0.0,13.423948220064725,33.55987055016181,0.0,0.0,0.0,0.0,0.0,0.0,0.0,0.0,0.0,0.0,0.0,0.0,0.0,0.0,0.0,20.033117151924934,0.0,0.0,0.0,0.0,0.0,0.0,0.0,0.0,0.0,0.0,0.0,0.0,0.0,0.0,0.0,0.0,0.0,0.0,0.0,0.0,0.0,0.0,0.0,0.0,0.0,0.0,0.0,0.0,0.0,0.0,0.0,0.0,0.0,0.0,0.0,0.0,0.0,0.0,0.0,0.0,0.0,0.0,0.0,0.0,0.0,0.0,0.0,0.0,0.0,0.0,0.0,0.0,0.0,0.0,0.0,0.0,0.0,0.0,0.0,0.0,0.0,0.0,0.0,0.0,0.0,0.0,0.0,0.0,0.0,0.0,0.0,0.0,0.0,62.09580838323353,0.0,0.0,0.0,0.0,0.0,1.838000708968451,0.0,0.0,0.0,0.0,0.0,0.0,0.0,0.0,0.0,0.0,0.0,0.0,0.0,0.0,0.0,0.0,0.0,0.0,3.676001417936902,0.0,0.0,0.0,0.0,0.0,2.4532765554766973,0.0,0.0,0.0,0.0,0.0,0.0,0.0,0.0,12.266382777383487,0.0,0.0,0.0,0.0,0.0,0.0,0.0,0.0,0.0,7.359829666430092,0.0,0.0,0.0,0.0,0.0,0.0,0.0,0.0,0.0,0.0,0.0,0.0,0.0,0.0,0.0,0.0,0.0,0.0,2.4121888811351475,0.0,0.0,0.0,0.0,0.0,0.0,0.0,0.0,0.0,0.0,0.0,0.0,0.0,0.0,0.0,0.0,0.0,0.0,0.0,0.0,0.0,0.0,0.0,0.0,0.0,0.0,2.4121888811351475,0.0,0.0,0.0,0.0
2011-03-01,0.0,0.0,0.0,0.0,0.0,0.0,0.0,0.0,0.0,0.0,0.0,4.0,0.0,0.0,0.0,0.0,0.0,0.0,0.0,0.0,1.0,0.0,0.0,0.0,0.0,0.0,0.0,0.0,0.0,0.0,0.0,6.025566531086578,0.0,0.0,0.0,0.0,0.0,0.0,0.0,0.0,0.0,0.0,0.0,0.0,0.0,0.0,0.0,14.046732136810023,0.0,0.0,0.0,0.0,0.0,0.0,0.0,0.0,0.0,0.0,0.0,0.0,0.0,0.0,0.0,0.0,0.0,0.0,20.135922330097088,26.84789644012945,0.0,0.0,0.0,0.0,0.0,0.0,0.0,0.0,0.0,0.0,0.0,0.0,0.0,0.0,0.0,0.0,0.0,0.0,0.0,0.0,0.0,0.0,0.0,0.0,0.0,0.0,0.0,0.0,0.0,0.0,0.0,0.0,0.0,0.0,0.0,0.0,0.0,0.0,0.0,0.0,0.0,0.0,0.0,0.0,0.0,0.0,0.0,0.0,0.0,0.0,0.0,0.0,0.0,0.0,0.0,0.0,0.0,0.0,0.0,0.0,0.0,0.0,0.0,0.0,0.0,0.0,0.0,0.0,0.0,0.0,0.0,0.0,0.0,0.0,0.0,0.0,0.0,0.0,0.0,0.0,0.0,0.0,0.0,0.0,0.0,0.0,0.0,0.0,0.0,41.39720558882235,0.0,0.0,0.0,0.0,0.0,1.838000708968451,0.0,0.0,0.0,0.0,0.0,0.0,0.0,0.0,0.0,0.0,0.0,0.0,0.0,0.0,0.0,0.0,0.0,0.0,1.838000708968451,0.0,0.0,0.0,0.0,0.0,0.0,0.0,0.0,0.0,0.0,0.0,0.0,0.0,0.0,9.81310622190679,0.0,0.0,0.0,0.0,0.0,0.0,0.0,0.0,0.0,4.906553110953395,0.0,0.0,0.0,0.0,0.0,0.0,0.0,0.0,0.0,0.0,0.0,0.0,0.0,0.0,0.0,0.0,0.0,0.0,2.4121888811351475,0.0,0.0,0.0,0.0,0.0,0.0,0.0,0.0,0.0,0.0,0.0,0.0,0.0,0.0,0.0,0.0,0.0,0.0,0.0,0.0,0.0,0.0,0.0,0.0,0.0,0.0,2.4121888811351475,0.0,0.0,0.0,0.0
2011-04-01,0.0,0.0,1.0,0.0,0.0,0.0,0.0,0.0,0.0,1.0,0.0,4.0,0.0,0.0,0.0,0.0,0.0,0.0,0.0,0.0,0.0,0.0,0.0,0.0,0.0,0.0,0.0,0.0,0.0,0.0,0.0,6.025566531086578,0.0,0.0,0.0,0.0,0.0,0.0,0.0,0.0,0.0,0.0,0.0,0.0,0.0,0.0,0.0,0.0,0.0,0.0,0.0,0.0,0.0,0.0,0.0,0.0,0.0,0.0,0.0,0.0,0.0,0.0,0.0,0.0,0.0,0.0,13.423948220064725,20.135922330097088,0.0,0.0,0.0,0.0,0.0,0.0,0.0,0.0,0.0,0.0,0.0,0.0,0.0,0.0,0.0,0.0,0.0,0.0,0.0,0.0,0.0,0.0,0.0,0.0,0.0,0.0,0.0,0.0,0.0,0.0,0.0,0.0,0.0,0.0,0.0,0.0,0.0,0.0,0.0,0.0,0.0,0.0,0.0,0.0,0.0,0.0,0.0,0.0,0.0,0.0,0.0,0.0,0.0,0.0,0.0,0.0,0.0,0.0,0.0,0.0,0.0,0.0,0.0,0.0,0.0,0.0,0.0,0.0,0.0,0.0,0.0,0.0,0.0,0.0,0.0,0.0,0.0,0.0,0.0,0.0,0.0,0.0,0.0,0.0,0.0,0.0,0.0,0.0,0.0,41.39720558882235,0.0,0.0,0.0,0.0,0.0,3.676001417936902,0.0,0.0,0.0,0.0,0.0,0.0,0.0,0.0,0.0,0.0,0.0,0.0,0.0,0.0,0.0,0.0,0.0,0.0,1.838000708968451,0.0,0.0,0.0,0.0,0.0,2.4532765554766973,0.0,0.0,0.0,0.0,0.0,0.0,0.0,0.0,9.81310622190679,0.0,0.0,0.0,0.0,0.0,0.0,0.0,0.0,0.0,7.359829666430092,0.0,0.0,0.0,0.0,0.0,0.0,0.0,0.0,0.0,0.0,0.0,0.0,0.0,0.0,0.0,0.0,0.0,0.0,2.4121888811351475,0.0,0.0,0.0,0.0,0.0,0.0,0.0,0.0,0.0,0.0,0.0,0.0,0.0,0.0,0.0,0.0,0.0,0.0,0.0,0.0,0.0,0.0,0.0,0.0,0.0,0.0,2.4121888811351475,0.0,0.0,0.0,0.0
2011-05-01,0.0,0.0,1.0,0.0,0.0,0.0,0.0,0.0,0.0,1.0,1.0,4.0,0.0,0.0,0.0,0.0,0.0,0.0,0.0,0.0,0.0,0.0,0.0,0.0,0.0,0.0,0.0,0.0,0.0,0.0,0.0,6.025566531086578,1.0,0.0,0.0,0.0,0.0,0.0,0.0,0.0,0.0,0.0,0.0,0.0,0.0,0.0,0.0,15.802573653911276,0.0,0.0,0.0,0.0,0.0,0.0,0.0,0.0,0.0,0.0,0.0,0.0,0.0,0.0,0.0,0.0,0.0,0.0,13.423948220064725,26.84789644012945,0.0,0.0,0.0,0.0,0.0,0.0,0.0,0.0,0.0,0.0,0.0,0.0,0.0,0.0,0.0,17.171243273078517,0.0,0.0,0.0,0.0,0.0,0.0,0.0,0.0,0.0,0.0,0.0,0.0,0.0,0.0,0.0,0.0,0.0,0.0,0.0,0.0,0.0,0.0,0.0,0.0,0.0,0.0,0.0,0.0,0.0,0.0,0.0,0.0,0.0,0.0,0.0,0.0,0.0,0.0,0.0,0.0,0.0,0.0,0.0,0.0,0.0,0.0,0.0,0.0,0.0,0.0,0.0,0.0,0.0,0.0,0.0,0.0,0.0,0.0,0.0,0.0,0.0,0.0,0.0,0.0,0.0,0.0,0.0,0.0,0.0,0.0,0.0,0.0,0.0,62.09580838323353,0.0,0.0,0.0,0.0,0.0,5.5140021269053525,0.0,0.0,0.0,0.0,0.0,0.0,0.0,0.0,0.0,0.0,0.0,0.0,0.0,0.0,0.0,0.0,0.0,0.0,1.838000708968451,0.0,0.0,0.0,0.0,0.0,4.906553110953395,0.0,0.0,0.0,0.0,0.0,0.0,0.0,0.0,14.719659332860184,0.0,0.0,0.0,0.0,0.0,0.0,0.0,0.0,0.0,4.906553110953395,0.0,0.0,0.0,0.0,0.0,0.0,0.0,2.4121888811351475,0.0,0.0,0.0,0.0,0.0,0.0,0.0,0.0,0.0,0.0,0.0,0.0,0.0,0.0,0.0,0.0,0.0,0.0,0.0,0.0,0.0,0.0,0.0,0.0,0.0,0.0,0.0,0.0,0.0,0.0,0.0,0.0,0.0,0.0,0.0,0.0,0.0,2.4121888811351475,2.4121888811351475,0.0,0.0,0.0
2011-06-01,0.0,0.0,2.0,0.0,0.0,0.0,0.0,0.0,0.0,0.0,1.0,3.0,0.0,0.0,0.0,0.0,0.0,0.0,0.0,0.0,0.0,0.0,0.0,0.0,0.0,0.0,0.0,0.0,0.0,0.0,0.0,6.025566531086578,1.0,0.0,0.0,0.0,0.0,0.0,17.05592105263158,0.0,0.0,0.0,0.0,0.0,0.0,0.0,0.0,17.55841517101253,0.0,0.0,0.0,0.0,0.0,0.0,0.0,0.0,0.0,0.0,0.0,0.0,0.0,0.0,0.0,0.0,0.0,0.0,13.423948220064725,20.135922330097088,0.0,0.0,0.0,0.0,0.0,0.0,0.0,0.0,0.0,0.0,0.0,0.0,0.0,0.0,0.0,0.0,0.0,0.0,0.0,0.0,0.0,0.0,0.0,0.0,0.0,0.0,0.0,0.0,0.0,0.0,0.0,0.0,0.0,0.0,0.0,0.0,0.0,0.0,0.0,0.0,0.0,0.0,0.0,0.0,0.0,0.0,0.0,0.0,0.0,0.0,0.0,0.0,0.0,0.0,0.0,0.0,0.0,0.0,0.0,0.0,0.0,0.0,0.0,0.0,0.0,0.0,0.0,0.0,0.0,0.0,0.0,0.0,0.0,0.0,0.0,0.0,0.0,0.0,0.0,0.0,0.0,0.0,0.0,0.0,0.0,0.0,0.0,0.0,0.0,62.09580838323353,0.0,0.0,0.0,0.0,0.0,7.352002835873804,0.0,0.0,0.0,0.0,0.0,0.0,0.0,0.0,0.0,0.0,0.0,0.0,0.0,0.0,0.0,0.0,0.0,0.0,1.838000708968451,0.0,0.0,0.0,0.0,0.0,9.81310622190679,0.0,0.0,0.0,0.0,0.0,0.0,0.0,0.0,73.59829666430092,0.0,0.0,0.0,0.0,0.0,0.0,0.0,0.0,0.0,4.906553110953395,0.0,0.0,0.0,0.0,0.0,0.0,0.0,2.4121888811351475,0.0,0.0,0.0,0.0,0.0,0.0,0.0,0.0,0.0,0.0,0.0,0.0,0.0,0.0,0.0,0.0,0.0,0.0,0.0,0.0,0.0,0.0,0.0,0.0,0.0,0.0,0.0,0.0,0.0,0.0,0.0,0.0,0.0,0.0,0.0,0.0,0.0,2.4121888811351475,2.4121888811351475,0.0,0.0,0.0
2011-07-01,0.0,0.0,2.0,0.0,0.0,0.0,0.0,0.0,0.0,1.0,0.0,3.0,0.0,0.0,0.0,0.0,0.0,0.0,0.0,0.0,0.0,0.0,0.0,0.0,0.0,0.0,0.0,0.0,0.0,0.0,0.0,6.025566531086578,1.0,0.0,0.0,0.0,0.0,0.0,0.0,0.0,0.0,0.0,0.0,0.0,0.0,0.0,0.0,0.0,0.0,0.0,0.0,0.0,0.0,0.0,0.0,0.0,0.0,0.0,0.0,0.0,0.0,0.0,0.0,0.0,0.0,0.0,0.0,0.0,0.0,0.0,0.0,0.0,0.0,0.0,30.79762409843021,0.0,0.0,0.0,0.0,0.0,0.0,0.0,0.0,32.91154960673382,0.0,0.0,0.0,0.0,26.37264087806184,0.0,0.0,0.0,0.0,0.0,0.0,0.0,0.0,0.0,0.0,0.0,0.0,0.0,0.0,0.0,0.0,0.0,0.0,0.0,0.0,0.0,0.0,0.0,0.0,0.0,0.0,0.0,0.0,0.0,0.0,0.0,0.0,0.0,0.0,0.0,0.0,0.0,0.0,0.0,0.0,0.0,0.0,0.0,0.0,0.0,0.0,0.0,0.0,0.0,0.0,0.0,0.0,0.0,0.0,0.0,0.0,0.0,0.0,0.0,0.0,18.044438495515994,0.0,0.0,0.0,0.0,0.0,0.0,0.0,62.09580838323353,0.0,0.0,0.0,0.0,0.0,9.190003544842254,0.0,0.0,0.0,0.0,0.0,0.0,0.0,0.0,0.0,0.0,0.0,0.0,0.0,0.0,0.0,0.0,0.0,0.0,3.676001417936902,0.0,0.0,0.0,0.0,0.0,12.266382777383487,0.0,0.0,0.0,0.0,0.0,0.0,0.0,0.0,9.81310622190679,0.0,0.0,0.0,0.0,0.0,0.0,0.0,0.0,0.0,4.906553110953395,0.0,0.0,0.0,0.0,0.0,0.0,0.0,2.4121888811351475,0.0,0.0,0.0,0.0,0.0,0.0,0.0,0.0,0.0,0.0,0.0,0.0,0.0,0.0,0.0,0.0,0.0,0.0,0.0,0.0,0.0,0.0,0.0,0.0,0.0,0.0,0.0,0.0,0.0,0.0,0.0,0.0,0.0,0.0,0.0,0.0,0.0,2.4121888811351475,2.4121888811351475,0.0,0.0,0.0
2011-08-01,0.0,0.0,2.0,0.0,0.0,0.0,0.0,0.0,0.0,0.0,1.0,4.0,0.0,0.0,0.0,0.0,0.0,0.0,0.0,0.0,1.0,1.0,1.0,0.0,0.0,0.0,0.0,0.0,0.0,0.0,0.0,6.025566531086578,0.0,0.0,0.0,0.0,0.0,0.0,0.0,0.0,0.0,0.0,0.0,0.0,0.0,0.0,0.0,0.0,0.0,0.0,0.0,0.0,0.0,0.0,0.0,0.0,0.0,0.0,0.0,0.0,0.0,0.0,0.0,0.0,0.0,0.0,13.423948220064725,26.84789644012945,0.0,0.0,0.0,0.0,0.0,0.0,17.59864234196012,0.0,0.0,0.0,0.0,0.0,0.0,0.0,0.0,20.033117151924934,0.0,0.0,0.0,0.0,0.0,0.0,0.0,0.0,0.0,0.0,0.0,0.0,0.0,0.0,0.0,0.0,0.0,0.0,0.0,0.0,0.0,0.0,0.0,0.0,0.0,0.0,0.0,0.0,0.0,0.0,0.0,0.0,0.0,0.0,0.0,0.0,0.0,0.0,0.0,0.0,0.0,0.0,0.0,0.0,0.0,0.0,0.0,0.0,0.0,0.0,0.0,0.0,0.0,0.0,0.0,0.0,0.0,0.0,0.0,0.0,0.0,0.0,0.0,0.0,0.0,0.0,0.0,0.0,0.0,0.0,0.0,0.0,0.0,62.09580838323353,0.0,0.0,0.0,0.0,0.0,12.866004962779156,0.0,0.0,0.0,0.0,0.0,0.0,0.0,0.0,0.0,0.0,0.0,0.0,0.0,0.0,0.0,0.0,0.0,0.0,3.676001417936902,0.0,0.0,0.0,0.0,0.0,17.17293588833688,0.0,0.0,0.0,0.0,0.0,0.0,0.0,0.0,7.359829666430092,0.0,0.0,0.0,0.0,0.0,0.0,0.0,0.0,0.0,7.359829666430092,0.0,0.0,0.0,0.0,0.0,0.0,0.0,4.824377762270295,0.0,0.0,0.0,0.0,0.0,0.0,0.0,0.0,0.0,0.0,0.0,0.0,0.0,0.0,0.0,0.0,0.0,0.0,0.0,0.0,0.0,0.0,0.0,0.0,0.0,0.0,0.0,0.0,0.0,0.0,0.0,0.0,0.0,0.0,0.0,0.0,0.0,2.4121888811351475,2.4121888811351475,0.0,0.0,0.0
2011-09-01,0.0,0.0,2.0,0.0,0.0,0.0,0.0,0.0,0.0,1.0,1.0,6.0,0.0,0.0,0.0,0.0,0.0,0.0,0.0,0.0,0.0,0.0,0.0,0.0,1.0,0.0,0.0,2.0,3.012783265543289,0.0,0.0,9.038349796629866,1.0,0.0,0.0,0.0,0.0,0.0,0.0,0.0,0.0,0.0,0.0,0.0,0.0,0.0,0.0,17.55841517101253,0.0,0.0,0.0,0.0,0.0,0.0,0.0,0.0,0.0,0.0,0.0,0.0,0.0,0.0,0.0,0.0,0.0,0.0,20.135922330097088,33.55987055016181,0.0,0.0,0.0,0.0,0.0,0.0,65.99490878235045,0.0,0.0,0.0,0.0,0.0,0.0,0.0,0.0,41.49717124327308,0.0,0.0,0.0,0.0,0.0,0.0,0.0,0.0,0.0,0.0,0.0,0.0,0.0,0.0,0.0,0.0,0.0,0.0,0.0,0.0,0.0,0.0,0.0,0.0,0.0,0.0,0.0,0.0,0.0,0.0,0.0,0.0,0.0,0.0,0.0,0.0,0.0,0.0,0.0,0.0,0.0,0.0,0.0,0.0,0.0,0.0,0.0,0.0,0.0,0.0,0.0,0.0,0.0,0.0,0.0,0.0,0.0,0.0,0.0,0.0,0.0,0.0,0.0,0.0,0.0,0.0,0.0,0.0,0.0,0.0,0.0,0.0,20.698602794411176,103.49301397205588,0.0,0.0,0.0,0.0,0.0,9.190003544842254,0.0,0.0,0.0,0.0,0.0,0.0,0.0,0.0,0.0,0.0,0.0,0.0,0.0,0.0,0.0,0.0,0.0,0.0,3.676001417936902,0.0,0.0,0.0,0.0,0.0,12.266382777383487,0.0,0.0,0.0,0.0,0.0,0.0,0.0,0.0,7.359829666430092,0.0,0.0,0.0,0.0,0.0,0.0,0.0,0.0,0.0,4.906553110953395,0.0,0.0,0.0,0.0,0.0,0.0,0.0,2.4121888811351475,0.0,0.0,0.0,0.0,0.0,0.0,0.0,0.0,0.0,0.0,0.0,0.0,0.0,0.0,0.0,0.0,0.0,0.0,0.0,0.0,0.0,0.0,0.0,0.0,0.0,0.0,0.0,0.0,0.0,0.0,0.0,0.0,0.0,0.0,0.0,0.0,0.0,2.4121888811351475,2.4121888811351475,0.0,0.0,0.0
2011-10-01,0.0,0.0,1.0,0.0,0.0,0.0,0.0,0.0,0.0,1.0,0.0,4.0,0.0,0.0,0.0,0.0,0.0,0.0,0.0,0.0,0.0,0.0,0.0,0.0,0.0,0.0,0.0,0.0,0.0,0.0,0.0,6.025566531086578,0.0,0.0,0.0,0.0,0.0,0.0,0.0,0.0,0.0,0.0,0.0,0.0,0.0,0.0,0.0,0.0,0.0,0.0,0.0,0.0,0.0,0.0,0.0,0.0,0.0,0.0,0.0,0.0,0.0,0.0,0.0,0.0,0.0,0.0,0.0,26.84789644012945,0.0,0.0,0.0,0.0,0.0,0.0,21.998302927450148,0.0,0.0,0.0,0.0,0.0,0.0,0.0,0.0,20.033117151924934,0.0,0.0,0.0,0.0,0.0,0.0,0.0,0.0,0.0,0.0,0.0,0.0,0.0,0.0,0.0,0.0,0.0,0.0,0.0,0.0,0.0,0.0,0.0,0.0,0.0,0.0,0.0,0.0,0.0,0.0,0.0,16.656404765091686,0.0,0.0,0.0,0.0,0.0,0.0,0.0,0.0,0.0,0.0,0.0,0.0,0.0,0.0,0.0,0.0,0.0,0.0,0.0,0.0,0.0,0.0,0.0,0.0,0.0,0.0,0.0,0.0,0.0,0.0,0.0,0.0,0.0,0.0,0.0,0.0,0.0,0.0,0.0,0.0,20.698602794411176,62.09580838323353,0.0,0.0,0.0,0.0,0.0,3.676001417936902,0.0,0.0,0.0,0.0,0.0,0.0,0.0,0.0,0.0,0.0,0.0,0.0,0.0,0.0,0.0,0.0,0.0,0.0,1.838000708968451,0.0,0.0,0.0,0.0,0.0,4.906553110953395,0.0,0.0,0.0,0.0,0.0,0.0,0.0,0.0,9.81310622190679,0.0,0.0,0.0,0.0,0.0,0.0,0.0,0.0,0.0,7.359829666430092,0.0,0.0,0.0,0.0,0.0,0.0,0.0,2.4121888811351475,0.0,0.0,0.0,0.0,0.0,0.0,0.0,0.0,0.0,0.0,0.0,0.0,0.0,0.0,0.0,0.0,0.0,0.0,0.0,0.0,0.0,0.0,0.0,0.0,0.0,0.0,0.0,0.0,0.0,0.0,0.0,0.0,0.0,0.0,0.0,0.0,0.0,2.4121888811351475,0.0,0.0,0.0,0.0
2011-11-01,0.0,0.0,1.0,0.0,0.0,0.0,0.0,0.0,0.0,0.0,1.0,5.0,0.0,0.0,0.0,0.0,0.0,0.0,0.0,0.0,0.0,0.0,0.0,0.0,0.0,0.0,0.0,0.0,0.0,0.0,0.0,9.038349796629866,0.0,0.0,0.0,0.0,0.0,0.0,0.0,0.0,0.0,0.0,0.0,0.0,0.0,0.0,0.0,12.29089061970877,0.0,0.0,0.0,0.0,0.0,0.0,0.0,0.0,0.0,0.0,0.0,0.0,0.0,0.0,0.0,0.0,0.0,0.0,13.423948220064725,26.84789644012945,0.0,0.0,0.0,0.0,0.0,0.0,0.0,0.0,0.0,0.0,0.0,0.0,0.0,0.0,0.0,18.602180212501725,0.0,0.0,0.0,0.0,0.0,0.0,0.0,0.0,0.0,0.0,0.0,0.0,0.0,0.0,0.0,0.0,0.0,0.0,0.0,0.0,0.0,0.0,0.0,0.0,0.0,0.0,0.0,0.0,0.0,0.0,0.0,16.656404765091686,0.0,0.0,0.0,0.0,0.0,0.0,0.0,0.0,0.0,0.0,0.0,0.0,0.0,0.0,0.0,0.0,0.0,0.0,0.0,0.0,0.0,0.0,0.0,0.0,0.0,0.0,0.0,0.0,0.0,0.0,0.0,0.0,0.0,0.0,0.0,0.0,0.0,0.0,0.0,0.0,0.0,41.39720558882235,0.0,0.0,0.0,0.0,0.0,1.838000708968451,0.0,0.0,0.0,0.0,0.0,0.0,0.0,0.0,0.0,0.0,0.0,0.0,0.0,0.0,0.0,0.0,0.0,0.0,1.838000708968451,0.0,0.0,0.0,0.0,0.0,2.4532765554766973,0.0,0.0,0.0,0.0,0.0,0.0,0.0,0.0,17.17293588833688,0.0,0.0,0.0,0.0,0.0,0.0,0.0,0.0,0.0,9.81310622190679,0.0,0.0,0.0,0.0,0.0,0.0,0.0,0.0,0.0,0.0,0.0,0.0,0.0,0.0,0.0,0.0,0.0,0.0,0.0,0.0,0.0,0.0,0.0,0.0,0.0,0.0,0.0,0.0,0.0,0.0,0.0,0.0,0.0,0.0,0.0,0.0,0.0,0.0,0.0,0.0,0.0,0.0,0.0,0.0,0.0,2.4121888811351475,0.0,0.0,0.0,0.0
2011-12-01,0.0,0.0,0.0,0.0,0.0,0.0,0.0,0.0,0.0,1.0,0.0,4.0,0.0,0.0,0.0,0.0,0.0,1.0,0.0,0.0,0.0,0.0,0.0,0.0,0.0,0.0,0.0,0.0,0.0,0.0,0.0,6.025566531086578,0.0,0.0,0.0,0.0,0.0,0.0,0.0,0.0,0.0,0.0,0.0,0.0,0.0,0.0,0.0,12.29089061970877,0.0,0.0,0.0,0.0,0.0,0.0,0.0,0.0,0.0,0.0,0.0,0.0,0.0,0.0,0.0,0.0,0.0,0.0,0.0,13.423948220064725,0.0,0.0,0.0,0.0,0.0,0.0,0.0,0.0,0.0,0.0,0.0,0.0,0.0,0.0,0.0,17.171243273078517,0.0,0.0,0.0,0.0,0.0,0.0,0.0,0.0,0.0,0.0,0.0,0.0,0.0,0.0,0.0,0.0,0.0,0.0,0.0,0.0,0.0,0.0,0.0,0.0,0.0,0.0,0.0,0.0,0.0,0.0,0.0,0.0,0.0,0.0,0.0,0.0,0.0,0.0,0.0,0.0,0.0,0.0,0.0,0.0,0.0,0.0,0.0,0.0,0.0,0.0,0.0,0.0,0.0,0.0,0.0,0.0,0.0,0.0,0.0,0.0,0.0,0.0,0.0,0.0,0.0,0.0,0.0,0.0,0.0,0.0,0.0,0.0,0.0,41.39720558882235,0.0,0.0,0.0,0.0,0.0,0.0,0.0,0.0,0.0,0.0,0.0,0.0,0.0,0.0,0.0,0.0,0.0,0.0,0.0,0.0,0.0,0.0,0.0,0.0,1.838000708968451,0.0,0.0,0.0,0.0,0.0,0.0,0.0,0.0,0.0,0.0,0.0,0.0,0.0,0.0,29.439318665720368,0.0,0.0,0.0,0.0,0.0,0.0,0.0,0.0,0.0,4.906553110953395,0.0,0.0,0.0,0.0,0.0,0.0,0.0,0.0,0.0,0.0,0.0,0.0,0.0,0.0,0.0,0.0,0.0,0.0,0.0,0.0,0.0,0.0,0.0,0.0,0.0,0.0,0.0,0.0,0.0,0.0,0.0,0.0,0.0,0.0,0.0,0.0,0.0,0.0,0.0,0.0,0.0,0.0,0.0,0.0,0.0,2.4121888811351475,0.0,0.0,0.0,0.0
2012-01-01,0.0,0.0,1.0,0.0,0.0,0.0,0.0,0.0,0.0,1.0,0.0,6.0,0.0,0.0,0.0,0.0,0.0,0.0,0.0,0.0,0.0,0.0,0.0,0.0,0.0,0.0,0.0,0.0,0.0,0.0,0.0,9.038349796629866,1.0,0.0,0.0,0.0,0.0,0.0,0.0,0.0,0.0,0.0,0.0,0.0,0.0,0.0,0.0,21.070098205215036,0.0,0.0,0.0,0.0,0.0,0.0,0.0,0.0,0.0,0.0,0.0,0.0,0.0,0.0,0.0,0.0,0.0,0.0,13.423948220064725,33.55987055016181,0.0,0.0,0.0,0.0,0.0,0.0,0.0,0.0,0.0,0.0,0.0,0.0,0.0,0.0,0.0,21.464054091348146,0.0,0.0,0.0,0.0,0.0,0.0,0.0,0.0,0.0,0.0,0.0,0.0,0.0,0.0,0.0,0.0,0.0,0.0,0.0,0.0,0.0,0.0,0.0,0.0,0.0,0.0,0.0,0.0,0.0,0.0,0.0,0.0,0.0,0.0,0.0,0.0,0.0,0.0,0.0,0.0,0.0,0.0,0.0,0.0,0.0,0.0,0.0,0.0,0.0,0.0,0.0,0.0,0.0,0.0,0.0,0.0,0.0,0.0,0.0,0.0,0.0,0.0,0.0,0.0,0.0,0.0,0.0,0.0,0.0,0.0,0.0,0.0,0.0,62.09580838323353,0.0,0.0,0.0,0.0,0.0,1.838000708968451,0.0,0.0,1.838000708968451,0.0,0.0,0.0,0.0,0.0,0.0,0.0,0.0,0.0,0.0,0.0,0.0,0.0,0.0,0.0,16.542006380716057,0.0,0.0,0.0,0.0,0.0,0.0,0.0,0.0,0.0,0.0,0.0,0.0,0.0,0.0,31.892595221197066,0.0,0.0,0.0,0.0,0.0,0.0,0.0,0.0,0.0,26.98604211024367,0.0,0.0,0.0,0.0,0.0,0.0,0.0,0.0,0.0,0.0,0.0,0.0,0.0,0.0,0.0,0.0,0.0,0.0,0.0,0.0,0.0,0.0,0.0,0.0,0.0,0.0,0.0,0.0,0.0,0.0,0.0,0.0,0.0,0.0,0.0,0.0,0.0,0.0,0.0,0.0,0.0,0.0,0.0,0.0,0.0,2.4121888811351475,0.0,0.0,0.0,0.0
2012-02-01,0.0,0.0,0.0,0.0,0.0,0.0,0.0,0.0,0.0,1.0,1.0,5.0,0.0,0.0,0.0,0.0,0.0,0.0,0.0,0.0,0.0,0.0,0.0,0.0,0.0,0.0,0.0,0.0,0.0,0.0,0.0,9.038349796629866,1.0,0.0,0.0,0.0,0.0,0.0,0.0,0.0,0.0,0.0,0.0,0.0,0.0,0.0,0.0,17.55841517101253,0.0,0.0,0.0,0.0,0.0,0.0,0.0,0.0,0.0,0.0,0.0,0.0,0.0,0.0,0.0,0.0,0.0,0.0,13.423948220064725,26.84789644012945,0.0,0.0,0.0,0.0,0.0,0.0,0.0,0.0,0.0,0.0,0.0,0.0,0.0,0.0,0.0,17.171243273078517,0.0,0.0,0.0,0.0,0.0,0.0,0.0,0.0,0.0,0.0,0.0,0.0,0.0,0.0,0.0,0.0,0.0,0.0,0.0,0.0,0.0,0.0,0.0,0.0,0.0,0.0,0.0,0.0,0.0,0.0,0.0,0.0,0.0,0.0,0.0,0.0,0.0,0.0,0.0,0.0,0.0,0.0,0.0,0.0,0.0,0.0,0.0,0.0,0.0,0.0,0.0,0.0,0.0,0.0,0.0,0.0,0.0,0.0,0.0,0.0,0.0,0.0,0.0,0.0,0.0,0.0,0.0,0.0,0.0,0.0,0.0,0.0,0.0,62.09580838323353,0.0,0.0,0.0,0.0,0.0,0.0,0.0,0.0,0.0,0.0,0.0,0.0,0.0,0.0,0.0,0.0,0.0,0.0,0.0,0.0,0.0,0.0,0.0,0.0,3.676001417936902,0.0,0.0,0.0,0.0,0.0,0.0,0.0,0.0,0.0,0.0,0.0,0.0,0.0,0.0,17.17293588833688,0.0,0.0,0.0,0.0,0.0,0.0,0.0,0.0,0.0,7.359829666430092,0.0,0.0,0.0,0.0,0.0,0.0,0.0,0.0,0.0,0.0,0.0,0.0,0.0,0.0,0.0,0.0,0.0,0.0,2.4121888811351475,0.0,0.0,0.0,0.0,0.0,0.0,0.0,0.0,0.0,0.0,0.0,0.0,0.0,0.0,0.0,0.0,0.0,0.0,0.0,0.0,0.0,0.0,0.0,0.0,0.0,0.0,2.4121888811351475,0.0,0.0,0.0,0.0
2012-03-01,0.0,0.0,1.0,0.0,0.0,0.0,0.0,0.0,0.0,1.0,0.0,6.0,0.0,0.0,0.0,0.0,0.0,0.0,0.0,0.0,0.0,0.0,0.0,0.0,0.0,0.0,0.0,0.0,0.0,0.0,0.0,9.038349796629866,0.0,0.0,0.0,0.0,0.0,0.0,0.0,0.0,0.0,0.0,0.0,0.0,0.0,0.0,0.0,12.29089061970877,0.0,0.0,0.0,0.0,0.0,0.0,0.0,0.0,0.0,0.0,0.0,0.0,0.0,0.0,0.0,0.0,0.0,0.0,13.423948220064725,13.423948220064725,0.0,0.0,0.0,0.0,0.0,0.0,0.0,0.0,0.0,0.0,0.0,0.0,0.0,0.0,0.0,27.187801849040984,0.0,0.0,0.0,0.0,0.0,0.0,0.0,0.0,0.0,0.0,0.0,0.0,0.0,0.0,0.0,0.0,0.0,0.0,0.0,0.0,0.0,0.0,0.0,0.0,0.0,0.0,0.0,0.0,0.0,0.0,0.0,0.0,0.0,0.0,13.880337304243074,0.0,0.0,0.0,0.0,0.0,0.0,0.0,0.0,0.0,0.0,0.0,0.0,0.0,0.0,0.0,0.0,0.0,0.0,0.0,0.0,0.0,0.0,0.0,0.0,0.0,0.0,0.0,0.0,0.0,0.0,0.0,0.0,0.0,0.0,0.0,0.0,0.0,0.0,62.09580838323353,0.0,0.0,0.0,0.0,0.0,1.838000708968451,0.0,0.0,0.0,0.0,0.0,0.0,0.0,0.0,0.0,0.0,0.0,0.0,0.0,0.0,0.0,0.0,0.0,0.0,1.838000708968451,0.0,0.0,0.0,0.0,0.0,0.0,0.0,0.0,0.0,0.0,0.0,0.0,0.0,0.0,14.719659332860184,0.0,0.0,0.0,0.0,0.0,0.0,0.0,0.0,0.0,4.906553110953395,0.0,0.0,0.0,0.0,0.0,0.0,0.0,0.0,0.0,0.0,0.0,0.0,0.0,0.0,0.0,0.0,0.0,0.0,2.4121888811351475,0.0,0.0,0.0,0.0,0.0,0.0,0.0,0.0,0.0,0.0,0.0,0.0,0.0,0.0,0.0,0.0,0.0,0.0,0.0,0.0,0.0,0.0,0.0,0.0,0.0,0.0,2.4121888811351475,2.4121888811351475,0.0,0.0,0.0
2012-04-01,0.0,0.0,3.0,0.0,0.0,0.0,0.0,0.0,0.0,1.0,0.0,6.0,0.0,0.0,0.0,0.0,0.0,0.0,0.0,0.0,0.0,0.0,0.0,0.0,0.0,0.0,0.0,0.0,0.0,0.0,0.0,9.038349796629866,1.0,0.0,0.0,0.0,0.0,0.0,0.0,0.0,0.0,0.0,0.0,0.0,0.0,10.535049102607518,0.0,17.55841517101253,0.0,0.0,0.0,0.0,0.0,0.0,0.0,0.0,0.0,0.0,0.0,0.0,0.0,0.0,0.0,0.0,0.0,0.0,13.423948220064725,26.84789644012945,0.0,0.0,0.0,0.0,0.0,0.0,0.0,0.0,0.0,0.0,0.0,0.0,0.0,0.0,0.0,31.480612667310613,0.0,0.0,0.0,0.0,0.0,0.0,0.0,0.0,0.0,0.0,0.0,0.0,0.0,0.0,0.0,0.0,0.0,0.0,0.0,0.0,0.0,0.0,0.0,0.0,0.0,0.0,0.0,0.0,0.0,0.0,0.0,0.0,0.0,0.0,0.0,0.0,0.0,0.0,0.0,0.0,0.0,0.0,0.0,0.0,0.0,0.0,0.0,0.0,0.0,0.0,0.0,0.0,0.0,0.0,0.0,0.0,0.0,0.0,0.0,0.0,0.0,0.0,0.0,0.0,0.0,0.0,0.0,0.0,0.0,0.0,0.0,0.0,0.0,82.7944111776447,0.0,0.0,0.0,0.0,0.0,1.838000708968451,0.0,0.0,0.0,0.0,0.0,0.0,0.0,0.0,0.0,0.0,0.0,0.0,0.0,0.0,0.0,0.0,0.0,0.0,3.676001417936902,0.0,0.0,0.0,0.0,0.0,2.4532765554766973,0.0,0.0,0.0,0.0,0.0,0.0,0.0,0.0,12.266382777383487,0.0,0.0,0.0,0.0,0.0,0.0,0.0,0.0,0.0,4.906553110953395,0.0,0.0,0.0,0.0,0.0,0.0,0.0,2.4121888811351475,0.0,0.0,0.0,0.0,0.0,0.0,0.0,0.0,0.0,0.0,0.0,0.0,0.0,0.0,0.0,0.0,0.0,0.0,0.0,0.0,0.0,0.0,0.0,0.0,0.0,0.0,0.0,0.0,0.0,0.0,0.0,0.0,0.0,0.0,0.0,0.0,0.0,2.4121888811351475,2.4121888811351475,0.0,0.0,0.0
2012-05-01,0.0,0.0,8.0,0.0,0.0,0.0,0.0,0.0,0.0,1.0,0.0,6.0,0.0,0.0,0.0,0.0,1.0,1.0,0.0,0.0,0.0,0.0,0.0,0.0,0.0,0.0,0.0,0.0,0.0,0.0,0.0,9.038349796629866,0.0,0.0,0.0,0.0,0.0,0.0,12.791940789473685,0.0,0.0,0.0,0.0,0.0,0.0,0.0,0.0,21.070098205215036,0.0,0.0,0.0,12.468937875751504,0.0,0.0,0.0,0.0,0.0,0.0,0.0,0.0,0.0,0.0,0.0,0.0,0.0,0.0,13.423948220064725,26.84789644012945,0.0,0.0,0.0,0.0,0.0,0.0,17.59864234196012,0.0,0.0,0.0,0.0,0.0,0.0,0.0,0.0,0.0,0.0,0.0,0.0,0.0,0.0,0.0,0.0,0.0,0.0,0.0,0.0,0.0,0.0,0.0,0.0,0.0,0.0,0.0,0.0,0.0,11.810933940774488,0.0,0.0,0.0,0.0,0.0,0.0,0.0,0.0,0.0,0.0,0.0,0.0,0.0,0.0,0.0,0.0,0.0,0.0,0.0,0.0,0.0,0.0,0.0,0.0,0.0,0.0,0.0,0.0,0.0,0.0,0.0,0.0,0.0,0.0,0.0,0.0,0.0,0.0,0.0,0.0,0.0,0.0,0.0,0.0,0.0,0.0,0.0,0.0,0.0,0.0,0.0,0.0,41.39720558882235,0.0,0.0,0.0,0.0,0.0,5.5140021269053525,0.0,0.0,0.0,0.0,0.0,0.0,0.0,0.0,0.0,0.0,0.0,0.0,0.0,0.0,0.0,0.0,0.0,0.0,1.838000708968451,0.0,0.0,0.0,0.0,0.0,4.906553110953395,0.0,0.0,0.0,0.0,0.0,0.0,0.0,0.0,17.17293588833688,0.0,0.0,0.0,0.0,0.0,0.0,0.0,0.0,0.0,4.906553110953395,0.0,0.0,0.0,0.0,0.0,0.0,0.0,4.824377762270295,0.0,0.0,0.0,0.0,0.0,0.0,0.0,0.0,0.0,0.0,0.0,0.0,0.0,0.0,0.0,0.0,0.0,0.0,0.0,0.0,0.0,0.0,0.0,0.0,0.0,0.0,0.0,0.0,0.0,0.0,0.0,0.0,0.0,0.0,0.0,0.0,0.0,2.4121888811351475,2.4121888811351475,0.0,0.0,0.0
2012-06-01,0.0,0.0,4.0,0.0,0.0,0.0,0.0,0.0,0.0,1.0,0.0,5.0,0.0,0.0,0.0,0.0,0.0,0.0,0.0,0.0,0.0,0.0,0.0,0.0,0.0,0.0,0.0,0.0,0.0,0.0,0.0,6.025566531086578,1.0,0.0,0.0,0.0,0.0,0.0,0.0,0.0,0.0,0.0,0.0,0.0,0.0,0.0,0.0,19.314256688113783,0.0,0.0,0.0,0.0,0.0,0.0,0.0,0.0,0.0,0.0,0.0,0.0,0.0,0.0,0.0,0.0,0.0,0.0,0.0,33.55987055016181,0.0,0.0,0.0,0.0,0.0,0.0,26.39796351294018,0.0,0.0,0.0,0.0,0.0,0.0,0.0,0.0,17.171243273078517,0.0,0.0,0.0,0.0,0.0,0.0,0.0,0.0,0.0,0.0,0.0,0.0,0.0,0.0,0.0,0.0,0.0,0.0,0.0,0.0,23.621867881548976,0.0,0.0,0.0,0.0,0.0,0.0,0.0,0.0,0.0,0.0,0.0,0.0,0.0,0.0,0.0,0.0,0.0,0.0,0.0,0.0,0.0,0.0,0.0,0.0,0.0,0.0,0.0,0.0,0.0,0.0,0.0,0.0,0.0,0.0,0.0,0.0,0.0,0.0,0.0,0.0,0.0,0.0,0.0,0.0,0.0,0.0,0.0,0.0,0.0,0.0,0.0,0.0,41.39720558882235,0.0,0.0,0.0,0.0,0.0,7.352002835873804,0.0,0.0,0.0,0.0,0.0,0.0,0.0,0.0,0.0,0.0,0.0,0.0,0.0,0.0,0.0,0.0,0.0,0.0,3.676001417936902,0.0,0.0,0.0,0.0,0.0,9.81310622190679,0.0,0.0,0.0,0.0,0.0,0.0,0.0,0.0,68.69174355334752,0.0,0.0,0.0,0.0,0.0,0.0,0.0,0.0,0.0,4.906553110953395,0.0,0.0,0.0,0.0,0.0,0.0,0.0,7.2365666434054425,0.0,0.0,0.0,0.0,0.0,0.0,0.0,0.0,0.0,0.0,0.0,0.0,0.0,0.0,0.0,0.0,0.0,0.0,0.0,0.0,0.0,0.0,0.0,0.0,0.0,0.0,0.0,0.0,0.0,0.0,0.0,0.0,0.0,0.0,0.0,0.0,0.0,2.4121888811351475,2.4121888811351475,0.0,0.0,0.0
2012-07-01,0.0,0.0,10.0,0.0,0.0,0.0,0.0,0.0,0.0,1.0,1.0,6.0,0.0,0.0,0.0,0.0,0.0,0.0,0.0,0.0,0.0,0.0,0.0,0.0,0.0,0.0,0.0,0.0,0.0,0.0,0.0,9.038349796629866,1.0,0.0,0.0,0.0,0.0,0.0,44.7717927631579,0.0,0.0,0.0,0.0,0.0,0.0,0.0,0.0,24.58178123941754,0.0,0.0,0.0,0.0,12.122747199220655,0.0,0.0,0.0,0.0,0.0,0.0,0.0,0.0,0.0,0.0,0.0,0.0,0.0,20.135922330097088,40.271844660194176,0.0,0.0,0.0,0.0,0.0,0.0,39.59694526941027,0.0,0.0,0.0,0.0,0.0,0.0,0.0,0.0,31.480612667310613,0.0,0.0,0.0,0.0,0.0,0.0,0.0,0.0,0.0,0.0,0.0,0.0,0.0,0.0,0.0,0.0,0.0,0.0,0.0,0.0,23.621867881548976,0.0,0.0,0.0,0.0,0.0,0.0,0.0,0.0,0.0,0.0,0.0,0.0,0.0,0.0,0.0,0.0,0.0,0.0,0.0,0.0,0.0,0.0,0.0,0.0,0.0,0.0,0.0,0.0,0.0,0.0,0.0,0.0,0.0,0.0,0.0,0.0,22.208539686788917,0.0,0.0,0.0,0.0,0.0,0.0,0.0,0.0,0.0,0.0,0.0,0.0,0.0,0.0,20.698602794411176,62.09580838323353,0.0,0.0,0.0,0.0,0.0,9.190003544842254,0.0,0.0,0.0,0.0,0.0,0.0,0.0,0.0,0.0,0.0,0.0,0.0,0.0,0.0,0.0,0.0,0.0,0.0,5.5140021269053525,0.0,0.0,0.0,0.0,0.0,9.81310622190679,0.0,0.0,0.0,0.0,0.0,0.0,0.0,0.0,26.98604211024367,0.0,0.0,0.0,0.0,0.0,0.0,0.0,0.0,0.0,7.359829666430092,0.0,0.0,0.0,0.0,0.0,0.0,0.0,9.64875552454059,0.0,0.0,0.0,0.0,0.0,0.0,0.0,0.0,0.0,0.0,0.0,0.0,0.0,0.0,0.0,0.0,0.0,0.0,0.0,0.0,0.0,0.0,0.0,0.0,0.0,0.0,0.0,0.0,0.0,0.0,0.0,0.0,0.0,0.0,0.0,0.0,0.0,4.824377762270295,4.824377762270295,0.0,0.0,0.0
2012-08-01,0.0,0.0,9.0,0.0,0.0,0.0,0.0,0.0,0.0,1.0,1.0,7.0,0.0,0.0,0.0,0.0,1.0,0.0,0.0,0.0,1.0,0.0,1.0,0.0,0.0,0.0,0.0,1.0,6.025566531086578,0.0,0.0,9.038349796629866,1.0,0.0,0.0,0.0,0.0,0.0,25.58388157894737,0.0,0.0,0.0,0.0,0.0,0.0,0.0,0.0,24.58178123941754,0.0,0.0,0.0,0.0,0.0,0.0,0.0,0.0,16.220020855057353,0.0,0.0,0.0,0.0,0.0,0.0,0.0,0.0,0.0,13.423948220064725,33.55987055016181,0.0,0.0,0.0,0.0,0.0,0.0,30.79762409843021,0.0,0.0,0.0,0.0,0.0,0.0,0.0,0.0,31.480612667310613,0.0,0.0,0.0,0.0,0.0,0.0,0.0,0.0,0.0,0.0,0.0,0.0,0.0,0.0,0.0,0.0,0.0,0.0,0.0,0.0,0.0,0.0,0.0,0.0,0.0,0.0,0.0,0.0,0.0,0.0,0.0,0.0,0.0,0.0,0.0,0.0,0.0,0.0,0.0,0.0,0.0,0.0,0.0,0.0,0.0,0.0,0.0,0.0,19.4324722259403,0.0,0.0,0.0,0.0,0.0,0.0,0.0,0.0,34.700843260607684,0.0,0.0,0.0,0.0,0.0,0.0,0.0,0.0,0.0,0.0,0.0,0.0,0.0,0.0,0.0,82.7944111776447,20.698602794411176,0.0,0.0,0.0,0.0,11.028004253810705,0.0,0.0,1.838000708968451,0.0,0.0,0.0,0.0,0.0,0.0,1.838000708968451,0.0,0.0,0.0,0.0,0.0,0.0,0.0,0.0,7.352002835873804,0.0,0.0,0.0,0.0,0.0,12.266382777383487,0.0,0.0,0.0,0.0,0.0,0.0,0.0,0.0,9.81310622190679,0.0,0.0,0.0,0.0,0.0,0.0,0.0,0.0,0.0,9.81310622190679,0.0,0.0,0.0,0.0,0.0,0.0,0.0,16.885322167946033,0.0,0.0,0.0,0.0,0.0,0.0,0.0,0.0,0.0,0.0,2.4121888811351475,0.0,0.0,0.0,0.0,0.0,0.0,0.0,0.0,0.0,0.0,0.0,0.0,0.0,0.0,0.0,0.0,0.0,0.0,0.0,0.0,0.0,0.0,0.0,0.0,0.0,0.0,4.824377762270295,4.824377762270295,0.0,0.0,0.0
2012-09-01,0.0,0.0,4.0,0.0,0.0,0.0,0.0,0.0,0.0,1.0,1.0,9.0,0.0,0.0,0.0,0.0,1.0,0.0,0.0,0.0,1.0,0.0,0.0,0.0,0.0,0.0,0.0,0.0,0.0,0.0,0.0,12.051133062173156,1.0,0.0,0.0,0.0,0.0,0.0,0.0,0.0,0.0,0.0,0.0,0.0,0.0,0.0,0.0,22.82593972231629,0.0,0.0,0.0,0.0,0.0,0.0,0.0,0.0,0.0,0.0,0.0,0.0,0.0,0.0,0.0,0.0,0.0,0.0,13.423948220064725,26.84789644012945,0.0,0.0,0.0,0.0,0.0,0.0,17.59864234196012,0.0,0.0,0.0,0.0,0.0,0.0,0.0,0.0,38.63529736442666,0.0,0.0,0.0,0.0,0.0,0.0,0.0,0.0,0.0,0.0,0.0,0.0,0.0,0.0,0.0,0.0,0.0,0.0,0.0,0.0,0.0,0.0,0.0,0.0,0.0,0.0,0.0,0.0,0.0,0.0,0.0,0.0,0.0,0.0,0.0,0.0,0.0,0.0,0.0,0.0,0.0,0.0,0.0,0.0,0.0,0.0,0.0,0.0,0.0,0.0,0.0,0.0,0.0,0.0,0.0,0.0,0.0,26.37264087806184,0.0,0.0,0.0,0.0,0.0,0.0,0.0,0.0,0.0,0.0,0.0,0.0,0.0,0.0,0.0,62.09580838323353,0.0,0.0,0.0,0.0,0.0,7.352002835873804,0.0,0.0,0.0,0.0,0.0,0.0,0.0,0.0,0.0,0.0,0.0,0.0,0.0,0.0,0.0,0.0,0.0,0.0,3.676001417936902,0.0,0.0,0.0,0.0,0.0,7.359829666430092,0.0,0.0,0.0,0.0,0.0,0.0,0.0,0.0,12.266382777383487,0.0,0.0,0.0,0.0,0.0,0.0,0.0,0.0,0.0,7.359829666430092,0.0,0.0,0.0,0.0,0.0,0.0,0.0,4.824377762270295,0.0,0.0,0.0,0.0,0.0,0.0,0.0,0.0,0.0,0.0,0.0,0.0,0.0,0.0,0.0,0.0,0.0,0.0,0.0,0.0,0.0,0.0,0.0,0.0,0.0,0.0,0.0,0.0,0.0,0.0,0.0,0.0,0.0,0.0,0.0,0.0,0.0,4.824377762270295,2.4121888811351475,0.0,0.0,0.0
2012-10-01,0.0,0.0,2.0,0.0,0.0,0.0,0.0,0.0,0.0,1.0,1.0,7.0,0.0,0.0,0.0,0.0,0.0,0.0,0.0,0.0,0.0,0.0,0.0,0.0,0.0,0.0,0.0,0.0,0.0,0.0,0.0,12.051133062173156,1.0,0.0,0.0,0.0,0.0,0.0,0.0,0.0,0.0,0.0,0.0,0.0,0.0,0.0,0.0,22.82593972231629,0.0,0.0,0.0,0.0,0.0,0.0,0.0,0.0,0.0,0.0,0.0,0.0,0.0,0.0,0.0,0.0,0.0,0.0,20.135922330097088,26.84789644012945,0.0,0.0,0.0,0.0,0.0,0.0,21.998302927450148,0.0,0.0,0.0,0.0,0.0,0.0,0.0,0.0,30.049675727887404,0.0,0.0,0.0,0.0,0.0,0.0,0.0,0.0,0.0,0.0,0.0,0.0,0.0,0.0,0.0,0.0,0.0,0.0,0.0,0.0,0.0,0.0,0.0,0.0,0.0,0.0,0.0,0.0,0.0,0.0,0.0,0.0,0.0,0.0,0.0,0.0,0.0,0.0,0.0,0.0,0.0,0.0,0.0,0.0,0.0,0.0,0.0,0.0,0.0,0.0,0.0,0.0,0.0,0.0,0.0,0.0,0.0,0.0,0.0,0.0,0.0,0.0,0.0,0.0,0.0,0.0,0.0,0.0,0.0,0.0,0.0,0.0,0.0,62.09580838323353,0.0,0.0,0.0,0.0,0.0,3.676001417936902,0.0,0.0,0.0,0.0,0.0,0.0,0.0,0.0,0.0,0.0,0.0,0.0,0.0,0.0,0.0,0.0,0.0,0.0,3.676001417936902,0.0,0.0,0.0,0.0,0.0,4.906553110953395,0.0,0.0,0.0,0.0,0.0,0.0,0.0,0.0,9.81310622190679,0.0,0.0,0.0,0.0,0.0,0.0,0.0,0.0,0.0,7.359829666430092,0.0,0.0,0.0,0.0,0.0,0.0,0.0,2.4121888811351475,0.0,0.0,0.0,0.0,0.0,0.0,0.0,0.0,0.0,0.0,0.0,0.0,0.0,0.0,0.0,0.0,0.0,0.0,0.0,0.0,0.0,0.0,0.0,0.0,0.0,0.0,0.0,0.0,0.0,0.0,0.0,0.0,0.0,0.0,0.0,0.0,0.0,2.4121888811351475,2.4121888811351475,0.0,0.0,0.0
2012-11-01,0.0,0.0,2.0,0.0,0.0,0.0,0.0,0.0,0.0,1.0,2.0,20.0,0.0,0.0,0.0,0.0,0.0,0.0,0.0,1.0,1.0,0.0,0.0,0.0,0.0,0.0,0.0,0.0,0.0,0.0,0.0,27.1150493898896,1.0,0.0,0.0,0.0,0.0,0.0,0.0,0.0,0.0,0.0,0.0,0.0,0.0,0.0,0.0,33.36098882492381,0.0,0.0,0.0,0.0,0.0,0.0,0.0,0.0,0.0,0.0,0.0,0.0,0.0,0.0,0.0,0.0,0.0,0.0,13.423948220064725,46.983818770226534,0.0,0.0,0.0,0.0,0.0,0.0,13.19898175647009,0.0,0.0,0.0,0.0,0.0,0.0,0.0,0.0,67.25403615289085,0.0,0.0,0.0,0.0,0.0,0.0,0.0,0.0,0.0,0.0,0.0,0.0,0.0,0.0,0.0,0.0,0.0,0.0,0.0,0.0,0.0,0.0,0.0,0.0,0.0,0.0,0.0,0.0,0.0,0.0,16.656404765091686,0.0,0.0,0.0,0.0,0.0,0.0,0.0,0.0,0.0,0.0,0.0,0.0,0.0,0.0,0.0,0.0,0.0,0.0,0.0,0.0,0.0,0.0,0.0,0.0,0.0,0.0,0.0,0.0,0.0,0.0,0.0,0.0,0.0,0.0,0.0,0.0,0.0,0.0,0.0,0.0,0.0,20.698602794411176,124.19161676646706,0.0,0.0,0.0,0.0,0.0,1.838000708968451,0.0,0.0,0.0,0.0,0.0,0.0,0.0,0.0,0.0,0.0,0.0,0.0,0.0,0.0,0.0,0.0,0.0,0.0,3.676001417936902,0.0,0.0,0.0,0.0,0.0,2.4532765554766973,0.0,0.0,0.0,0.0,0.0,0.0,0.0,0.0,14.719659332860184,0.0,0.0,0.0,0.0,0.0,0.0,0.0,0.0,0.0,9.81310622190679,0.0,0.0,0.0,0.0,0.0,0.0,0.0,0.0,0.0,0.0,0.0,0.0,0.0,0.0,0.0,0.0,0.0,0.0,0.0,0.0,0.0,0.0,0.0,0.0,0.0,0.0,0.0,0.0,0.0,0.0,0.0,0.0,0.0,0.0,0.0,0.0,0.0,0.0,0.0,0.0,0.0,0.0,0.0,0.0,0.0,2.4121888811351475,0.0,0.0,0.0,0.0
2012-12-01,0.0,0.0,1.0,0.0,0.0,0.0,0.0,0.0,0.0,1.0,1.0,13.0,0.0,0.0,0.0,0.0,0.0,0.0,0.0,0.0,0.0,0.0,0.0,0.0,0.0,0.0,0.0,0.0,0.0,0.0,0.0,18.076699593259733,0.0,0.0,0.0,0.0,0.0,0.0,0.0,0.0,0.0,0.0,0.0,0.0,0.0,0.0,0.0,31.605147307822552,0.0,0.0,0.0,0.0,0.0,0.0,0.0,0.0,0.0,0.0,0.0,0.0,0.0,0.0,0.0,0.0,0.0,0.0,13.423948220064725,46.983818770226534,0.0,0.0,0.0,0.0,0.0,0.0,0.0,0.0,0.0,0.0,0.0,0.0,0.0,0.0,0.0,51.51372981923555,0.0,0.0,0.0,0.0,0.0,0.0,0.0,0.0,0.0,0.0,0.0,0.0,0.0,0.0,0.0,0.0,0.0,0.0,0.0,0.0,0.0,0.0,0.0,0.0,0.0,0.0,0.0,0.0,0.0,0.0,0.0,0.0,0.0,0.0,0.0,0.0,0.0,0.0,0.0,0.0,0.0,0.0,0.0,0.0,0.0,0.0,0.0,0.0,12.492303573818766,0.0,0.0,0.0,0.0,0.0,0.0,0.0,0.0,0.0,0.0,0.0,0.0,0.0,0.0,0.0,0.0,0.0,0.0,0.0,0.0,0.0,0.0,0.0,20.698602794411176,82.7944111776447,0.0,0.0,0.0,0.0,0.0,0.0,0.0,0.0,0.0,0.0,0.0,0.0,0.0,0.0,0.0,0.0,0.0,0.0,0.0,0.0,0.0,0.0,0.0,0.0,3.676001417936902,0.0,0.0,0.0,0.0,0.0,0.0,0.0,0.0,0.0,0.0,0.0,0.0,0.0,0.0,29.439318665720368,0.0,0.0,0.0,0.0,0.0,0.0,0.0,0.0,0.0,7.359829666430092,0.0,0.0,0.0,0.0,0.0,0.0,0.0,0.0,0.0,0.0,0.0,0.0,0.0,0.0,0.0,0.0,0.0,0.0,0.0,0.0,0.0,0.0,0.0,0.0,0.0,0.0,0.0,0.0,0.0,0.0,0.0,0.0,0.0,0.0,0.0,0.0,0.0,0.0,0.0,0.0,0.0,0.0,0.0,0.0,0.0,2.4121888811351475,0.0,0.0,0.0,0.0
2013-01-01,0.0,0.0,1.0,0.0,0.0,0.0,0.0,0.0,0.0,1.0,1.0,11.0,0.0,0.0,0.0,0.0,0.0,0.0,0.0,0.0,0.0,0.0,0.0,0.0,0.0,0.0,0.0,0.0,0.0,0.0,0.0,15.063916327716445,0.0,0.0,0.0,0.0,0.0,0.0,0.0,0.0,0.0,0.0,0.0,0.0,0.0,0.0,0.0,43.896037927531324,0.0,0.0,0.0,0.0,0.0,0.0,0.0,0.0,0.0,0.0,0.0,0.0,0.0,0.0,0.0,0.0,0.0,0.0,13.423948220064725,53.6957928802589,0.0,0.0,0.0,0.0,0.0,0.0,0.0,0.0,0.0,0.0,0.0,0.0,0.0,0.0,0.0,42.92810818269629,0.0,0.0,0.0,0.0,0.0,0.0,0.0,0.0,0.0,0.0,0.0,0.0,0.0,0.0,0.0,0.0,0.0,0.0,0.0,0.0,0.0,0.0,0.0,0.0,0.0,0.0,0.0,0.0,0.0,0.0,0.0,0.0,0.0,0.0,0.0,0.0,0.0,0.0,0.0,0.0,0.0,0.0,0.0,0.0,0.0,0.0,0.0,0.0,0.0,0.0,0.0,0.0,0.0,0.0,0.0,0.0,0.0,0.0,0.0,0.0,0.0,0.0,0.0,0.0,0.0,0.0,0.0,0.0,0.0,0.0,0.0,0.0,20.698602794411176,103.49301397205588,0.0,0.0,0.0,0.0,0.0,0.0,0.0,0.0,0.0,0.0,0.0,0.0,0.0,0.0,0.0,0.0,0.0,0.0,0.0,0.0,0.0,0.0,0.0,0.0,3.676001417936902,0.0,0.0,0.0,0.0,0.0,0.0,0.0,0.0,0.0,0.0,0.0,0.0,0.0,0.0,29.439318665720368,0.0,0.0,0.0,0.0,0.0,0.0,0.0,0.0,0.0,9.81310622190679,0.0,0.0,0.0,0.0,0.0,0.0,0.0,0.0,0.0,0.0,0.0,0.0,0.0,0.0,0.0,0.0,0.0,0.0,0.0,0.0,0.0,0.0,0.0,0.0,0.0,0.0,0.0,0.0,0.0,0.0,0.0,0.0,0.0,0.0,0.0,0.0,0.0,0.0,0.0,0.0,0.0,0.0,0.0,0.0,0.0,2.4121888811351475,2.4121888811351475,0.0,0.0,0.0
2013-02-01,0.0,0.0,0.0,0.0,0.0,0.0,0.0,0.0,0.0,1.0,0.0,9.0,0.0,0.0,0.0,0.0,0.0,0.0,0.0,0.0,0.0,0.0,0.0,0.0,0.0,0.0,0.0,0.0,0.0,0.0,0.0,12.051133062173156,1.0,0.0,0.0,0.0,0.0,0.0,0.0,0.0,0.0,0.0,0.0,0.0,0.0,0.0,0.0,26.337622756518794,0.0,0.0,0.0,0.0,0.0,0.0,0.0,0.0,0.0,0.0,0.0,0.0,0.0,0.0,0.0,0.0,0.0,0.0,13.423948220064725,33.55987055016181,0.0,0.0,0.0,0.0,0.0,0.0,0.0,0.0,0.0,0.0,0.0,0.0,0.0,0.0,0.0,40.06623430384987,0.0,0.0,0.0,0.0,0.0,0.0,0.0,0.0,0.0,0.0,0.0,0.0,0.0,0.0,0.0,0.0,0.0,0.0,0.0,0.0,0.0,0.0,0.0,0.0,0.0,0.0,0.0,0.0,0.0,0.0,0.0,0.0,0.0,0.0,0.0,0.0,0.0,0.0,0.0,0.0,0.0,0.0,0.0,0.0,0.0,0.0,0.0,0.0,0.0,0.0,0.0,0.0,0.0,0.0,0.0,0.0,0.0,0.0,0.0,0.0,0.0,0.0,0.0,0.0,0.0,0.0,0.0,0.0,0.0,0.0,0.0,0.0,0.0,62.09580838323353,0.0,0.0,0.0,0.0,0.0,0.0,0.0,0.0,0.0,0.0,0.0,0.0,0.0,0.0,0.0,0.0,0.0,0.0,0.0,0.0,0.0,0.0,0.0,0.0,1.838000708968451,0.0,0.0,0.0,0.0,0.0,0.0,0.0,0.0,0.0,0.0,0.0,0.0,0.0,0.0,19.62621244381358,0.0,0.0,0.0,0.0,0.0,0.0,0.0,0.0,0.0,7.359829666430092,0.0,0.0,0.0,0.0,0.0,0.0,0.0,0.0,0.0,0.0,0.0,0.0,0.0,0.0,0.0,0.0,0.0,0.0,0.0,0.0,0.0,0.0,0.0,0.0,0.0,0.0,0.0,0.0,0.0,0.0,0.0,0.0,0.0,0.0,0.0,0.0,0.0,0.0,0.0,0.0,0.0,0.0,0.0,0.0,0.0,2.4121888811351475,0.0,0.0,0.0,0.0
2013-03-01,0.0,0.0,1.0,0.0,0.0,0.0,0.0,0.0,0.0,1.0,0.0,9.0,0.0,0.0,0.0,0.0,0.0,0.0,0.0,0.0,0.0,0.0,0.0,0.0,0.0,0.0,0.0,0.0,0.0,0.0,0.0,12.051133062173156,0.0,0.0,0.0,0.0,0.0,0.0,0.0,0.0,0.0,0.0,0.0,0.0,0.0,0.0,0.0,36.872671859126314,0.0,0.0,0.0,0.0,0.0,0.0,0.0,0.0,0.0,0.0,0.0,0.0,0.0,0.0,0.0,0.0,0.0,0.0,13.423948220064725,40.271844660194176,0.0,0.0,0.0,0.0,0.0,0.0,0.0,0.0,0.0,0.0,0.0,0.0,0.0,0.0,0.0,40.06623430384987,0.0,0.0,0.0,0.0,0.0,0.0,0.0,0.0,0.0,0.0,0.0,0.0,0.0,0.0,0.0,0.0,0.0,0.0,0.0,0.0,0.0,0.0,0.0,0.0,0.0,0.0,0.0,0.0,0.0,0.0,0.0,0.0,0.0,0.0,0.0,0.0,0.0,0.0,0.0,0.0,0.0,0.0,0.0,0.0,0.0,0.0,0.0,0.0,0.0,0.0,0.0,0.0,0.0,0.0,0.0,0.0,0.0,0.0,0.0,0.0,0.0,0.0,0.0,0.0,0.0,0.0,0.0,0.0,0.0,0.0,0.0,0.0,20.698602794411176,62.09580838323353,0.0,0.0,0.0,0.0,0.0,1.838000708968451,0.0,0.0,0.0,0.0,0.0,0.0,0.0,0.0,0.0,0.0,0.0,0.0,0.0,0.0,0.0,0.0,0.0,0.0,3.676001417936902,0.0,0.0,0.0,0.0,0.0,0.0,0.0,0.0,0.0,0.0,0.0,0.0,0.0,0.0,12.266382777383487,0.0,0.0,0.0,0.0,0.0,0.0,0.0,0.0,0.0,7.359829666430092,0.0,0.0,0.0,0.0,0.0,0.0,0.0,0.0,0.0,0.0,0.0,0.0,0.0,0.0,0.0,0.0,0.0,0.0,0.0,0.0,0.0,0.0,0.0,0.0,0.0,0.0,0.0,0.0,0.0,0.0,0.0,0.0,0.0,0.0,0.0,0.0,0.0,0.0,0.0,0.0,0.0,0.0,0.0,0.0,0.0,4.824377762270295,0.0,0.0,0.0,0.0
2013-04-01,0.0,0.0,1.0,0.0,0.0,0.0,0.0,0.0,0.0,1.0,0.0,10.0,0.0,0.0,0.0,0.0,0.0,0.0,0.0,0.0,0.0,0.0,0.0,0.0,0.0,0.0,0.0,0.0,0.0,0.0,0.0,12.051133062173156,1.0,0.0,0.0,0.0,0.0,0.0,0.0,0.0,0.0,0.0,0.0,0.0,0.0,10.535049102607518,0.0,26.337622756518794,0.0,0.0,0.0,0.0,0.0,0.0,0.0,0.0,0.0,0.0,0.0,0.0,0.0,0.0,0.0,0.0,0.0,0.0,6.711974110032362,33.55987055016181,0.0,0.0,0.0,0.0,0.0,0.0,0.0,0.0,0.0,0.0,0.0,0.0,0.0,0.0,0.0,48.651855940389126,0.0,0.0,0.0,0.0,0.0,0.0,0.0,0.0,0.0,0.0,0.0,0.0,0.0,0.0,0.0,0.0,0.0,0.0,0.0,0.0,0.0,0.0,0.0,0.0,0.0,0.0,0.0,0.0,0.0,0.0,0.0,0.0,0.0,0.0,0.0,0.0,0.0,0.0,0.0,0.0,0.0,0.0,13.880337304243074,0.0,0.0,0.0,0.0,0.0,0.0,0.0,0.0,0.0,0.0,0.0,0.0,0.0,0.0,0.0,0.0,0.0,0.0,0.0,0.0,0.0,0.0,0.0,0.0,0.0,0.0,0.0,0.0,0.0,0.0,103.49301397205588,0.0,0.0,0.0,0.0,0.0,1.838000708968451,0.0,0.0,0.0,0.0,0.0,0.0,0.0,0.0,0.0,0.0,0.0,0.0,0.0,0.0,0.0,0.0,0.0,0.0,7.352002835873804,0.0,0.0,0.0,0.0,0.0,2.4532765554766973,0.0,0.0,0.0,0.0,0.0,0.0,0.0,0.0,17.17293588833688,0.0,0.0,0.0,0.0,0.0,0.0,0.0,0.0,0.0,7.359829666430092,0.0,0.0,0.0,0.0,0.0,0.0,0.0,0.0,0.0,0.0,0.0,0.0,0.0,0.0,0.0,0.0,0.0,0.0,0.0,0.0,0.0,0.0,0.0,0.0,0.0,0.0,0.0,0.0,0.0,0.0,0.0,0.0,0.0,0.0,0.0,0.0,0.0,0.0,0.0,0.0,0.0,0.0,0.0,0.0,0.0,4.824377762270295,0.0,0.0,0.0,0.0
2013-05-01,0.0,0.0,1.0,0.0,0.0,0.0,0.0,0.0,0.0,1.0,0.0,6.0,0.0,0.0,0.0,0.0,0.0,0.0,0.0,0.0,0.0,0.0,0.0,0.0,0.0,0.0,0.0,0.0,0.0,0.0,0.0,9.038349796629866,1.0,0.0,0.0,0.0,0.0,10.659950657894736,0.0,0.0,0.0,0.0,0.0,0.0,0.0,0.0,0.0,15.802573653911276,0.0,0.0,0.0,0.0,0.0,0.0,0.0,0.0,0.0,0.0,0.0,0.0,0.0,0.0,0.0,0.0,0.0,0.0,13.423948220064725,20.135922330097088,0.0,0.0,0.0,0.0,0.0,0.0,13.19898175647009,0.0,0.0,0.0,0.0,0.0,0.0,11.447495515385677,0.0,55.80654063750518,0.0,0.0,0.0,0.0,0.0,0.0,0.0,0.0,0.0,0.0,0.0,0.0,0.0,0.0,0.0,0.0,0.0,0.0,0.0,0.0,0.0,0.0,0.0,0.0,0.0,0.0,0.0,0.0,0.0,0.0,0.0,0.0,0.0,0.0,0.0,0.0,0.0,0.0,0.0,0.0,0.0,0.0,0.0,0.0,0.0,0.0,0.0,0.0,0.0,0.0,0.0,0.0,0.0,0.0,0.0,0.0,0.0,0.0,0.0,0.0,0.0,0.0,0.0,0.0,0.0,0.0,0.0,0.0,0.0,0.0,0.0,0.0,0.0,103.49301397205588,0.0,0.0,0.0,0.0,0.0,3.676001417936902,0.0,0.0,0.0,0.0,0.0,0.0,0.0,0.0,0.0,0.0,0.0,0.0,0.0,0.0,0.0,0.0,0.0,0.0,3.676001417936902,0.0,0.0,0.0,0.0,0.0,2.4532765554766973,0.0,0.0,0.0,0.0,0.0,0.0,0.0,0.0,14.719659332860184,0.0,0.0,0.0,0.0,0.0,0.0,0.0,0.0,0.0,7.359829666430092,0.0,0.0,0.0,0.0,0.0,0.0,0.0,4.824377762270295,0.0,0.0,0.0,0.0,0.0,0.0,0.0,0.0,0.0,0.0,0.0,0.0,0.0,0.0,0.0,0.0,0.0,0.0,0.0,0.0,0.0,0.0,0.0,0.0,0.0,0.0,0.0,0.0,0.0,0.0,0.0,0.0,0.0,0.0,0.0,0.0,0.0,4.824377762270295,2.4121888811351475,0.0,0.0,0.0
2013-06-01,0.0,0.0,7.0,0.0,0.0,0.0,0.0,0.0,0.0,1.0,1.0,9.0,0.0,0.0,0.0,0.0,1.0,0.0,0.0,0.0,1.0,0.0,0.0,0.0,0.0,0.0,0.0,0.0,0.0,0.0,0.0,12.051133062173156,1.0,0.0,0.0,0.0,0.0,0.0,19.187911184210527,0.0,0.0,0.0,0.0,0.0,0.0,0.0,0.0,29.8493057907213,0.0,0.0,0.0,0.0,0.0,0.0,0.0,0.0,0.0,0.0,0.0,0.0,9.092060399415491,0.0,0.0,0.0,6.711974110032362,0.0,13.423948220064725,40.271844660194176,0.0,0.0,0.0,0.0,0.0,0.0,30.79762409843021,0.0,0.0,0.0,0.0,0.0,0.0,0.0,0.0,44.3590451221195,0.0,0.0,0.0,0.0,0.0,0.0,0.0,0.0,0.0,0.0,0.0,0.0,0.0,0.0,0.0,0.0,0.0,0.0,0.0,0.0,23.621867881548976,0.0,0.0,0.0,0.0,0.0,0.0,0.0,0.0,0.0,0.0,0.0,0.0,0.0,0.0,0.0,0.0,0.0,0.0,0.0,0.0,0.0,0.0,0.0,0.0,0.0,0.0,0.0,0.0,0.0,0.0,0.0,0.0,0.0,0.0,0.0,0.0,22.208539686788917,0.0,0.0,0.0,0.0,0.0,0.0,0.0,0.0,0.0,0.0,0.0,0.0,0.0,0.0,0.0,103.49301397205588,20.698602794411176,0.0,0.0,0.0,0.0,5.5140021269053525,0.0,0.0,0.0,0.0,0.0,0.0,0.0,0.0,0.0,0.0,0.0,0.0,0.0,0.0,0.0,0.0,0.0,0.0,5.5140021269053525,1.838000708968451,0.0,0.0,0.0,0.0,7.359829666430092,0.0,0.0,0.0,0.0,0.0,0.0,0.0,0.0,76.05157321977762,0.0,0.0,0.0,0.0,0.0,0.0,0.0,0.0,0.0,4.906553110953395,0.0,0.0,0.0,0.0,0.0,0.0,0.0,9.64875552454059,0.0,0.0,0.0,0.0,0.0,0.0,0.0,0.0,0.0,0.0,0.0,0.0,0.0,0.0,0.0,0.0,0.0,0.0,0.0,0.0,0.0,0.0,0.0,0.0,0.0,0.0,0.0,0.0,0.0,0.0,0.0,0.0,0.0,0.0,0.0,0.0,0.0,4.824377762270295,2.4121888811351475,0.0,0.0,0.0
2013-07-01,0.0,0.0,11.0,0.0,0.0,0.0,0.0,0.0,0.0,1.0,1.0,12.0,0.0,0.0,0.0,0.0,1.0,0.0,0.0,0.0,1.0,0.0,0.0,0.0,0.0,0.0,0.0,0.0,0.0,0.0,0.0,18.076699593259733,0.0,0.0,0.0,0.0,0.0,0.0,8.52796052631579,0.0,0.0,0.0,0.0,0.0,0.0,0.0,0.0,38.628513376227566,0.0,0.0,0.0,0.0,0.0,0.0,0.0,0.0,0.0,0.0,0.0,0.0,0.0,0.0,0.0,0.0,0.0,0.0,0.0,60.407766990291265,0.0,0.0,0.0,0.0,0.0,0.0,43.996605854900295,0.0,0.0,0.0,0.0,0.0,0.0,0.0,0.0,50.08279287981234,0.0,0.0,0.0,0.0,0.0,0.0,0.0,0.0,0.0,0.0,0.0,0.0,0.0,0.0,0.0,0.0,0.0,0.0,0.0,0.0,70.86560364464692,0.0,0.0,0.0,0.0,0.0,0.0,0.0,0.0,0.0,0.0,0.0,0.0,0.0,0.0,0.0,0.0,0.0,0.0,0.0,0.0,0.0,0.0,0.0,0.0,0.0,0.0,0.0,0.0,0.0,0.0,0.0,0.0,0.0,0.0,0.0,0.0,22.208539686788917,0.0,0.0,0.0,0.0,0.0,0.0,0.0,0.0,0.0,0.0,0.0,0.0,0.0,0.0,0.0,103.49301397205588,20.698602794411176,0.0,0.0,0.0,0.0,7.352002835873804,0.0,0.0,0.0,0.0,0.0,0.0,0.0,0.0,0.0,0.0,0.0,0.0,0.0,0.0,0.0,0.0,0.0,0.0,5.5140021269053525,0.0,0.0,0.0,0.0,0.0,12.266382777383487,0.0,0.0,0.0,0.0,0.0,0.0,0.0,0.0,17.17293588833688,0.0,0.0,0.0,0.0,0.0,0.0,0.0,0.0,0.0,7.359829666430092,0.0,0.0,0.0,0.0,0.0,0.0,0.0,21.709699930216328,0.0,0.0,0.0,0.0,0.0,0.0,0.0,0.0,0.0,0.0,0.0,0.0,0.0,0.0,0.0,0.0,0.0,0.0,0.0,0.0,0.0,0.0,0.0,0.0,0.0,0.0,0.0,0.0,0.0,0.0,0.0,0.0,0.0,0.0,0.0,0.0,0.0,4.824377762270295,4.824377762270295,0.0,0.0,0.0
2013-08-01,0.0,0.0,7.0,0.0,0.0,0.0,0.0,0.0,0.0,1.0,1.0,10.0,0.0,0.0,0.0,0.0,1.0,0.0,0.0,0.0,1.0,0.0,0.0,0.0,0.0,0.0,0.0,0.0,0.0,0.0,0.0,15.063916327716445,1.0,0.0,0.0,0.0,0.0,0.0,0.0,0.0,0.0,0.0,0.0,0.0,0.0,0.0,0.0,26.337622756518794,0.0,0.0,0.0,0.0,0.0,0.0,0.0,0.0,0.0,0.0,0.0,0.0,0.0,0.0,0.0,0.0,0.0,0.0,13.423948220064725,40.271844660194176,0.0,0.0,0.0,0.0,0.0,0.0,202.38438693254136,0.0,0.0,0.0,0.0,0.0,0.0,0.0,0.0,82.99434248654616,0.0,0.0,0.0,0.0,0.0,0.0,0.0,0.0,0.0,0.0,0.0,0.0,0.0,0.0,0.0,0.0,0.0,0.0,0.0,0.0,118.10933940774488,0.0,0.0,0.0,0.0,0.0,0.0,0.0,0.0,0.0,0.0,0.0,0.0,0.0,0.0,0.0,0.0,0.0,0.0,0.0,0.0,0.0,0.0,0.0,0.0,0.0,0.0,0.0,0.0,0.0,0.0,0.0,0.0,0.0,0.0,0.0,0.0,30.53674206933476,0.0,0.0,0.0,0.0,0.0,0.0,0.0,0.0,0.0,0.0,0.0,0.0,0.0,0.0,20.698602794411176,165.5888223552894,41.39720558882235,0.0,0.0,0.0,0.0,11.028004253810705,0.0,0.0,0.0,0.0,0.0,0.0,0.0,0.0,0.0,0.0,0.0,0.0,0.0,0.0,0.0,0.0,0.0,0.0,7.352002835873804,0.0,0.0,0.0,0.0,0.0,14.719659332860184,0.0,0.0,0.0,0.0,0.0,0.0,0.0,0.0,12.266382777383487,0.0,0.0,0.0,0.0,0.0,0.0,0.0,0.0,0.0,12.266382777383487,0.0,0.0,0.0,0.0,0.0,0.0,0.0,14.473133286810885,0.0,0.0,0.0,0.0,0.0,0.0,0.0,0.0,0.0,0.0,0.0,0.0,0.0,0.0,0.0,0.0,0.0,0.0,0.0,0.0,0.0,0.0,0.0,0.0,0.0,0.0,0.0,0.0,0.0,0.0,0.0,0.0,0.0,0.0,0.0,0.0,0.0,7.2365666434054425,2.4121888811351475,0.0,0.0,0.0
2013-09-01,0.0,0.0,3.0,0.0,0.0,0.0,0.0,0.0,0.0,1.0,1.0,11.0,0.0,0.0,0.0,0.0,0.0,0.0,0.0,0.0,1.0,0.0,0.0,0.0,0.0,0.0,0.0,0.0,0.0,0.0,0.0,15.063916327716445,1.0,0.0,0.0,0.0,0.0,0.0,8.52796052631579,0.0,0.0,0.0,0.0,0.0,0.0,0.0,0.0,28.093464273620047,0.0,0.0,0.0,0.0,0.0,0.0,0.0,0.0,0.0,0.0,0.0,0.0,0.0,0.0,0.0,0.0,0.0,0.0,13.423948220064725,33.55987055016181,0.0,0.0,0.0,0.0,0.0,0.0,39.59694526941027,0.0,0.0,0.0,0.0,0.0,0.0,0.0,0.0,38.63529736442666,0.0,0.0,0.0,0.0,0.0,0.0,0.0,0.0,0.0,0.0,0.0,0.0,0.0,0.0,0.0,0.0,0.0,0.0,0.0,0.0,35.43280182232346,0.0,0.0,0.0,0.0,0.0,0.0,0.0,0.0,0.0,0.0,12.492303573818766,0.0,0.0,0.0,0.0,0.0,0.0,0.0,0.0,0.0,0.0,0.0,0.0,0.0,0.0,0.0,0.0,0.0,0.0,0.0,0.0,0.0,0.0,0.0,0.0,0.0,36.08887699103199,0.0,0.0,0.0,0.0,0.0,0.0,15.26837103466738,0.0,0.0,0.0,0.0,0.0,0.0,0.0,0.0,82.7944111776447,0.0,0.0,0.0,0.0,0.0,7.352002835873804,0.0,0.0,0.0,0.0,0.0,0.0,0.0,0.0,0.0,0.0,0.0,0.0,0.0,0.0,0.0,0.0,0.0,0.0,7.352002835873804,0.0,0.0,0.0,0.0,0.0,9.81310622190679,0.0,0.0,0.0,0.0,0.0,0.0,0.0,0.0,9.81310622190679,0.0,0.0,0.0,0.0,0.0,0.0,0.0,0.0,0.0,9.81310622190679,0.0,0.0,0.0,0.0,0.0,0.0,0.0,4.824377762270295,0.0,0.0,0.0,0.0,0.0,0.0,0.0,0.0,0.0,0.0,0.0,0.0,0.0,0.0,0.0,0.0,0.0,0.0,0.0,0.0,0.0,0.0,0.0,0.0,0.0,0.0,0.0,0.0,0.0,0.0,0.0,0.0,0.0,0.0,0.0,0.0,0.0,4.824377762270295,2.4121888811351475,0.0,0.0,0.0
2013-10-01,0.0,0.0,3.0,0.0,0.0,0.0,0.0,0.0,0.0,1.0,0.0,8.0,0.0,0.0,0.0,0.0,1.0,0.0,0.0,0.0,0.0,0.0,0.0,0.0,0.0,0.0,0.0,0.0,0.0,0.0,0.0,12.051133062173156,1.0,0.0,0.0,0.0,0.0,0.0,0.0,0.0,0.0,0.0,0.0,0.0,0.0,0.0,0.0,24.58178123941754,0.0,0.0,0.0,0.0,0.0,0.0,0.0,0.0,0.0,0.0,0.0,0.0,0.0,0.0,0.0,0.0,0.0,0.0,13.423948220064725,33.55987055016181,0.0,0.0,0.0,0.0,0.0,0.0,39.59694526941027,0.0,0.0,0.0,0.0,0.0,0.0,11.447495515385677,0.0,77.27059472885333,0.0,0.0,0.0,0.0,0.0,0.0,0.0,0.0,0.0,0.0,0.0,0.0,0.0,0.0,0.0,0.0,0.0,0.0,0.0,0.0,0.0,0.0,0.0,0.0,0.0,0.0,11.104269843394459,0.0,0.0,0.0,0.0,0.0,0.0,0.0,0.0,0.0,0.0,0.0,0.0,0.0,0.0,0.0,0.0,0.0,0.0,0.0,0.0,0.0,0.0,0.0,0.0,0.0,0.0,0.0,0.0,0.0,0.0,0.0,0.0,0.0,0.0,0.0,0.0,0.0,0.0,0.0,0.0,0.0,0.0,0.0,0.0,0.0,0.0,124.19161676646706,0.0,0.0,0.0,0.0,0.0,3.676001417936902,0.0,0.0,0.0,0.0,0.0,0.0,0.0,0.0,0.0,0.0,0.0,0.0,0.0,0.0,0.0,0.0,0.0,0.0,3.676001417936902,0.0,0.0,0.0,0.0,0.0,4.906553110953395,0.0,0.0,0.0,0.0,0.0,0.0,0.0,0.0,9.81310622190679,0.0,0.0,0.0,0.0,0.0,0.0,0.0,0.0,0.0,7.359829666430092,0.0,0.0,0.0,0.0,0.0,0.0,0.0,2.4121888811351475,0.0,0.0,0.0,0.0,0.0,0.0,0.0,0.0,0.0,0.0,0.0,0.0,0.0,0.0,0.0,0.0,0.0,0.0,0.0,0.0,0.0,0.0,0.0,0.0,0.0,0.0,0.0,0.0,0.0,0.0,0.0,0.0,0.0,0.0,0.0,0.0,0.0,4.824377762270295,0.0,0.0,0.0,0.0
2013-11-01,0.0,0.0,1.0,0.0,0.0,0.0,0.0,0.0,0.0,0.0,0.0,8.0,0.0,0.0,0.0,0.0,0.0,0.0,0.0,0.0,0.0,0.0,0.0,0.0,0.0,0.0,0.0,0.0,0.0,0.0,0.0,12.051133062173156,0.0,0.0,0.0,0.0,0.0,0.0,0.0,0.0,0.0,0.0,0.0,0.0,0.0,0.0,0.0,21.070098205215036,0.0,0.0,0.0,0.0,0.0,0.0,0.0,0.0,0.0,0.0,0.0,0.0,0.0,0.0,0.0,0.0,0.0,0.0,13.423948220064725,33.55987055016181,7.5144927536231885,0.0,0.0,0.0,0.0,0.0,61.59524819686042,0.0,0.0,0.0,0.0,0.0,0.0,12.878432454808888,0.0,41.49717124327308,0.0,0.0,0.0,0.0,0.0,0.0,0.0,0.0,0.0,0.0,0.0,0.0,0.0,0.0,0.0,0.0,0.0,0.0,0.0,0.0,0.0,0.0,0.0,0.0,0.0,0.0,0.0,0.0,0.0,0.0,0.0,0.0,0.0,0.0,0.0,0.0,0.0,0.0,0.0,0.0,0.0,0.0,0.0,0.0,0.0,0.0,0.0,0.0,0.0,0.0,0.0,0.0,0.0,0.0,0.0,0.0,0.0,0.0,0.0,0.0,0.0,0.0,0.0,13.880337304243074,0.0,0.0,0.0,0.0,0.0,0.0,0.0,0.0,0.0,82.7944111776447,20.698602794411176,0.0,0.0,0.0,0.0,1.838000708968451,0.0,0.0,0.0,0.0,0.0,0.0,0.0,0.0,0.0,0.0,0.0,0.0,0.0,0.0,0.0,0.0,0.0,0.0,3.676001417936902,0.0,0.0,0.0,0.0,0.0,2.4532765554766973,0.0,0.0,0.0,0.0,0.0,0.0,0.0,0.0,17.17293588833688,0.0,0.0,0.0,0.0,0.0,0.0,0.0,0.0,0.0,9.81310622190679,0.0,0.0,0.0,0.0,0.0,0.0,0.0,0.0,0.0,0.0,0.0,0.0,0.0,0.0,0.0,0.0,0.0,0.0,0.0,0.0,0.0,0.0,0.0,0.0,0.0,0.0,0.0,0.0,0.0,0.0,0.0,0.0,0.0,0.0,0.0,0.0,0.0,0.0,0.0,0.0,0.0,0.0,0.0,0.0,0.0,4.824377762270295,0.0,0.0,0.0,0.0
2013-12-01,0.0,0.0,1.0,0.0,0.0,0.0,0.0,0.0,0.0,1.0,0.0,6.0,0.0,0.0,0.0,0.0,0.0,0.0,0.0,0.0,0.0,0.0,0.0,0.0,0.0,0.0,0.0,0.0,0.0,0.0,0.0,9.038349796629866,0.0,0.0,0.0,0.0,0.0,0.0,0.0,0.0,0.0,0.0,0.0,0.0,0.0,0.0,0.0,15.802573653911276,0.0,0.0,0.0,0.0,0.0,0.0,0.0,0.0,0.0,0.0,0.0,0.0,0.0,0.0,0.0,0.0,0.0,0.0,13.423948220064725,26.84789644012945,0.0,0.0,0.0,0.0,0.0,0.0,0.0,0.0,0.0,0.0,0.0,0.0,0.0,0.0,0.0,30.049675727887404,0.0,0.0,0.0,0.0,0.0,0.0,0.0,0.0,0.0,0.0,0.0,0.0,0.0,0.0,0.0,0.0,0.0,0.0,0.0,0.0,0.0,0.0,0.0,0.0,0.0,0.0,0.0,0.0,0.0,0.0,0.0,0.0,0.0,0.0,0.0,0.0,0.0,0.0,0.0,0.0,0.0,0.0,0.0,0.0,0.0,0.0,0.0,0.0,0.0,0.0,0.0,0.0,0.0,0.0,0.0,0.0,16.656404765091686,0.0,0.0,0.0,0.0,0.0,0.0,0.0,0.0,0.0,0.0,0.0,0.0,0.0,0.0,0.0,20.698602794411176,62.09580838323353,0.0,0.0,0.0,0.0,0.0,0.0,0.0,0.0,0.0,0.0,0.0,0.0,0.0,0.0,0.0,0.0,0.0,0.0,0.0,0.0,0.0,0.0,0.0,0.0,3.676001417936902,0.0,0.0,0.0,0.0,0.0,0.0,0.0,0.0,0.0,0.0,0.0,0.0,0.0,0.0,17.17293588833688,0.0,0.0,0.0,0.0,0.0,0.0,0.0,0.0,0.0,7.359829666430092,0.0,0.0,0.0,0.0,0.0,0.0,0.0,0.0,0.0,0.0,0.0,0.0,0.0,0.0,0.0,0.0,0.0,0.0,0.0,0.0,0.0,0.0,0.0,0.0,0.0,0.0,0.0,0.0,0.0,0.0,0.0,0.0,0.0,0.0,0.0,0.0,0.0,0.0,0.0,0.0,0.0,0.0,0.0,0.0,2.4121888811351475,4.824377762270295,2.4121888811351475,0.0,0.0,0.0
2014-01-01,0.0,0.0,21.0,0.0,0.0,0.0,0.0,0.0,0.0,1.0,0.0,8.0,0.0,0.0,0.0,0.0,0.0,0.0,0.0,0.0,0.0,0.0,0.0,0.0,0.0,0.0,0.0,0.0,0.0,0.0,0.0,12.051133062173156,1.0,0.0,0.0,0.0,0.0,0.0,14.923930921052632,0.0,0.0,0.0,0.0,0.0,0.0,0.0,0.0,35.11683034202506,0.0,0.0,0.0,0.0,0.0,0.0,0.0,0.0,0.0,0.0,0.0,0.0,0.0,0.0,0.0,0.0,0.0,0.0,13.423948220064725,46.983818770226534,0.0,0.0,0.0,0.0,0.0,0.0,21.998302927450148,0.0,0.0,0.0,0.0,0.0,0.0,0.0,0.0,35.77342348558024,0.0,0.0,0.0,0.0,0.0,0.0,0.0,0.0,0.0,0.0,0.0,0.0,0.0,0.0,0.0,0.0,0.0,0.0,0.0,0.0,0.0,0.0,0.0,0.0,0.0,0.0,0.0,0.0,0.0,0.0,0.0,0.0,0.0,0.0,0.0,0.0,0.0,0.0,0.0,0.0,0.0,0.0,0.0,0.0,0.0,0.0,0.0,0.0,0.0,0.0,0.0,0.0,0.0,0.0,0.0,0.0,0.0,0.0,0.0,0.0,0.0,0.0,0.0,0.0,0.0,0.0,0.0,0.0,0.0,0.0,0.0,0.0,20.698602794411176,82.7944111776447,20.698602794411176,0.0,0.0,0.0,0.0,0.0,0.0,0.0,0.0,0.0,0.0,0.0,0.0,0.0,0.0,0.0,0.0,0.0,0.0,0.0,0.0,0.0,0.0,0.0,3.676001417936902,0.0,0.0,0.0,0.0,0.0,0.0,0.0,0.0,0.0,0.0,0.0,0.0,0.0,0.0,29.439318665720368,0.0,0.0,0.0,0.0,0.0,0.0,0.0,0.0,0.0,7.359829666430092,0.0,0.0,0.0,0.0,0.0,0.0,0.0,0.0,0.0,0.0,0.0,0.0,0.0,0.0,0.0,0.0,0.0,0.0,0.0,0.0,0.0,0.0,0.0,0.0,0.0,0.0,0.0,0.0,0.0,0.0,0.0,0.0,0.0,0.0,0.0,0.0,0.0,0.0,0.0,0.0,0.0,0.0,0.0,0.0,0.0,4.824377762270295,4.824377762270295,0.0,0.0,0.0
2014-02-01,0.0,0.0,2.0,0.0,0.0,0.0,0.0,0.0,0.0,0.0,0.0,8.0,0.0,0.0,0.0,0.0,0.0,0.0,0.0,0.0,0.0,0.0,0.0,0.0,0.0,0.0,0.0,0.0,0.0,0.0,0.0,9.038349796629866,1.0,0.0,0.0,0.0,0.0,0.0,0.0,0.0,0.0,0.0,0.0,0.0,0.0,0.0,0.0,21.070098205215036,0.0,0.0,0.0,0.0,0.0,0.0,0.0,0.0,0.0,0.0,0.0,0.0,0.0,0.0,0.0,0.0,0.0,0.0,13.423948220064725,33.55987055016181,0.0,0.0,0.0,0.0,0.0,0.0,0.0,0.0,0.0,0.0,0.0,0.0,0.0,0.0,0.0,31.480612667310613,0.0,0.0,0.0,0.0,0.0,0.0,0.0,0.0,0.0,0.0,0.0,0.0,0.0,0.0,0.0,0.0,0.0,0.0,0.0,0.0,0.0,0.0,0.0,0.0,0.0,0.0,0.0,0.0,0.0,0.0,0.0,0.0,0.0,0.0,0.0,0.0,0.0,0.0,0.0,0.0,0.0,0.0,0.0,0.0,0.0,0.0,0.0,0.0,0.0,0.0,0.0,0.0,0.0,0.0,0.0,0.0,0.0,0.0,0.0,0.0,0.0,0.0,0.0,0.0,0.0,0.0,0.0,0.0,0.0,0.0,0.0,0.0,20.698602794411176,82.7944111776447,20.698602794411176,0.0,0.0,0.0,0.0,1.838000708968451,0.0,0.0,0.0,0.0,0.0,0.0,0.0,0.0,0.0,0.0,0.0,0.0,0.0,0.0,0.0,0.0,0.0,0.0,1.838000708968451,0.0,0.0,0.0,0.0,0.0,0.0,0.0,0.0,0.0,0.0,0.0,0.0,0.0,0.0,22.079488999290277,0.0,0.0,0.0,0.0,0.0,0.0,0.0,0.0,0.0,7.359829666430092,0.0,0.0,0.0,0.0,0.0,0.0,0.0,0.0,0.0,0.0,0.0,0.0,0.0,0.0,0.0,0.0,0.0,0.0,0.0,0.0,0.0,0.0,0.0,0.0,0.0,0.0,0.0,0.0,0.0,0.0,0.0,0.0,0.0,0.0,0.0,0.0,0.0,0.0,0.0,0.0,0.0,0.0,0.0,0.0,0.0,4.824377762270295,4.824377762270295,0.0,0.0,0.0
2014-03-01,0.0,0.0,3.0,0.0,0.0,0.0,0.0,0.0,0.0,1.0,0.0,7.0,0.0,0.0,0.0,0.0,0.0,0.0,0.0,0.0,0.0,0.0,0.0,0.0,0.0,0.0,0.0,0.0,0.0,0.0,0.0,9.038349796629866,1.0,0.0,0.0,0.0,0.0,0.0,0.0,0.0,0.0,0.0,0.0,0.0,0.0,0.0,0.0,22.82593972231629,0.0,0.0,0.0,0.0,0.0,0.0,0.0,0.0,0.0,0.0,0.0,0.0,0.0,0.0,0.0,0.0,0.0,0.0,13.423948220064725,26.84789644012945,0.0,0.0,0.0,0.0,0.0,0.0,17.59864234196012,0.0,0.0,0.0,0.0,0.0,0.0,0.0,0.0,30.049675727887404,0.0,0.0,0.0,0.0,0.0,0.0,0.0,0.0,0.0,0.0,0.0,0.0,0.0,0.0,0.0,0.0,0.0,0.0,0.0,0.0,0.0,0.0,0.0,0.0,0.0,0.0,0.0,0.0,0.0,0.0,0.0,0.0,0.0,0.0,0.0,0.0,0.0,0.0,0.0,0.0,0.0,0.0,0.0,0.0,0.0,0.0,0.0,0.0,0.0,0.0,0.0,0.0,0.0,0.0,0.0,0.0,0.0,0.0,0.0,0.0,0.0,0.0,0.0,0.0,0.0,0.0,0.0,0.0,0.0,0.0,0.0,0.0,20.698602794411176,62.09580838323353,20.698602794411176,0.0,0.0,0.0,0.0,1.838000708968451,0.0,0.0,0.0,0.0,0.0,0.0,0.0,0.0,0.0,0.0,0.0,0.0,0.0,0.0,0.0,0.0,0.0,0.0,3.676001417936902,0.0,0.0,0.0,0.0,0.0,2.4532765554766973,0.0,0.0,0.0,0.0,0.0,0.0,0.0,0.0,12.266382777383487,0.0,0.0,0.0,0.0,0.0,0.0,0.0,0.0,0.0,7.359829666430092,0.0,0.0,0.0,0.0,0.0,0.0,0.0,2.4121888811351475,0.0,0.0,0.0,0.0,0.0,0.0,0.0,0.0,0.0,0.0,0.0,0.0,0.0,0.0,0.0,0.0,0.0,0.0,0.0,0.0,0.0,0.0,0.0,0.0,0.0,0.0,0.0,0.0,0.0,0.0,0.0,0.0,0.0,0.0,0.0,0.0,0.0,4.824377762270295,4.824377762270295,0.0,0.0,0.0
2014-04-01,0.0,0.0,4.0,0.0,0.0,0.0,0.0,0.0,0.0,1.0,0.0,8.0,0.0,0.0,0.0,0.0,1.0,0.0,0.0,0.0,0.0,0.0,0.0,0.0,0.0,0.0,0.0,0.0,0.0,0.0,0.0,12.051133062173156,1.0,0.0,0.0,0.0,0.0,0.0,0.0,0.0,0.0,0.0,0.0,0.0,0.0,8.779207585506265,0.0,19.314256688113783,0.0,0.0,0.0,0.0,0.0,0.0,0.0,0.0,0.0,0.0,0.0,0.0,0.0,0.0,0.0,0.0,0.0,0.0,13.423948220064725,26.84789644012945,0.0,0.0,0.0,0.0,0.0,0.0,35.19728468392024,0.0,0.0,0.0,0.0,0.0,0.0,0.0,0.0,44.3590451221195,0.0,0.0,0.0,0.0,0.0,0.0,0.0,0.0,0.0,0.0,0.0,0.0,0.0,0.0,0.0,0.0,0.0,0.0,0.0,0.0,0.0,0.0,0.0,0.0,0.0,0.0,0.0,0.0,0.0,0.0,0.0,12.492303573818766,0.0,0.0,0.0,0.0,0.0,0.0,0.0,0.0,0.0,0.0,0.0,0.0,0.0,0.0,0.0,0.0,0.0,0.0,0.0,0.0,0.0,0.0,0.0,0.0,0.0,0.0,0.0,0.0,0.0,0.0,0.0,0.0,0.0,0.0,0.0,0.0,0.0,0.0,0.0,0.0,20.698602794411176,103.49301397205588,20.698602794411176,0.0,0.0,0.0,0.0,3.676001417936902,0.0,0.0,0.0,0.0,0.0,0.0,0.0,0.0,0.0,0.0,0.0,0.0,0.0,0.0,0.0,0.0,0.0,0.0,3.676001417936902,0.0,0.0,0.0,0.0,0.0,4.906553110953395,0.0,0.0,0.0,0.0,0.0,0.0,0.0,0.0,9.81310622190679,0.0,0.0,0.0,0.0,0.0,0.0,0.0,0.0,0.0,9.81310622190679,2.4532765554766973,0.0,0.0,0.0,0.0,0.0,0.0,2.4121888811351475,0.0,0.0,0.0,0.0,0.0,0.0,0.0,0.0,0.0,0.0,0.0,0.0,0.0,0.0,0.0,0.0,0.0,0.0,0.0,0.0,0.0,0.0,0.0,0.0,0.0,0.0,0.0,0.0,0.0,0.0,0.0,0.0,0.0,0.0,0.0,0.0,0.0,4.824377762270295,4.824377762270295,0.0,0.0,0.0
2014-05-01,0.0,0.0,3.0,0.0,0.0,0.0,0.0,0.0,0.0,0.0,0.0,8.0,0.0,0.0,0.0,0.0,1.0,0.0,0.0,0.0,0.0,0.0,0.0,0.0,0.0,0.0,0.0,0.0,0.0,0.0,0.0,12.051133062173156,1.0,0.0,0.0,0.0,0.0,0.0,0.0,0.0,0.0,0.0,0.0,0.0,0.0,0.0,0.0,17.55841517101253,0.0,0.0,0.0,0.0,0.0,0.0,0.0,0.0,0.0,0.0,0.0,0.0,0.0,0.0,0.0,0.0,0.0,0.0,20.135922330097088,26.84789644012945,0.0,0.0,0.0,0.0,0.0,0.0,39.59694526941027,0.0,0.0,0.0,0.0,0.0,0.0,0.0,0.0,40.06623430384987,0.0,0.0,0.0,0.0,0.0,0.0,0.0,0.0,0.0,0.0,0.0,0.0,0.0,0.0,13.880337304243074,0.0,0.0,0.0,0.0,0.0,11.810933940774488,0.0,0.0,0.0,0.0,0.0,0.0,0.0,0.0,0.0,0.0,0.0,0.0,0.0,0.0,0.0,0.0,0.0,0.0,0.0,0.0,0.0,0.0,0.0,0.0,0.0,0.0,0.0,0.0,0.0,0.0,0.0,0.0,0.0,0.0,0.0,0.0,0.0,0.0,0.0,0.0,0.0,0.0,0.0,0.0,0.0,0.0,0.0,0.0,0.0,0.0,0.0,20.698602794411176,103.49301397205588,41.39720558882235,0.0,0.0,0.0,0.0,3.676001417936902,0.0,0.0,0.0,0.0,0.0,0.0,0.0,0.0,0.0,0.0,0.0,0.0,0.0,0.0,0.0,0.0,0.0,0.0,5.5140021269053525,1.838000708968451,0.0,0.0,0.0,0.0,4.906553110953395,0.0,0.0,0.0,0.0,0.0,0.0,0.0,0.0,17.17293588833688,0.0,0.0,0.0,0.0,0.0,0.0,0.0,0.0,0.0,9.81310622190679,2.4532765554766973,0.0,0.0,0.0,0.0,0.0,0.0,4.824377762270295,0.0,0.0,0.0,0.0,0.0,0.0,0.0,0.0,0.0,0.0,0.0,0.0,0.0,0.0,0.0,0.0,0.0,0.0,0.0,0.0,0.0,0.0,0.0,0.0,0.0,0.0,0.0,0.0,0.0,0.0,0.0,0.0,0.0,0.0,0.0,0.0,0.0,4.824377762270295,9.64875552454059,0.0,0.0,0.0
2014-06-01,0.0,0.0,5.0,0.0,0.0,0.0,0.0,0.0,0.0,0.0,0.0,10.0,0.0,0.0,0.0,0.0,0.0,0.0,0.0,0.0,1.0,0.0,0.0,0.0,0.0,0.0,0.0,0.0,0.0,0.0,0.0,15.063916327716445,4.0,0.0,0.0,0.0,0.0,0.0,8.52796052631579,0.0,0.0,0.0,0.0,0.0,0.0,0.0,10.535049102607518,28.093464273620047,0.0,0.0,0.0,0.0,0.0,0.0,0.0,0.0,0.0,0.0,0.0,0.0,0.0,0.0,0.0,0.0,0.0,0.0,0.0,40.271844660194176,15.028985507246377,0.0,0.0,0.0,0.0,0.0,65.99490878235045,0.0,0.0,0.0,0.0,0.0,0.0,0.0,0.0,52.944666758658755,0.0,0.0,0.0,0.0,0.0,0.0,0.0,0.0,0.0,0.0,0.0,0.0,0.0,0.0,0.0,0.0,0.0,0.0,0.0,0.0,47.24373576309795,0.0,0.0,0.0,0.0,0.0,0.0,0.0,0.0,0.0,0.0,0.0,0.0,0.0,0.0,0.0,0.0,0.0,0.0,0.0,0.0,0.0,0.0,0.0,0.0,0.0,0.0,0.0,0.0,0.0,0.0,0.0,0.0,0.0,0.0,0.0,0.0,29.148708338910453,0.0,0.0,0.0,0.0,0.0,0.0,0.0,0.0,0.0,0.0,0.0,0.0,0.0,0.0,0.0,103.49301397205588,82.7944111776447,0.0,0.0,0.0,0.0,5.5140021269053525,0.0,0.0,0.0,0.0,0.0,0.0,0.0,0.0,0.0,0.0,0.0,0.0,0.0,0.0,0.0,0.0,0.0,0.0,3.676001417936902,3.676001417936902,0.0,0.0,0.0,0.0,12.266382777383487,0.0,0.0,0.0,0.0,2.4532765554766973,0.0,0.0,0.0,76.05157321977762,0.0,0.0,0.0,0.0,0.0,0.0,0.0,0.0,0.0,12.266382777383487,12.266382777383487,0.0,0.0,0.0,0.0,0.0,0.0,26.534077692486623,0.0,0.0,0.0,0.0,0.0,0.0,0.0,0.0,0.0,0.0,0.0,0.0,0.0,0.0,0.0,0.0,0.0,0.0,0.0,0.0,0.0,0.0,0.0,0.0,0.0,0.0,0.0,0.0,0.0,0.0,0.0,0.0,0.0,0.0,0.0,0.0,0.0,7.2365666434054425,28.94626657362177,0.0,0.0,0.0
2014-07-01,0.0,0.0,7.0,0.0,0.0,0.0,0.0,0.0,0.0,1.0,0.0,8.0,0.0,0.0,1.0,0.0,0.0,0.0,0.0,0.0,1.0,0.0,0.0,1.0,0.0,0.0,0.0,0.0,0.0,0.0,0.0,12.051133062173156,4.0,0.0,0.0,0.0,0.0,0.0,8.52796052631579,0.0,0.0,0.0,0.0,0.0,0.0,0.0,0.0,33.36098882492381,0.0,0.0,0.0,0.0,0.0,0.0,0.0,0.0,0.0,0.0,0.0,0.0,0.0,0.0,0.0,0.0,0.0,0.0,13.423948220064725,46.983818770226534,24.046376811594204,0.0,0.0,0.0,0.0,0.0,65.99490878235045,0.0,0.0,0.0,0.0,0.0,0.0,0.0,0.0,44.3590451221195,0.0,0.0,0.0,0.0,0.0,0.0,0.0,0.0,0.0,0.0,0.0,0.0,0.0,0.0,0.0,0.0,0.0,0.0,0.0,0.0,59.05466970387244,0.0,0.0,0.0,0.0,0.0,0.0,0.0,0.0,0.0,0.0,0.0,0.0,0.0,0.0,0.0,0.0,0.0,0.0,0.0,0.0,0.0,0.0,0.0,0.0,0.0,0.0,0.0,0.0,0.0,0.0,0.0,0.0,0.0,0.0,0.0,0.0,29.148708338910453,0.0,0.0,0.0,0.0,0.0,0.0,0.0,0.0,0.0,0.0,0.0,0.0,0.0,0.0,0.0,82.7944111776447,124.19161676646706,0.0,0.0,0.0,0.0,9.190003544842254,0.0,0.0,0.0,0.0,0.0,0.0,0.0,0.0,0.0,0.0,0.0,0.0,0.0,0.0,0.0,0.0,0.0,0.0,7.352002835873804,5.5140021269053525,0.0,0.0,0.0,0.0,14.719659332860184,0.0,0.0,0.0,0.0,2.4532765554766973,0.0,0.0,0.0,17.17293588833688,0.0,0.0,0.0,0.0,0.0,0.0,0.0,0.0,0.0,17.17293588833688,14.719659332860184,0.0,0.0,0.0,0.0,0.0,0.0,33.770644335892065,0.0,0.0,0.0,0.0,0.0,0.0,0.0,0.0,0.0,0.0,0.0,0.0,0.0,0.0,0.0,0.0,0.0,0.0,0.0,0.0,0.0,0.0,0.0,0.0,0.0,0.0,0.0,0.0,0.0,0.0,0.0,0.0,0.0,0.0,0.0,0.0,0.0,7.2365666434054425,33.770644335892065,0.0,0.0,0.0
2014-08-01,0.0,0.0,14.0,1.0,0.0,0.0,0.0,0.0,0.0,1.0,0.0,11.0,0.0,0.0,0.0,0.0,2.0,0.0,0.0,0.0,1.0,0.0,0.0,0.0,0.0,0.0,0.0,0.0,0.0,0.0,0.0,15.063916327716445,3.0,0.0,0.0,0.0,0.0,0.0,12.791940789473685,0.0,0.0,0.0,0.0,0.0,0.0,0.0,0.0,45.65187944463258,0.0,0.0,0.0,0.0,0.0,0.0,0.0,0.0,0.0,0.0,0.0,0.0,0.0,0.0,0.0,0.0,0.0,0.0,0.0,46.983818770226534,12.023188405797102,0.0,0.0,0.0,0.0,0.0,61.59524819686042,0.0,0.0,0.0,0.0,0.0,0.0,0.0,0.0,38.63529736442666,0.0,0.0,0.0,0.0,0.0,0.0,0.0,0.0,0.0,0.0,0.0,0.0,0.0,0.0,0.0,0.0,0.0,0.0,0.0,0.0,47.24373576309795,0.0,0.0,0.0,0.0,0.0,0.0,0.0,0.0,0.0,0.0,0.0,0.0,0.0,0.0,0.0,0.0,0.0,0.0,0.0,0.0,0.0,0.0,0.0,0.0,0.0,0.0,0.0,0.0,0.0,0.0,0.0,0.0,0.0,0.0,0.0,0.0,0.0,0.0,0.0,0.0,0.0,0.0,0.0,0.0,0.0,0.0,0.0,0.0,0.0,0.0,0.0,20.698602794411176,103.49301397205588,62.09580838323353,0.0,0.0,0.0,0.0,11.028004253810705,0.0,0.0,1.838000708968451,1.838000708968451,0.0,0.0,0.0,0.0,0.0,0.0,0.0,0.0,0.0,0.0,0.0,0.0,0.0,0.0,9.190003544842254,7.352002835873804,0.0,0.0,0.0,0.0,17.17293588833688,0.0,0.0,0.0,0.0,2.4532765554766973,0.0,0.0,0.0,12.266382777383487,0.0,0.0,0.0,0.0,0.0,0.0,0.0,0.0,0.0,14.719659332860184,9.81310622190679,0.0,0.0,0.0,0.0,0.0,0.0,28.94626657362177,0.0,0.0,0.0,0.0,0.0,0.0,0.0,0.0,0.0,0.0,0.0,0.0,0.0,0.0,0.0,0.0,0.0,0.0,0.0,0.0,0.0,0.0,0.0,0.0,0.0,0.0,0.0,0.0,0.0,0.0,0.0,0.0,0.0,0.0,0.0,0.0,0.0,14.473133286810885,21.709699930216328,0.0,0.0,0.0
2014-09-01,0.0,0.0,5.0,0.0,0.0,0.0,0.0,0.0,0.0,1.0,0.0,11.0,0.0,0.0,0.0,1.0,1.0,0.0,0.0,0.0,1.0,0.0,0.0,0.0,0.0,0.0,0.0,0.0,0.0,0.0,0.0,15.063916327716445,5.0,0.0,0.0,0.0,0.0,0.0,0.0,0.0,0.0,0.0,0.0,0.0,0.0,0.0,0.0,36.872671859126314,0.0,0.0,0.0,0.0,0.0,0.0,0.0,0.0,0.0,0.0,0.0,0.0,0.0,0.0,0.0,0.0,0.0,0.0,6.711974110032362,53.6957928802589,13.52608695652174,0.0,0.0,0.0,0.0,0.0,39.59694526941027,0.0,0.0,0.0,0.0,0.0,0.0,0.0,0.0,42.92810818269629,0.0,0.0,0.0,0.0,0.0,0.0,0.0,0.0,0.0,0.0,0.0,0.0,0.0,0.0,0.0,0.0,0.0,0.0,0.0,0.0,11.810933940774488,0.0,0.0,0.0,0.0,0.0,0.0,0.0,0.0,0.0,0.0,0.0,0.0,0.0,0.0,0.0,0.0,0.0,0.0,0.0,0.0,0.0,0.0,0.0,0.0,0.0,0.0,0.0,0.0,0.0,0.0,0.0,0.0,0.0,0.0,0.0,0.0,12.492303573818766,0.0,0.0,0.0,0.0,0.0,0.0,0.0,0.0,0.0,0.0,0.0,0.0,0.0,0.0,20.698602794411176,103.49301397205588,41.39720558882235,0.0,0.0,0.0,0.0,7.352002835873804,0.0,0.0,3.676001417936902,0.0,0.0,0.0,0.0,0.0,0.0,0.0,0.0,0.0,0.0,0.0,0.0,0.0,0.0,0.0,12.866004962779156,3.676001417936902,0.0,0.0,0.0,0.0,12.266382777383487,0.0,0.0,0.0,0.0,2.4532765554766973,0.0,0.0,0.0,12.266382777383487,0.0,0.0,0.0,0.0,0.0,0.0,0.0,0.0,0.0,12.266382777383487,12.266382777383487,0.0,0.0,0.0,0.0,0.0,0.0,19.29751104908118,0.0,0.0,0.0,0.0,0.0,0.0,0.0,0.0,0.0,0.0,0.0,0.0,0.0,0.0,0.0,0.0,0.0,0.0,0.0,0.0,0.0,0.0,0.0,0.0,0.0,0.0,0.0,0.0,0.0,0.0,0.0,0.0,0.0,0.0,0.0,0.0,0.0,7.2365666434054425,12.060944405675738,0.0,0.0,0.0
2014-10-01,0.0,0.0,3.0,0.0,0.0,0.0,0.0,0.0,0.0,1.0,0.0,8.0,0.0,0.0,1.0,1.0,1.0,0.0,0.0,0.0,0.0,0.0,0.0,0.0,0.0,0.0,0.0,0.0,0.0,0.0,0.0,12.051133062173156,5.0,0.0,0.0,0.0,0.0,0.0,14.923930921052632,0.0,0.0,0.0,0.0,0.0,0.0,0.0,0.0,26.337622756518794,0.0,0.0,0.0,0.0,0.0,0.0,0.0,0.0,8.110010427528676,0.0,0.0,0.0,0.0,0.0,0.0,0.0,0.0,0.0,6.711974110032362,33.55987055016181,9.017391304347827,0.0,0.0,0.0,0.0,0.0,43.996605854900295,0.0,0.0,0.0,0.0,0.0,0.0,0.0,0.0,51.51372981923555,0.0,0.0,0.0,0.0,0.0,0.0,0.0,0.0,0.0,0.0,0.0,0.0,0.0,0.0,0.0,0.0,0.0,0.0,0.0,0.0,0.0,0.0,0.0,0.0,0.0,0.0,0.0,0.0,0.0,0.0,0.0,0.0,0.0,0.0,0.0,0.0,0.0,0.0,0.0,0.0,0.0,0.0,0.0,0.0,0.0,0.0,0.0,0.0,0.0,0.0,0.0,0.0,0.0,0.0,0.0,0.0,0.0,0.0,0.0,0.0,0.0,0.0,0.0,0.0,0.0,0.0,0.0,0.0,0.0,0.0,0.0,0.0,20.698602794411176,124.19161676646706,62.09580838323353,0.0,0.0,0.0,0.0,3.676001417936902,0.0,0.0,1.838000708968451,0.0,0.0,0.0,0.0,0.0,0.0,0.0,0.0,0.0,0.0,0.0,0.0,0.0,0.0,0.0,5.5140021269053525,1.838000708968451,0.0,0.0,0.0,0.0,12.266382777383487,0.0,0.0,0.0,0.0,2.4532765554766973,0.0,0.0,0.0,9.81310622190679,0.0,0.0,0.0,0.0,0.0,0.0,0.0,0.0,0.0,12.266382777383487,12.266382777383487,0.0,0.0,0.0,0.0,0.0,0.0,12.060944405675738,0.0,0.0,0.0,0.0,0.0,0.0,0.0,0.0,0.0,0.0,0.0,0.0,0.0,0.0,0.0,0.0,0.0,0.0,0.0,0.0,0.0,0.0,0.0,0.0,0.0,0.0,0.0,0.0,0.0,0.0,0.0,0.0,0.0,0.0,0.0,0.0,0.0,14.473133286810885,14.473133286810885,0.0,0.0,0.0
2014-11-01,0.0,0.0,2.0,0.0,0.0,0.0,0.0,0.0,0.0,0.0,0.0,7.0,0.0,0.0,1.0,0.0,0.0,0.0,0.0,0.0,0.0,0.0,0.0,0.0,0.0,0.0,0.0,0.0,0.0,0.0,0.0,9.038349796629866,5.0,0.0,0.0,0.0,0.0,0.0,0.0,0.0,0.0,0.0,0.0,0.0,0.0,0.0,0.0,22.82593972231629,0.0,0.0,0.0,0.0,0.0,0.0,0.0,0.0,21.626694473409803,0.0,0.0,0.0,0.0,0.0,0.0,0.0,0.0,0.0,6.711974110032362,26.84789644012945,36.06956521739131,0.0,0.0,0.0,0.0,0.0,13.19898175647009,0.0,0.0,0.0,0.0,0.0,0.0,0.0,0.0,40.06623430384987,0.0,0.0,0.0,0.0,0.0,0.0,0.0,0.0,0.0,0.0,0.0,0.0,0.0,0.0,0.0,0.0,0.0,0.0,0.0,0.0,0.0,0.0,0.0,0.0,0.0,0.0,0.0,0.0,0.0,0.0,0.0,15.26837103466738,0.0,0.0,0.0,0.0,0.0,0.0,0.0,0.0,0.0,0.0,0.0,0.0,0.0,0.0,0.0,0.0,0.0,0.0,0.0,0.0,0.0,0.0,0.0,0.0,0.0,0.0,0.0,0.0,0.0,0.0,0.0,0.0,0.0,0.0,0.0,0.0,0.0,0.0,0.0,0.0,20.698602794411176,82.7944111776447,41.39720558882235,0.0,0.0,0.0,0.0,1.838000708968451,0.0,0.0,0.0,0.0,0.0,0.0,0.0,0.0,0.0,0.0,0.0,0.0,0.0,0.0,0.0,0.0,0.0,0.0,3.676001417936902,1.838000708968451,0.0,0.0,0.0,0.0,2.4532765554766973,0.0,0.0,0.0,0.0,0.0,0.0,0.0,0.0,17.17293588833688,0.0,0.0,0.0,0.0,0.0,0.0,0.0,0.0,0.0,9.81310622190679,7.359829666430092,0.0,0.0,0.0,0.0,0.0,0.0,4.824377762270295,0.0,0.0,0.0,0.0,0.0,0.0,0.0,0.0,0.0,0.0,0.0,0.0,0.0,0.0,0.0,0.0,0.0,0.0,0.0,0.0,0.0,0.0,0.0,0.0,0.0,0.0,0.0,0.0,0.0,0.0,0.0,0.0,0.0,0.0,0.0,0.0,0.0,4.824377762270295,7.2365666434054425,0.0,0.0,0.0
2014-12-01,0.0,0.0,1.0,0.0,0.0,0.0,0.0,0.0,0.0,0.0,0.0,7.0,0.0,1.0,0.0,0.0,0.0,0.0,0.0,0.0,0.0,0.0,0.0,1.0,0.0,0.0,0.0,0.0,0.0,0.0,0.0,9.038349796629866,5.0,0.0,0.0,0.0,0.0,0.0,0.0,0.0,0.0,0.0,0.0,0.0,0.0,0.0,0.0,17.55841517101253,0.0,0.0,0.0,0.0,0.0,0.0,0.0,0.0,0.0,0.0,0.0,0.0,0.0,0.0,0.0,0.0,0.0,0.0,13.423948220064725,26.84789644012945,18.034782608695654,0.0,0.0,0.0,0.0,0.0,0.0,0.0,0.0,0.0,0.0,0.0,0.0,0.0,0.0,28.618738788464192,0.0,0.0,0.0,0.0,0.0,0.0,0.0,0.0,0.0,0.0,0.0,0.0,0.0,0.0,0.0,0.0,0.0,0.0,0.0,0.0,0.0,0.0,0.0,0.0,0.0,0.0,0.0,0.0,0.0,0.0,0.0,13.880337304243074,0.0,0.0,0.0,0.0,0.0,0.0,0.0,0.0,0.0,0.0,0.0,0.0,0.0,0.0,0.0,0.0,0.0,0.0,0.0,0.0,0.0,0.0,0.0,0.0,0.0,0.0,0.0,0.0,0.0,0.0,0.0,0.0,0.0,0.0,0.0,0.0,0.0,0.0,0.0,0.0,0.0,62.09580838323353,41.39720558882235,0.0,0.0,0.0,0.0,0.0,0.0,0.0,0.0,0.0,0.0,0.0,0.0,0.0,0.0,0.0,0.0,0.0,0.0,0.0,0.0,0.0,0.0,0.0,1.838000708968451,1.838000708968451,0.0,0.0,0.0,0.0,2.4532765554766973,0.0,0.0,0.0,0.0,0.0,0.0,0.0,0.0,17.17293588833688,0.0,0.0,0.0,0.0,0.0,0.0,0.0,0.0,0.0,4.906553110953395,7.359829666430092,0.0,0.0,0.0,0.0,0.0,0.0,2.4121888811351475,0.0,0.0,0.0,0.0,0.0,0.0,0.0,0.0,0.0,0.0,0.0,0.0,0.0,0.0,0.0,0.0,0.0,0.0,0.0,0.0,0.0,0.0,0.0,0.0,0.0,0.0,0.0,0.0,0.0,0.0,0.0,0.0,0.0,0.0,0.0,0.0,0.0,2.4121888811351475,4.824377762270295,0.0,0.0,0.0
2015-01-01,0.0,0.0,1.0,0.0,0.0,0.0,0.0,0.0,0.0,0.0,0.0,8.0,0.0,1.0,0.0,1.0,0.0,0.0,0.0,0.0,0.0,0.0,0.0,0.0,0.0,0.0,0.0,0.0,0.0,0.0,0.0,12.051133062173156,7.0,0.0,0.0,0.0,0.0,0.0,0.0,0.0,0.0,0.0,0.0,0.0,0.0,0.0,0.0,36.872671859126314,0.0,0.0,0.0,0.0,0.0,0.0,0.0,0.0,0.0,0.0,0.0,0.0,0.0,0.0,0.0,0.0,0.0,0.0,13.423948220064725,53.6957928802589,27.05217391304348,0.0,0.0,0.0,0.0,0.0,0.0,0.0,0.0,0.0,0.0,0.0,0.0,0.0,0.0,31.480612667310613,0.0,0.0,0.0,0.0,0.0,0.0,0.0,0.0,0.0,0.0,0.0,0.0,0.0,0.0,0.0,0.0,0.0,0.0,0.0,0.0,0.0,0.0,0.0,0.0,0.0,0.0,0.0,0.0,0.0,0.0,0.0,0.0,0.0,0.0,0.0,0.0,0.0,0.0,0.0,11.104269843394459,0.0,0.0,0.0,0.0,0.0,0.0,0.0,0.0,0.0,0.0,0.0,0.0,0.0,0.0,0.0,0.0,0.0,0.0,0.0,0.0,0.0,0.0,0.0,0.0,0.0,0.0,0.0,0.0,0.0,0.0,0.0,0.0,0.0,62.09580838323353,62.09580838323353,0.0,0.0,0.0,0.0,0.0,0.0,0.0,0.0,0.0,0.0,0.0,0.0,0.0,0.0,0.0,0.0,0.0,0.0,0.0,0.0,0.0,0.0,0.0,1.838000708968451,1.838000708968451,0.0,0.0,0.0,0.0,0.0,0.0,0.0,0.0,0.0,2.4532765554766973,0.0,0.0,0.0,29.439318665720368,0.0,0.0,0.0,0.0,0.0,0.0,0.0,0.0,0.0,4.906553110953395,12.266382777383487,0.0,0.0,0.0,0.0,0.0,0.0,0.0,0.0,0.0,0.0,0.0,0.0,0.0,0.0,0.0,0.0,0.0,0.0,0.0,0.0,0.0,0.0,0.0,0.0,0.0,0.0,0.0,0.0,0.0,0.0,0.0,0.0,0.0,0.0,0.0,0.0,0.0,0.0,0.0,0.0,0.0,0.0,0.0,0.0,2.4121888811351475,4.824377762270295,0.0,0.0,0.0
2015-02-01,0.0,0.0,1.0,0.0,0.0,0.0,0.0,0.0,0.0,1.0,1.0,14.0,0.0,0.0,0.0,0.0,0.0,0.0,0.0,0.0,0.0,0.0,0.0,0.0,0.0,0.0,0.0,0.0,0.0,0.0,0.0,18.076699593259733,3.0,0.0,0.0,0.0,0.0,0.0,0.0,0.0,0.0,0.0,0.0,0.0,0.0,0.0,0.0,38.628513376227566,0.0,0.0,0.0,0.0,0.0,0.0,0.0,0.0,0.0,0.0,0.0,0.0,0.0,0.0,0.0,0.0,0.0,0.0,13.423948220064725,53.6957928802589,9.017391304347827,0.0,0.0,0.0,0.0,0.0,0.0,0.0,0.0,0.0,0.0,0.0,0.0,0.0,0.0,32.91154960673382,0.0,0.0,0.0,0.0,0.0,0.0,0.0,0.0,0.0,0.0,0.0,0.0,0.0,0.0,0.0,0.0,0.0,0.0,0.0,0.0,0.0,0.0,0.0,0.0,0.0,0.0,0.0,0.0,0.0,0.0,0.0,0.0,0.0,0.0,0.0,0.0,0.0,0.0,0.0,0.0,0.0,0.0,0.0,0.0,0.0,0.0,0.0,0.0,0.0,0.0,0.0,0.0,0.0,0.0,0.0,0.0,0.0,0.0,0.0,0.0,0.0,0.0,0.0,0.0,0.0,0.0,0.0,0.0,0.0,0.0,0.0,0.0,20.698602794411176,62.09580838323353,20.698602794411176,0.0,0.0,0.0,0.0,0.0,0.0,0.0,0.0,0.0,0.0,0.0,0.0,0.0,0.0,0.0,0.0,0.0,0.0,0.0,0.0,0.0,0.0,0.0,1.838000708968451,0.0,0.0,0.0,0.0,0.0,2.4532765554766973,0.0,0.0,0.0,0.0,0.0,0.0,0.0,0.0,17.17293588833688,0.0,0.0,0.0,0.0,0.0,0.0,0.0,0.0,0.0,4.906553110953395,4.906553110953395,0.0,0.0,0.0,0.0,0.0,0.0,0.0,0.0,0.0,0.0,0.0,0.0,0.0,0.0,0.0,0.0,0.0,0.0,0.0,0.0,0.0,0.0,0.0,0.0,0.0,0.0,0.0,0.0,0.0,0.0,0.0,0.0,0.0,0.0,0.0,0.0,0.0,0.0,0.0,0.0,0.0,0.0,0.0,0.0,2.4121888811351475,2.4121888811351475,0.0,0.0,0.0
2015-03-01,0.0,0.0,2.0,0.0,0.0,0.0,0.0,0.0,0.0,1.0,0.0,7.0,0.0,0.0,0.0,0.0,0.0,0.0,0.0,0.0,0.0,0.0,0.0,0.0,0.0,0.0,0.0,0.0,0.0,0.0,0.0,12.051133062173156,3.0,0.0,0.0,0.0,0.0,0.0,0.0,0.0,0.0,0.0,0.0,0.0,0.0,0.0,0.0,24.58178123941754,0.0,0.0,0.0,0.0,0.0,0.0,0.0,0.0,0.0,0.0,0.0,0.0,0.0,0.0,0.0,0.0,0.0,0.0,13.423948220064725,26.84789644012945,10.520289855072464,0.0,0.0,0.0,0.0,0.0,0.0,0.0,0.0,0.0,0.0,0.0,0.0,0.0,0.0,30.049675727887404,0.0,0.0,0.0,0.0,0.0,0.0,0.0,0.0,0.0,0.0,0.0,0.0,0.0,0.0,0.0,0.0,0.0,0.0,0.0,0.0,0.0,0.0,0.0,0.0,0.0,0.0,0.0,0.0,0.0,0.0,0.0,0.0,0.0,0.0,0.0,0.0,0.0,0.0,0.0,0.0,0.0,0.0,0.0,0.0,0.0,0.0,0.0,0.0,0.0,0.0,0.0,0.0,0.0,0.0,0.0,0.0,0.0,0.0,0.0,0.0,0.0,0.0,0.0,0.0,0.0,0.0,0.0,0.0,0.0,0.0,0.0,0.0,0.0,82.7944111776447,20.698602794411176,0.0,0.0,0.0,0.0,1.838000708968451,0.0,0.0,0.0,0.0,0.0,0.0,0.0,0.0,0.0,0.0,0.0,0.0,0.0,0.0,0.0,0.0,0.0,0.0,3.676001417936902,0.0,0.0,0.0,0.0,0.0,2.4532765554766973,0.0,0.0,0.0,0.0,0.0,0.0,0.0,0.0,12.266382777383487,0.0,0.0,0.0,0.0,0.0,0.0,0.0,0.0,0.0,7.359829666430092,4.906553110953395,0.0,0.0,0.0,0.0,0.0,0.0,0.0,0.0,0.0,0.0,0.0,0.0,0.0,0.0,0.0,0.0,0.0,0.0,0.0,0.0,0.0,0.0,0.0,0.0,0.0,0.0,0.0,0.0,0.0,0.0,0.0,0.0,0.0,0.0,0.0,0.0,0.0,0.0,0.0,0.0,0.0,0.0,0.0,0.0,2.4121888811351475,2.4121888811351475,0.0,0.0,0.0
2015-04-01,0.0,0.0,3.0,0.0,0.0,0.0,0.0,0.0,0.0,1.0,0.0,9.0,0.0,0.0,0.0,0.0,0.0,0.0,0.0,1.0,1.0,0.0,0.0,0.0,0.0,0.0,0.0,0.0,0.0,0.0,0.0,12.051133062173156,2.0,0.0,0.0,0.0,0.0,0.0,0.0,0.0,0.0,0.0,0.0,0.0,0.0,0.0,0.0,21.070098205215036,0.0,0.0,0.0,0.0,0.0,0.0,0.0,0.0,0.0,0.0,0.0,0.0,0.0,0.0,0.0,0.0,0.0,0.0,13.423948220064725,33.55987055016181,0.0,0.0,0.0,0.0,0.0,0.0,13.19898175647009,0.0,0.0,0.0,0.0,0.0,0.0,0.0,0.0,30.049675727887404,0.0,0.0,0.0,0.0,0.0,0.0,0.0,0.0,0.0,0.0,0.0,0.0,0.0,0.0,0.0,0.0,0.0,0.0,0.0,0.0,0.0,0.0,0.0,0.0,0.0,0.0,0.0,0.0,0.0,0.0,0.0,0.0,0.0,0.0,0.0,0.0,0.0,0.0,0.0,0.0,0.0,0.0,0.0,0.0,0.0,0.0,0.0,0.0,0.0,0.0,0.0,0.0,0.0,0.0,0.0,0.0,0.0,0.0,0.0,0.0,0.0,0.0,0.0,0.0,0.0,0.0,0.0,0.0,0.0,0.0,0.0,0.0,0.0,82.7944111776447,20.698602794411176,0.0,0.0,0.0,0.0,1.838000708968451,0.0,0.0,0.0,0.0,0.0,0.0,0.0,0.0,0.0,0.0,0.0,0.0,0.0,0.0,0.0,0.0,0.0,0.0,3.676001417936902,1.838000708968451,0.0,0.0,0.0,0.0,4.906553110953395,0.0,0.0,0.0,0.0,0.0,0.0,0.0,0.0,12.266382777383487,0.0,0.0,0.0,0.0,0.0,0.0,0.0,0.0,0.0,14.719659332860184,4.906553110953395,0.0,0.0,0.0,0.0,0.0,0.0,2.4121888811351475,0.0,0.0,0.0,0.0,0.0,0.0,0.0,0.0,0.0,0.0,0.0,0.0,0.0,0.0,0.0,0.0,0.0,0.0,0.0,0.0,0.0,0.0,0.0,0.0,0.0,0.0,0.0,0.0,0.0,0.0,0.0,0.0,0.0,0.0,0.0,0.0,0.0,2.4121888811351475,2.4121888811351475,0.0,0.0,0.0
2015-05-01,0.0,0.0,6.0,0.0,0.0,0.0,0.0,0.0,0.0,1.0,0.0,8.0,0.0,0.0,0.0,0.0,0.0,0.0,0.0,0.0,0.0,0.0,0.0,0.0,0.0,0.0,0.0,0.0,0.0,0.0,0.0,12.051133062173156,2.0,0.0,0.0,0.0,0.0,0.0,0.0,0.0,0.0,0.0,0.0,0.0,0.0,0.0,0.0,17.55841517101253,0.0,0.0,0.0,0.0,0.0,0.0,0.0,0.0,0.0,0.0,0.0,0.0,0.0,0.0,0.0,0.0,0.0,0.0,13.423948220064725,26.84789644012945,0.0,0.0,0.0,0.0,0.0,0.0,30.79762409843021,0.0,0.0,0.0,0.0,0.0,0.0,0.0,0.0,37.20436042500345,0.0,0.0,0.0,0.0,0.0,0.0,0.0,0.0,0.0,0.0,0.0,0.0,0.0,0.0,0.0,0.0,0.0,0.0,0.0,0.0,11.810933940774488,0.0,0.0,0.0,0.0,0.0,0.0,0.0,0.0,0.0,0.0,0.0,0.0,0.0,0.0,0.0,0.0,0.0,0.0,0.0,0.0,0.0,0.0,0.0,0.0,0.0,0.0,0.0,0.0,0.0,0.0,0.0,0.0,0.0,0.0,0.0,0.0,0.0,0.0,0.0,0.0,0.0,0.0,0.0,0.0,0.0,0.0,0.0,0.0,0.0,0.0,0.0,20.698602794411176,82.7944111776447,20.698602794411176,0.0,0.0,0.0,0.0,5.5140021269053525,0.0,0.0,0.0,0.0,0.0,0.0,0.0,0.0,0.0,0.0,0.0,0.0,0.0,0.0,0.0,0.0,0.0,0.0,3.676001417936902,1.838000708968451,0.0,0.0,0.0,0.0,9.81310622190679,0.0,0.0,0.0,0.0,0.0,0.0,0.0,0.0,14.719659332860184,0.0,0.0,0.0,0.0,0.0,0.0,0.0,0.0,0.0,7.359829666430092,7.359829666430092,0.0,0.0,0.0,0.0,0.0,0.0,9.64875552454059,0.0,0.0,0.0,0.0,0.0,0.0,0.0,0.0,0.0,0.0,0.0,0.0,0.0,0.0,0.0,0.0,0.0,0.0,0.0,0.0,0.0,0.0,0.0,0.0,0.0,0.0,0.0,0.0,0.0,0.0,0.0,0.0,0.0,0.0,0.0,0.0,0.0,2.4121888811351475,4.824377762270295,0.0,0.0,0.0
2015-06-01,0.0,0.0,8.0,0.0,0.0,0.0,0.0,0.0,0.0,0.0,0.0,8.0,0.0,0.0,0.0,0.0,1.0,0.0,0.0,0.0,0.0,0.0,0.0,0.0,0.0,0.0,0.0,0.0,0.0,0.0,0.0,12.051133062173156,2.0,0.0,0.0,0.0,0.0,0.0,19.187911184210527,0.0,0.0,0.0,0.0,0.0,0.0,0.0,0.0,22.82593972231629,0.0,0.0,0.0,0.0,0.0,0.0,0.0,9.092060399415491,24.330031282586027,0.0,0.0,0.0,0.0,0.0,0.0,0.0,0.0,0.0,13.423948220064725,33.55987055016181,0.0,0.0,0.0,0.0,0.0,0.0,43.996605854900295,0.0,0.0,0.0,0.0,0.0,0.0,0.0,0.0,35.77342348558024,0.0,0.0,0.0,0.0,0.0,0.0,0.0,0.0,0.0,0.0,0.0,0.0,0.0,0.0,0.0,0.0,0.0,0.0,0.0,0.0,35.43280182232346,0.0,0.0,0.0,0.0,0.0,0.0,0.0,0.0,0.0,0.0,0.0,0.0,0.0,0.0,0.0,0.0,0.0,0.0,0.0,0.0,0.0,0.0,0.0,0.0,0.0,0.0,0.0,0.0,0.0,0.0,0.0,0.0,0.0,0.0,0.0,0.0,16.656404765091686,0.0,0.0,0.0,0.0,0.0,0.0,0.0,0.0,0.0,0.0,0.0,0.0,0.0,0.0,20.698602794411176,82.7944111776447,20.698602794411176,0.0,0.0,0.0,0.0,7.352002835873804,0.0,0.0,0.0,0.0,0.0,0.0,0.0,0.0,0.0,0.0,0.0,0.0,0.0,0.0,0.0,0.0,0.0,0.0,3.676001417936902,1.838000708968451,0.0,0.0,0.0,0.0,14.719659332860184,0.0,0.0,0.0,0.0,0.0,0.0,0.0,0.0,71.14502010882423,0.0,0.0,0.0,0.0,0.0,0.0,0.0,0.0,0.0,7.359829666430092,4.906553110953395,0.0,0.0,0.0,0.0,0.0,0.0,26.534077692486623,0.0,0.0,0.0,0.0,0.0,0.0,0.0,0.0,0.0,0.0,0.0,0.0,0.0,0.0,0.0,0.0,0.0,0.0,0.0,0.0,0.0,0.0,0.0,0.0,0.0,0.0,0.0,0.0,0.0,0.0,0.0,0.0,0.0,0.0,0.0,0.0,0.0,4.824377762270295,7.2365666434054425,0.0,0.0,0.0
2015-07-01,0.0,0.0,13.0,0.0,0.0,0.0,0.0,0.0,0.0,1.0,0.0,9.0,0.0,0.0,0.0,0.0,1.0,0.0,0.0,0.0,0.0,0.0,0.0,0.0,0.0,0.0,0.0,0.0,0.0,0.0,0.0,12.051133062173156,2.0,0.0,0.0,0.0,0.0,0.0,23.45189144736842,0.0,0.0,0.0,0.0,0.0,0.0,0.0,0.0,21.070098205215036,0.0,0.0,0.0,0.0,0.0,0.0,0.0,0.0,8.110010427528676,0.0,0.0,0.0,0.0,0.0,0.0,0.0,0.0,0.0,13.423948220064725,33.55987055016181,0.0,0.0,0.0,0.0,0.0,0.0,87.99321170980059,0.0,0.0,0.0,0.0,0.0,0.0,0.0,0.0,47.22091900096592,0.0,0.0,0.0,0.0,0.0,0.0,0.0,0.0,0.0,0.0,0.0,0.0,0.0,0.0,0.0,0.0,0.0,0.0,0.0,0.0,82.67653758542141,0.0,0.0,0.0,0.0,0.0,0.0,0.0,0.0,0.0,0.0,0.0,0.0,0.0,0.0,0.0,0.0,0.0,0.0,0.0,0.0,0.0,0.0,0.0,0.0,0.0,0.0,0.0,0.0,0.0,0.0,0.0,0.0,0.0,0.0,0.0,0.0,29.148708338910453,0.0,0.0,0.0,0.0,0.0,0.0,0.0,0.0,0.0,0.0,0.0,0.0,0.0,0.0,0.0,144.89021956087822,62.09580838323353,0.0,0.0,0.0,0.0,11.028004253810705,0.0,0.0,1.838000708968451,0.0,0.0,0.0,0.0,0.0,0.0,0.0,0.0,0.0,0.0,0.0,0.0,0.0,0.0,0.0,9.190003544842254,1.838000708968451,0.0,0.0,0.0,0.0,24.532765554766975,0.0,0.0,0.0,0.0,0.0,0.0,0.0,0.0,14.719659332860184,0.0,0.0,0.0,0.0,0.0,0.0,0.0,0.0,0.0,9.81310622190679,4.906553110953395,0.0,0.0,0.0,0.0,0.0,0.0,31.358455454756918,0.0,0.0,0.0,0.0,0.0,0.0,0.0,0.0,0.0,0.0,0.0,0.0,0.0,0.0,0.0,0.0,0.0,0.0,0.0,0.0,0.0,0.0,0.0,0.0,0.0,0.0,0.0,0.0,0.0,0.0,0.0,0.0,0.0,0.0,0.0,0.0,0.0,4.824377762270295,7.2365666434054425,0.0,0.0,0.0
2015-08-01,0.0,0.0,22.0,0.0,0.0,0.0,0.0,0.0,0.0,1.0,0.0,10.0,0.0,0.0,0.0,0.0,2.0,0.0,0.0,0.0,1.0,0.0,0.0,0.0,0.0,0.0,0.0,0.0,0.0,0.0,0.0,12.051133062173156,3.0,0.0,0.0,0.0,0.0,0.0,23.45189144736842,0.0,0.0,0.0,0.0,0.0,0.0,0.0,0.0,26.337622756518794,7.273547094188377,0.0,0.0,0.0,0.0,0.0,0.0,0.0,8.110010427528676,0.0,0.0,0.0,0.0,0.0,0.0,0.0,0.0,0.0,13.423948220064725,33.55987055016181,10.520289855072464,0.0,0.0,0.0,0.0,0.0,145.188799321171,0.0,0.0,0.0,0.0,0.0,0.0,0.0,0.0,55.80654063750518,0.0,0.0,0.0,0.0,0.0,0.0,0.0,0.0,0.0,0.0,0.0,0.0,0.0,0.0,0.0,0.0,0.0,0.0,0.0,0.0,70.86560364464692,0.0,0.0,0.0,0.0,0.0,0.0,0.0,0.0,0.0,0.0,0.0,0.0,0.0,0.0,0.0,0.0,0.0,0.0,0.0,0.0,0.0,0.0,0.0,0.0,0.0,0.0,0.0,0.0,0.0,0.0,0.0,0.0,0.0,0.0,0.0,0.0,44.417079373577835,0.0,0.0,0.0,0.0,0.0,0.0,0.0,0.0,0.0,0.0,0.0,0.0,0.0,0.0,20.698602794411176,144.89021956087822,41.39720558882235,0.0,0.0,0.0,0.0,12.866004962779156,0.0,0.0,12.866004962779156,0.0,0.0,0.0,0.0,0.0,0.0,0.0,0.0,0.0,0.0,0.0,0.0,0.0,0.0,0.0,40.43601559730592,1.838000708968451,0.0,0.0,0.0,0.0,76.05157321977762,0.0,0.0,0.0,0.0,7.359829666430092,0.0,0.0,0.0,9.81310622190679,0.0,0.0,0.0,0.0,0.0,0.0,0.0,0.0,0.0,12.266382777383487,44.15897799858055,0.0,0.0,0.0,0.0,0.0,0.0,38.59502209816236,2.4121888811351475,0.0,0.0,0.0,0.0,0.0,0.0,0.0,0.0,0.0,0.0,0.0,0.0,0.0,0.0,0.0,0.0,0.0,0.0,0.0,0.0,0.0,0.0,0.0,0.0,0.0,0.0,0.0,0.0,0.0,0.0,0.0,0.0,0.0,0.0,0.0,7.2365666434054425,9.64875552454059,7.2365666434054425,0.0,0.0,0.0
2015-09-01,0.0,0.0,7.0,0.0,0.0,0.0,0.0,0.0,0.0,0.0,0.0,8.0,0.0,0.0,0.0,0.0,1.0,0.0,0.0,0.0,1.0,0.0,0.0,0.0,0.0,0.0,0.0,0.0,0.0,0.0,0.0,12.051133062173156,2.0,0.0,0.0,0.0,0.0,0.0,0.0,0.0,0.0,0.0,0.0,0.0,0.0,0.0,0.0,33.36098882492381,0.0,0.0,0.0,0.0,0.0,0.0,0.0,0.0,0.0,0.0,0.0,0.0,0.0,0.0,0.0,0.0,0.0,0.0,13.423948220064725,46.983818770226534,0.0,0.0,0.0,0.0,0.0,0.0,48.39626644039033,0.0,0.0,0.0,0.0,0.0,0.0,0.0,0.0,41.49717124327308,0.0,0.0,0.0,0.0,0.0,0.0,0.0,0.0,0.0,0.0,0.0,0.0,0.0,0.0,0.0,0.0,0.0,0.0,0.0,0.0,11.810933940774488,0.0,0.0,0.0,0.0,0.0,0.0,0.0,0.0,0.0,0.0,0.0,0.0,0.0,0.0,0.0,0.0,0.0,0.0,0.0,0.0,0.0,0.0,0.0,0.0,0.0,0.0,0.0,0.0,0.0,0.0,0.0,0.0,0.0,0.0,0.0,0.0,18.044438495515994,0.0,0.0,0.0,0.0,0.0,0.0,0.0,0.0,0.0,0.0,0.0,0.0,0.0,0.0,20.698602794411176,103.49301397205588,20.698602794411176,0.0,0.0,0.0,0.0,7.352002835873804,0.0,0.0,3.676001417936902,0.0,0.0,0.0,0.0,0.0,0.0,0.0,0.0,0.0,0.0,0.0,0.0,0.0,0.0,0.0,9.190003544842254,1.838000708968451,0.0,0.0,0.0,0.0,49.06553110953395,0.0,0.0,0.0,0.0,0.0,0.0,0.0,0.0,12.266382777383487,0.0,0.0,0.0,0.0,0.0,0.0,0.0,0.0,0.0,12.266382777383487,9.81310622190679,0.0,0.0,0.0,0.0,0.0,0.0,12.060944405675738,0.0,0.0,0.0,0.0,0.0,0.0,0.0,0.0,0.0,0.0,2.4121888811351475,0.0,0.0,0.0,0.0,0.0,0.0,0.0,0.0,0.0,0.0,0.0,0.0,0.0,0.0,0.0,0.0,0.0,0.0,0.0,0.0,0.0,0.0,0.0,0.0,0.0,0.0,4.824377762270295,4.824377762270295,0.0,0.0,0.0
2015-10-01,0.0,0.0,3.0,0.0,0.0,0.0,0.0,0.0,0.0,1.0,0.0,8.0,0.0,0.0,0.0,0.0,0.0,0.0,0.0,0.0,0.0,0.0,0.0,0.0,0.0,0.0,0.0,0.0,0.0,0.0,3.012783265543289,12.051133062173156,2.0,0.0,0.0,0.0,0.0,0.0,0.0,0.0,0.0,0.0,0.0,0.0,0.0,0.0,0.0,24.58178123941754,0.0,0.0,0.0,0.0,0.0,0.0,0.0,0.0,0.0,0.0,0.0,0.0,0.0,0.0,0.0,0.0,0.0,0.0,13.423948220064725,33.55987055016181,7.5144927536231885,0.0,0.0,0.0,0.0,0.0,17.59864234196012,0.0,0.0,0.0,0.0,0.0,0.0,0.0,0.0,28.618738788464192,0.0,0.0,0.0,0.0,0.0,0.0,12.492303573818766,0.0,0.0,0.0,0.0,0.0,0.0,0.0,0.0,0.0,0.0,0.0,0.0,0.0,0.0,0.0,0.0,0.0,0.0,0.0,0.0,0.0,0.0,0.0,0.0,0.0,0.0,0.0,0.0,0.0,0.0,0.0,0.0,0.0,0.0,0.0,0.0,0.0,0.0,0.0,0.0,0.0,0.0,0.0,0.0,0.0,0.0,0.0,0.0,0.0,0.0,0.0,0.0,0.0,0.0,0.0,0.0,0.0,0.0,0.0,0.0,0.0,0.0,0.0,0.0,0.0,0.0,82.7944111776447,20.698602794411176,0.0,0.0,0.0,0.0,1.838000708968451,0.0,0.0,0.0,0.0,0.0,0.0,0.0,0.0,0.0,0.0,0.0,0.0,0.0,0.0,0.0,0.0,0.0,0.0,3.676001417936902,0.0,0.0,0.0,0.0,0.0,17.17293588833688,0.0,0.0,0.0,0.0,0.0,0.0,0.0,0.0,7.359829666430092,0.0,0.0,0.0,0.0,0.0,0.0,0.0,0.0,0.0,7.359829666430092,2.4532765554766973,0.0,0.0,0.0,0.0,0.0,0.0,4.824377762270295,0.0,0.0,0.0,0.0,0.0,0.0,0.0,0.0,0.0,0.0,0.0,0.0,0.0,0.0,0.0,0.0,0.0,0.0,0.0,0.0,0.0,0.0,0.0,0.0,0.0,0.0,0.0,0.0,0.0,0.0,0.0,0.0,0.0,0.0,0.0,0.0,0.0,2.4121888811351475,2.4121888811351475,0.0,0.0,0.0
2015-11-01,0.0,0.0,3.0,0.0,2.0936805976176056,0.0,0.0,0.0,0.0,1.0,0.0,8.0,0.0,0.0,0.0,0.0,0.0,0.0,0.0,0.0,0.0,0.0,0.0,0.0,0.0,0.0,0.0,0.0,0.0,0.0,3.012783265543289,12.051133062173156,1.0,0.0,0.0,0.0,0.0,0.0,0.0,0.0,0.0,9.990366088631985,0.0,0.0,0.0,0.0,0.0,14.046732136810023,0.0,0.0,0.0,0.0,0.0,0.0,0.0,0.0,0.0,0.0,0.0,0.0,0.0,0.0,0.0,0.0,0.0,0.0,26.84789644012945,33.55987055016181,0.0,0.0,0.0,0.0,0.0,0.0,0.0,0.0,0.0,0.0,0.0,0.0,0.0,0.0,0.0,38.63529736442666,0.0,0.0,0.0,0.0,0.0,0.0,0.0,0.0,0.0,0.0,0.0,0.0,0.0,0.0,0.0,0.0,0.0,0.0,0.0,0.0,0.0,0.0,0.0,0.0,0.0,0.0,0.0,0.0,0.0,0.0,0.0,0.0,0.0,0.0,0.0,0.0,0.0,0.0,0.0,0.0,0.0,0.0,0.0,0.0,0.0,0.0,0.0,0.0,0.0,0.0,0.0,0.0,0.0,0.0,0.0,0.0,0.0,0.0,0.0,0.0,0.0,0.0,0.0,0.0,0.0,0.0,0.0,0.0,0.0,0.0,0.0,0.0,20.698602794411176,103.49301397205588,20.698602794411176,0.0,0.0,0.0,0.0,1.838000708968451,0.0,0.0,0.0,0.0,0.0,0.0,0.0,0.0,0.0,0.0,0.0,0.0,0.0,0.0,0.0,0.0,0.0,0.0,3.676001417936902,0.0,0.0,0.0,0.0,0.0,7.359829666430092,0.0,0.0,0.0,0.0,0.0,0.0,0.0,0.0,12.266382777383487,0.0,0.0,0.0,0.0,0.0,0.0,0.0,0.0,2.4532765554766973,7.359829666430092,2.4532765554766973,0.0,0.0,0.0,0.0,0.0,0.0,2.4121888811351475,0.0,0.0,0.0,0.0,0.0,0.0,0.0,0.0,0.0,0.0,0.0,0.0,0.0,0.0,0.0,0.0,0.0,0.0,0.0,0.0,0.0,0.0,0.0,0.0,0.0,0.0,0.0,0.0,0.0,0.0,0.0,0.0,0.0,0.0,0.0,0.0,0.0,2.4121888811351475,2.4121888811351475,0.0,0.0,0.0
2015-12-01,0.0,0.0,2.0,0.0,2.0936805976176056,0.0,0.0,0.0,0.0,1.0,0.0,10.0,0.0,0.0,0.0,0.0,0.0,0.0,0.0,0.0,0.0,0.0,0.0,0.0,0.0,0.0,0.0,0.0,0.0,0.0,6.025566531086578,15.063916327716445,1.0,0.0,0.0,0.0,0.0,0.0,0.0,0.0,9.990366088631985,0.0,0.0,0.0,0.0,0.0,0.0,35.11683034202506,0.0,0.0,0.0,0.0,0.0,0.0,0.0,0.0,0.0,0.0,0.0,0.0,0.0,0.0,0.0,0.0,0.0,0.0,26.84789644012945,46.983818770226534,0.0,0.0,9.017391304347827,0.0,0.0,0.0,0.0,0.0,23.621867881548976,0.0,0.0,0.0,0.0,0.0,0.0,34.34248654615703,0.0,0.0,0.0,0.0,0.0,0.0,0.0,0.0,0.0,0.0,0.0,0.0,0.0,0.0,0.0,0.0,0.0,0.0,0.0,0.0,0.0,23.621867881548976,0.0,0.0,0.0,0.0,0.0,0.0,0.0,0.0,0.0,0.0,0.0,0.0,0.0,0.0,0.0,0.0,0.0,0.0,0.0,0.0,0.0,0.0,0.0,0.0,0.0,0.0,0.0,0.0,0.0,0.0,0.0,0.0,0.0,0.0,0.0,0.0,0.0,0.0,0.0,0.0,0.0,0.0,0.0,0.0,0.0,0.0,0.0,0.0,0.0,0.0,62.09580838323353,103.49301397205588,20.698602794411176,0.0,0.0,0.0,0.0,0.0,1.838000708968451,0.0,0.0,0.0,0.0,0.0,0.0,0.0,0.0,0.0,0.0,0.0,0.0,0.0,0.0,0.0,0.0,1.838000708968451,3.676001417936902,0.0,0.0,0.0,0.0,0.0,2.4532765554766973,0.0,2.4532765554766973,0.0,0.0,0.0,0.0,0.0,0.0,19.62621244381358,0.0,0.0,0.0,0.0,0.0,0.0,0.0,0.0,2.4532765554766973,7.359829666430092,2.4532765554766973,0.0,0.0,0.0,0.0,0.0,0.0,2.4121888811351475,2.4121888811351475,0.0,0.0,0.0,0.0,0.0,0.0,0.0,0.0,0.0,0.0,0.0,0.0,0.0,0.0,0.0,0.0,0.0,0.0,0.0,0.0,0.0,0.0,0.0,0.0,0.0,0.0,0.0,0.0,0.0,0.0,0.0,0.0,0.0,0.0,0.0,2.4121888811351475,2.4121888811351475,2.4121888811351475,0.0,0.0,0.0
2016-01-01,0.0,0.0,7.0,1.0,131.90187764990915,2.0936805976176056,4.187361195235211,0.0,1.0,1.0,0.0,10.0,0.0,0.0,0.0,0.0,0.0,0.0,0.0,0.0,0.0,0.0,0.0,0.0,0.0,0.0,0.0,0.0,0.0,0.0,150.63916327716444,18.076699593259733,2.0,0.0,0.0,0.0,0.0,0.0,14.923930921052632,0.0,424.5905587668594,9.990366088631985,14.985549132947977,0.0,0.0,0.0,0.0,42.14019641043007,0.0,0.0,0.0,0.0,0.0,0.0,0.0,0.0,0.0,0.0,0.0,0.0,0.0,0.0,0.0,0.0,0.0,0.0,530.2459546925567,67.11974110032362,0.0,0.0,0.0,0.0,0.0,0.0,21.998302927450148,0.0,755.8997722095672,11.810933940774488,23.621867881548976,0.0,0.0,0.0,0.0,48.651855940389126,0.0,0.0,0.0,12.492303573818766,0.0,0.0,0.0,0.0,0.0,0.0,0.0,0.0,0.0,0.0,0.0,0.0,0.0,0.0,0.0,0.0,11.810933940774488,755.8997722095672,0.0,0.0,0.0,0.0,0.0,0.0,0.0,12.492303573818766,0.0,12.492303573818766,0.0,0.0,0.0,0.0,0.0,0.0,0.0,0.0,0.0,0.0,0.0,0.0,0.0,0.0,0.0,0.0,0.0,0.0,0.0,0.0,0.0,0.0,0.0,0.0,0.0,0.0,0.0,0.0,0.0,0.0,0.0,0.0,0.0,0.0,0.0,0.0,0.0,0.0,0.0,0.0,1138.4231536926147,144.89021956087822,41.39720558882235,0.0,0.0,0.0,0.0,1.838000708968451,73.52002835873803,0.0,0.0,0.0,0.0,0.0,0.0,0.0,0.0,0.0,0.0,0.0,0.0,0.0,0.0,0.0,0.0,102.92803970223325,5.5140021269053525,1.838000708968451,0.0,0.0,0.0,2.4532765554766973,4.906553110953395,7.359829666430092,76.05157321977762,0.0,0.0,0.0,0.0,0.0,0.0,22.079488999290277,0.0,0.0,0.0,0.0,0.0,0.0,0.0,0.0,142.29004021764845,12.266382777383487,4.906553110953395,0.0,0.0,0.0,0.0,0.0,0.0,4.824377762270295,24.121888811351475,0.0,0.0,0.0,0.0,0.0,0.0,0.0,0.0,0.0,2.4121888811351475,0.0,0.0,0.0,0.0,0.0,0.0,0.0,0.0,0.0,0.0,0.0,0.0,0.0,0.0,0.0,0.0,0.0,0.0,0.0,0.0,0.0,0.0,0.0,0.0,0.0,57.89253314724354,4.824377762270295,2.4121888811351475,0.0,0.0,0.0
2016-02-01,0.0,0.0,7.0,0.0,209.36805976176055,6.281041792852816,4.187361195235211,0.0,1.0,1.0,0.0,9.0,0.0,0.0,0.0,0.0,1.0,0.0,0.0,0.0,0.0,0.0,0.0,0.0,0.0,0.0,0.0,0.0,0.0,0.0,301.2783265543289,15.063916327716445,2.0,0.0,0.0,0.0,0.0,0.0,0.0,0.0,499.51830443159923,9.990366088631985,9.990366088631985,0.0,0.0,0.0,0.0,24.58178123941754,0.0,0.0,0.0,0.0,0.0,0.0,0.0,0.0,0.0,0.0,0.0,0.0,0.0,0.0,0.0,0.0,0.0,0.0,671.1974110032362,40.271844660194176,0.0,0.0,0.0,0.0,0.0,0.0,52.79592702588036,0.0,1181.0933940774487,23.621867881548976,0.0,0.0,0.0,0.0,0.0,64.39216227404444,0.0,0.0,0.0,0.0,0.0,0.0,0.0,0.0,0.0,0.0,0.0,0.0,0.0,0.0,0.0,0.0,0.0,0.0,0.0,0.0,35.43280182232346,1181.0933940774487,0.0,0.0,0.0,0.0,0.0,0.0,0.0,0.0,0.0,0.0,0.0,0.0,0.0,0.0,0.0,0.0,0.0,0.0,0.0,0.0,0.0,0.0,0.0,0.0,0.0,0.0,0.0,0.0,0.0,0.0,0.0,0.0,0.0,0.0,0.0,12.492303573818766,0.0,12.492303573818766,0.0,0.0,0.0,0.0,0.0,0.0,0.0,0.0,0.0,0.0,0.0,0.0,2069.8602794411177,165.5888223552894,20.698602794411176,0.0,0.0,0.0,0.0,1.838000708968451,68.00602623183268,0.0,0.0,0.0,0.0,0.0,0.0,0.0,0.0,0.0,0.0,0.0,0.0,0.0,0.0,0.0,0.0,150.71605813541296,5.5140021269053525,1.838000708968451,3.676001417936902,0.0,0.0,2.4532765554766973,9.81310622190679,9.81310622190679,103.03761533002128,0.0,0.0,0.0,0.0,0.0,0.0,14.719659332860184,0.0,0.0,0.0,0.0,0.0,0.0,0.0,0.0,225.70144310385615,12.266382777383487,4.906553110953395,0.0,0.0,0.0,0.0,0.0,0.0,4.824377762270295,43.419399860432655,0.0,0.0,2.4121888811351475,0.0,0.0,0.0,0.0,0.0,0.0,2.4121888811351475,0.0,0.0,0.0,0.0,0.0,0.0,0.0,0.0,0.0,0.0,0.0,0.0,0.0,0.0,0.0,0.0,0.0,0.0,0.0,0.0,0.0,0.0,0.0,0.0,0.0,118.19725517562223,4.824377762270295,2.4121888811351475,0.0,0.0,0.0
2016-03-01,0.0,0.0,2.0,0.0,33.49888956188169,2.0936805976176056,0.0,0.0,0.0,1.0,0.0,9.0,0.0,0.0,0.0,0.0,0.0,0.0,0.0,0.0,0.0,0.0,0.0,0.0,0.0,0.0,0.0,0.0,0.0,0.0,48.20453224869262,12.051133062173156,1.0,0.0,0.0,0.0,0.0,0.0,0.0,0.0,89.91329479768787,0.0,0.0,0.0,0.0,0.0,0.0,24.58178123941754,0.0,0.0,0.0,0.0,0.0,0.0,0.0,0.0,0.0,0.0,0.0,0.0,0.0,0.0,0.0,0.0,0.0,0.0,147.66343042071196,33.55987055016181,0.0,0.0,0.0,0.0,0.0,0.0,13.19898175647009,0.0,236.21867881548977,0.0,0.0,0.0,0.0,0.0,0.0,32.91154960673382,0.0,0.0,0.0,0.0,0.0,0.0,0.0,0.0,0.0,0.0,0.0,0.0,0.0,0.0,0.0,0.0,0.0,0.0,0.0,0.0,0.0,236.21867881548977,0.0,0.0,0.0,0.0,0.0,0.0,0.0,0.0,0.0,0.0,0.0,0.0,0.0,0.0,0.0,0.0,0.0,0.0,0.0,0.0,0.0,0.0,0.0,0.0,0.0,0.0,0.0,0.0,0.0,0.0,0.0,0.0,0.0,0.0,0.0,0.0,0.0,0.0,0.0,0.0,0.0,0.0,0.0,0.0,0.0,0.0,0.0,0.0,0.0,0.0,476.06786427145704,103.49301397205588,20.698602794411176,0.0,0.0,0.0,0.0,1.838000708968451,11.028004253810705,0.0,0.0,0.0,0.0,0.0,0.0,0.0,0.0,0.0,0.0,0.0,0.0,0.0,0.0,0.0,0.0,27.570010634526763,3.676001417936902,0.0,0.0,0.0,0.0,0.0,4.906553110953395,2.4532765554766973,24.532765554766975,0.0,0.0,0.0,0.0,0.0,0.0,9.81310622190679,0.0,0.0,0.0,0.0,0.0,0.0,0.0,0.0,61.331913886917434,9.81310622190679,2.4532765554766973,0.0,0.0,0.0,0.0,0.0,0.0,2.4121888811351475,9.64875552454059,0.0,0.0,0.0,0.0,0.0,0.0,0.0,0.0,0.0,0.0,0.0,0.0,0.0,0.0,0.0,0.0,0.0,0.0,0.0,0.0,0.0,0.0,0.0,0.0,0.0,0.0,0.0,0.0,0.0,0.0,0.0,0.0,0.0,0.0,0.0,28.94626657362177,2.4121888811351475,2.4121888811351475,0.0,0.0,0.0
2016-04-01,0.0,0.0,3.0,0.0,20.936805976176057,0.0,0.0,0.0,0.0,0.0,0.0,8.0,0.0,0.0,0.0,0.0,0.0,0.0,0.0,0.0,0.0,0.0,0.0,0.0,0.0,0.0,0.0,0.0,0.0,0.0,33.14061592097618,12.051133062173156,1.0,0.0,0.0,0.0,0.0,0.0,12.791940789473685,0.0,79.92292870905588,0.0,0.0,0.0,0.0,0.0,0.0,24.58178123941754,0.0,0.0,0.0,0.0,0.0,0.0,0.0,0.0,0.0,0.0,0.0,0.0,0.0,0.0,0.0,0.0,0.0,0.0,127.52750809061489,33.55987055016181,0.0,0.0,0.0,0.0,0.0,0.0,26.39796351294018,0.0,165.35307517084283,0.0,0.0,0.0,0.0,0.0,0.0,31.480612667310613,0.0,0.0,0.0,0.0,0.0,0.0,0.0,0.0,0.0,0.0,0.0,0.0,0.0,0.0,0.0,0.0,0.0,0.0,0.0,0.0,0.0,165.35307517084283,0.0,0.0,13.880337304243074,0.0,0.0,0.0,0.0,0.0,0.0,0.0,0.0,0.0,0.0,0.0,0.0,0.0,0.0,0.0,0.0,0.0,0.0,0.0,0.0,0.0,0.0,0.0,0.0,0.0,0.0,0.0,0.0,0.0,0.0,0.0,0.0,16.656404765091686,0.0,0.0,0.0,0.0,0.0,0.0,0.0,0.0,0.0,0.0,0.0,0.0,0.0,0.0,331.1776447105788,82.7944111776447,20.698602794411176,0.0,0.0,0.0,0.0,3.676001417936902,7.352002835873804,0.0,0.0,0.0,0.0,0.0,0.0,0.0,0.0,0.0,0.0,0.0,0.0,0.0,0.0,0.0,0.0,16.542006380716057,3.676001417936902,0.0,0.0,0.0,0.0,0.0,7.359829666430092,2.4532765554766973,9.81310622190679,0.0,0.0,0.0,0.0,0.0,0.0,9.81310622190679,0.0,0.0,0.0,0.0,0.0,0.0,0.0,0.0,26.98604211024367,7.359829666430092,2.4532765554766973,0.0,0.0,0.0,0.0,0.0,0.0,2.4121888811351475,4.824377762270295,0.0,0.0,0.0,0.0,0.0,0.0,0.0,0.0,0.0,0.0,0.0,0.0,0.0,0.0,0.0,0.0,0.0,0.0,0.0,0.0,0.0,0.0,0.0,0.0,0.0,0.0,0.0,0.0,0.0,0.0,0.0,0.0,0.0,0.0,0.0,16.885322167946033,2.4121888811351475,2.4121888811351475,0.0,0.0,0.0
2016-05-01,0.0,0.0,10.0,0.0,35.592570159499296,0.0,0.0,0.0,0.0,0.0,0.0,7.0,0.0,0.0,0.0,0.0,1.0,0.0,0.0,0.0,0.0,0.0,0.0,0.0,0.0,0.0,0.0,0.0,0.0,0.0,51.217315514235914,9.038349796629866,1.0,0.0,0.0,0.0,0.0,0.0,8.52796052631579,0.0,79.92292870905588,0.0,0.0,0.0,8.779207585506265,0.0,0.0,17.55841517101253,0.0,0.0,0.0,0.0,0.0,0.0,0.0,0.0,0.0,0.0,0.0,0.0,0.0,0.0,0.0,0.0,0.0,0.0,140.95145631067962,26.84789644012945,0.0,0.0,0.0,0.0,0.0,0.0,48.39626644039033,0.0,188.9749430523918,0.0,0.0,0.0,0.0,0.0,0.0,31.480612667310613,0.0,0.0,0.0,0.0,0.0,0.0,0.0,0.0,0.0,0.0,0.0,0.0,0.0,0.0,0.0,0.0,0.0,0.0,0.0,0.0,11.810933940774488,188.9749430523918,0.0,0.0,0.0,0.0,0.0,0.0,0.0,0.0,0.0,0.0,0.0,0.0,0.0,0.0,0.0,0.0,0.0,0.0,0.0,0.0,0.0,0.0,0.0,0.0,0.0,0.0,0.0,0.0,0.0,0.0,0.0,0.0,0.0,0.0,0.0,11.104269843394459,0.0,0.0,0.0,0.0,0.0,0.0,0.0,0.0,0.0,0.0,0.0,0.0,0.0,0.0,372.5748502994012,82.7944111776447,20.698602794411176,0.0,0.0,0.0,0.0,3.676001417936902,9.190003544842254,0.0,0.0,0.0,0.0,0.0,0.0,0.0,0.0,0.0,0.0,0.0,0.0,0.0,0.0,0.0,0.0,18.380007089684508,3.676001417936902,0.0,0.0,0.0,0.0,0.0,12.266382777383487,2.4532765554766973,24.532765554766975,0.0,0.0,0.0,0.0,0.0,0.0,14.719659332860184,0.0,0.0,0.0,0.0,0.0,0.0,0.0,0.0,61.331913886917434,7.359829666430092,2.4532765554766973,0.0,0.0,0.0,0.0,0.0,0.0,12.060944405675738,4.824377762270295,0.0,0.0,0.0,0.0,0.0,0.0,0.0,0.0,0.0,0.0,0.0,0.0,0.0,0.0,0.0,0.0,0.0,0.0,0.0,0.0,0.0,0.0,0.0,0.0,0.0,0.0,0.0,0.0,0.0,0.0,0.0,0.0,0.0,0.0,0.0,16.885322167946033,2.4121888811351475,2.4121888811351475,0.0,0.0,0.0
2016-06-01,0.0,0.0,21.0,0.0,27.21784776902887,2.0936805976176056,0.0,0.0,0.0,0.0,0.0,7.0,0.0,0.0,0.0,0.0,3.0,0.0,0.0,0.0,0.0,0.0,0.0,0.0,0.0,0.0,0.0,0.0,0.0,0.0,45.19174898314933,12.051133062173156,1.0,0.0,0.0,0.0,0.0,0.0,14.923930921052632,0.0,64.9373795761079,0.0,0.0,0.0,0.0,0.0,0.0,15.802573653911276,0.0,0.0,0.0,0.0,0.0,0.0,0.0,0.0,0.0,0.0,0.0,0.0,0.0,0.0,0.0,0.0,0.0,0.0,120.81553398058253,20.135922330097088,0.0,0.0,0.0,0.0,0.0,0.0,74.7942299533305,13.19898175647009,177.16400911161733,0.0,0.0,0.0,0.0,0.0,0.0,28.618738788464192,0.0,0.0,0.0,0.0,0.0,0.0,0.0,0.0,0.0,0.0,0.0,0.0,0.0,0.0,0.0,0.0,0.0,0.0,0.0,0.0,35.43280182232346,177.16400911161733,0.0,0.0,0.0,0.0,0.0,0.0,0.0,0.0,0.0,0.0,0.0,0.0,0.0,0.0,0.0,0.0,0.0,0.0,0.0,0.0,0.0,0.0,0.0,0.0,0.0,0.0,0.0,0.0,0.0,0.0,0.0,0.0,0.0,0.0,0.0,11.104269843394459,0.0,0.0,0.0,0.0,0.0,0.0,0.0,0.0,0.0,0.0,0.0,0.0,0.0,0.0,331.1776447105788,62.09580838323353,20.698602794411176,0.0,0.0,0.0,0.0,5.5140021269053525,9.190003544842254,0.0,0.0,0.0,0.0,0.0,0.0,0.0,0.0,0.0,0.0,0.0,0.0,0.0,0.0,0.0,0.0,20.21800779865296,3.676001417936902,0.0,0.0,0.0,0.0,0.0,31.892595221197066,2.4532765554766973,26.98604211024367,0.0,0.0,0.0,0.0,0.0,0.0,63.78519044239413,0.0,0.0,0.0,0.0,0.0,0.0,0.0,0.0,71.14502010882423,7.359829666430092,2.4532765554766973,0.0,0.0,0.0,0.0,0.0,0.0,19.29751104908118,4.824377762270295,0.0,0.0,0.0,0.0,0.0,0.0,0.0,0.0,0.0,0.0,0.0,0.0,0.0,0.0,0.0,0.0,0.0,0.0,0.0,0.0,0.0,0.0,0.0,0.0,0.0,0.0,0.0,0.0,0.0,0.0,0.0,0.0,0.0,0.0,0.0,16.885322167946033,2.4121888811351475,2.4121888811351475,0.0,0.0,0.0
2016-07-01,0.0,0.0,22.0,0.0,29.311528366646478,0.0,0.0,0.0,0.0,0.0,0.0,8.0,0.0,0.0,0.0,0.0,2.0,0.0,0.0,0.0,1.0,0.0,0.0,0.0,0.0,0.0,0.0,0.0,0.0,0.0,48.20453224869262,12.051133062173156,1.0,0.0,0.0,0.0,0.0,0.0,23.45189144736842,0.0,99.90366088631986,0.0,0.0,0.0,0.0,0.0,0.0,19.314256688113783,0.0,0.0,0.0,0.0,0.0,0.0,0.0,0.0,0.0,0.0,0.0,0.0,0.0,0.0,0.0,0.0,0.0,0.0,154.37540453074433,26.84789644012945,0.0,0.0,0.0,0.0,0.0,0.0,263.9796351294018,0.0,354.32801822323466,0.0,11.810933940774488,0.0,0.0,0.0,0.0,32.91154960673382,0.0,0.0,0.0,0.0,0.0,0.0,0.0,0.0,0.0,0.0,0.0,0.0,0.0,0.0,0.0,0.0,0.0,0.0,0.0,0.0,59.05466970387244,354.32801822323466,0.0,0.0,0.0,0.0,0.0,0.0,0.0,0.0,0.0,0.0,0.0,0.0,0.0,0.0,0.0,0.0,0.0,0.0,0.0,0.0,0.0,0.0,0.0,0.0,0.0,0.0,0.0,0.0,0.0,0.0,0.0,0.0,0.0,0.0,0.0,19.4324722259403,0.0,0.0,0.0,0.0,0.0,0.0,0.0,0.0,0.0,0.0,0.0,0.0,0.0,0.0,600.2594810379242,82.7944111776447,20.698602794411176,0.0,0.0,0.0,0.0,9.190003544842254,14.704005671747607,0.0,0.0,0.0,0.0,0.0,0.0,0.0,0.0,0.0,0.0,0.0,0.0,0.0,0.0,0.0,0.0,31.246012052463666,3.676001417936902,1.838000708968451,0.0,0.0,0.0,0.0,26.98604211024367,2.4532765554766973,17.17293588833688,0.0,0.0,0.0,0.0,0.0,0.0,7.359829666430092,0.0,0.0,0.0,0.0,0.0,0.0,0.0,0.0,58.878637331440736,7.359829666430092,2.4532765554766973,0.0,0.0,0.0,0.0,0.0,0.0,48.24377762270295,7.2365666434054425,0.0,0.0,0.0,0.0,0.0,0.0,0.0,0.0,0.0,0.0,0.0,0.0,0.0,0.0,0.0,0.0,0.0,0.0,0.0,0.0,0.0,0.0,0.0,0.0,0.0,0.0,0.0,0.0,0.0,0.0,0.0,0.0,0.0,0.0,0.0,24.121888811351475,4.824377762270295,4.824377762270295,0.0,0.0,0.0
2016-08-01,0.0,0.0,15.0,0.0,52.34201494044014,2.0936805976176056,0.0,0.0,1.0,0.0,0.0,9.0,0.0,0.0,0.0,0.0,1.0,0.0,0.0,0.0,0.0,0.0,0.0,0.0,0.0,0.0,0.0,0.0,0.0,0.0,84.3579314352121,15.063916327716445,2.0,0.0,0.0,0.0,0.0,0.0,23.45189144736842,0.0,144.8603082851638,0.0,0.0,0.0,0.0,0.0,0.0,35.11683034202506,0.0,0.0,0.0,0.0,0.0,0.0,0.0,0.0,10.813347236704901,0.0,0.0,0.0,0.0,0.0,0.0,0.0,0.0,0.0,221.49514563106797,46.983818770226534,0.0,0.0,0.0,0.0,0.0,0.0,79.19389053882054,0.0,330.70615034168566,0.0,0.0,0.0,0.0,0.0,0.0,45.78998206154271,0.0,0.0,0.0,0.0,0.0,0.0,0.0,0.0,0.0,0.0,0.0,0.0,0.0,0.0,0.0,0.0,0.0,0.0,0.0,0.0,23.621867881548976,330.70615034168566,0.0,0.0,0.0,0.0,0.0,0.0,0.0,0.0,0.0,0.0,0.0,0.0,0.0,0.0,0.0,0.0,0.0,0.0,0.0,0.0,0.0,0.0,0.0,0.0,0.0,0.0,0.0,0.0,0.0,0.0,0.0,0.0,0.0,0.0,0.0,26.37264087806184,0.0,0.0,0.0,0.0,0.0,0.0,0.0,0.0,0.0,0.0,0.0,0.0,0.0,0.0,662.3552894211576,82.7944111776447,20.698602794411176,0.0,0.0,0.0,0.0,9.190003544842254,12.866004962779156,0.0,1.838000708968451,0.0,0.0,0.0,0.0,0.0,0.0,0.0,0.0,0.0,0.0,0.0,0.0,0.0,0.0,33.08401276143211,5.5140021269053525,0.0,0.0,0.0,0.0,0.0,29.439318665720368,0.0,12.266382777383487,0.0,0.0,0.0,0.0,0.0,0.0,4.906553110953395,0.0,0.0,0.0,0.0,0.0,0.0,0.0,0.0,46.61225455405725,7.359829666430092,2.4532765554766973,0.0,0.0,0.0,0.0,0.0,0.0,24.121888811351475,4.824377762270295,0.0,0.0,0.0,0.0,0.0,0.0,0.0,0.0,0.0,0.0,0.0,0.0,0.0,0.0,0.0,0.0,0.0,0.0,0.0,0.0,0.0,0.0,0.0,0.0,0.0,0.0,0.0,0.0,0.0,0.0,0.0,0.0,0.0,0.0,0.0,26.534077692486623,4.824377762270295,2.4121888811351475,0.0,0.0,0.0
2016-09-01,0.0,0.0,9.0,0.0,27.21784776902887,0.0,0.0,0.0,0.0,1.0,0.0,7.0,0.0,0.0,0.0,0.0,1.0,0.0,0.0,0.0,1.0,0.0,0.0,0.0,0.0,0.0,0.0,0.0,0.0,0.0,48.20453224869262,12.051133062173156,2.0,0.0,0.0,0.0,0.0,0.0,10.659950657894736,0.0,69.9325626204239,0.0,0.0,0.0,0.0,0.0,0.0,19.314256688113783,0.0,0.0,0.0,0.0,0.0,0.0,0.0,0.0,0.0,0.0,0.0,0.0,0.0,0.0,0.0,0.0,0.0,0.0,134.23948220064725,33.55987055016181,10.520289855072464,0.0,0.0,0.0,0.0,0.0,52.79592702588036,0.0,177.16400911161733,0.0,0.0,0.0,0.0,0.0,0.0,12.878432454808888,0.0,0.0,0.0,0.0,0.0,0.0,0.0,0.0,0.0,0.0,0.0,0.0,0.0,0.0,0.0,0.0,0.0,0.0,0.0,0.0,0.0,177.16400911161733,0.0,0.0,0.0,0.0,0.0,0.0,0.0,0.0,0.0,0.0,0.0,0.0,0.0,0.0,0.0,0.0,0.0,0.0,0.0,0.0,0.0,0.0,0.0,0.0,0.0,0.0,0.0,0.0,0.0,0.0,0.0,0.0,0.0,0.0,0.0,29.148708338910453,0.0,0.0,0.0,0.0,0.0,0.0,0.0,0.0,0.0,0.0,0.0,0.0,0.0,0.0,413.9720558882235,82.7944111776447,20.698602794411176,0.0,0.0,0.0,0.0,5.5140021269053525,5.5140021269053525,0.0,0.0,0.0,0.0,0.0,0.0,0.0,0.0,0.0,0.0,0.0,0.0,0.0,0.0,0.0,0.0,16.542006380716057,5.5140021269053525,1.838000708968451,0.0,0.0,0.0,0.0,17.17293588833688,0.0,7.359829666430092,0.0,0.0,0.0,0.0,0.0,0.0,9.81310622190679,0.0,0.0,0.0,0.0,0.0,0.0,0.0,0.0,24.532765554766975,4.906553110953395,2.4532765554766973,0.0,0.0,0.0,0.0,0.0,0.0,9.64875552454059,2.4121888811351475,0.0,0.0,0.0,0.0,0.0,0.0,0.0,0.0,0.0,0.0,0.0,0.0,0.0,0.0,0.0,0.0,0.0,0.0,0.0,0.0,0.0,0.0,0.0,0.0,0.0,0.0,0.0,0.0,0.0,0.0,0.0,0.0,0.0,0.0,0.0,14.473133286810885,2.4121888811351475,2.4121888811351475,0.0,0.0,0.0
2016-10-01,0.0,0.0,4.0,0.0,14.655764183323239,0.0,0.0,0.0,0.0,2.0,0.0,6.0,0.0,0.0,0.0,0.0,0.0,0.0,0.0,0.0,0.0,0.0,0.0,0.0,0.0,0.0,0.0,0.0,3.012783265543289,0.0,30.12783265543289,12.051133062173156,1.0,0.0,0.0,0.0,0.0,0.0,0.0,0.0,59.94219653179191,0.0,0.0,0.0,0.0,0.0,0.0,15.802573653911276,0.0,0.0,0.0,0.0,0.0,0.0,0.0,0.0,0.0,0.0,0.0,0.0,0.0,0.0,0.0,0.0,6.711974110032362,0.0,107.3915857605178,26.84789644012945,0.0,0.0,0.0,0.0,0.0,0.0,17.59864234196012,0.0,118.10933940774488,0.0,0.0,0.0,0.0,0.0,0.0,27.187801849040984,0.0,0.0,0.0,0.0,0.0,0.0,0.0,15.26837103466738,0.0,0.0,0.0,0.0,0.0,0.0,0.0,0.0,0.0,0.0,0.0,0.0,0.0,118.10933940774488,0.0,0.0,0.0,0.0,0.0,0.0,0.0,0.0,0.0,0.0,0.0,0.0,0.0,0.0,0.0,0.0,0.0,0.0,0.0,0.0,0.0,0.0,0.0,0.0,0.0,0.0,0.0,0.0,0.0,0.0,0.0,0.0,0.0,0.0,0.0,0.0,0.0,0.0,0.0,0.0,0.0,0.0,0.0,0.0,0.0,0.0,0.0,0.0,0.0,0.0,269.0818363273453,82.7944111776447,0.0,0.0,0.0,0.0,0.0,1.838000708968451,3.676001417936902,0.0,0.0,0.0,0.0,0.0,0.0,0.0,0.0,0.0,0.0,0.0,0.0,0.0,0.0,0.0,0.0,7.352002835873804,3.676001417936902,0.0,0.0,0.0,0.0,0.0,12.266382777383487,0.0,4.906553110953395,0.0,0.0,0.0,0.0,0.0,0.0,7.359829666430092,0.0,0.0,0.0,0.0,0.0,0.0,0.0,0.0,12.266382777383487,4.906553110953395,2.4532765554766973,0.0,0.0,0.0,0.0,0.0,0.0,2.4121888811351475,2.4121888811351475,0.0,0.0,0.0,0.0,0.0,0.0,0.0,0.0,0.0,0.0,0.0,0.0,0.0,0.0,0.0,0.0,0.0,0.0,0.0,0.0,0.0,0.0,0.0,0.0,0.0,0.0,0.0,0.0,0.0,0.0,0.0,0.0,0.0,0.0,0.0,7.2365666434054425,2.4121888811351475,2.4121888811351475,0.0,0.0,0.0
2016-11-01,0.0,0.0,3.0,0.0,14.655764183323239,0.0,0.0,0.0,0.0,2.0,0.0,5.0,0.0,0.0,0.0,0.0,0.0,0.0,0.0,0.0,0.0,0.0,0.0,0.0,0.0,0.0,0.0,0.0,0.0,0.0,24.10226612434631,9.038349796629866,1.0,0.0,0.0,0.0,0.0,0.0,0.0,0.0,34.96628131021195,0.0,0.0,0.0,0.0,0.0,0.0,10.535049102607518,0.0,0.0,0.0,0.0,0.0,0.0,0.0,0.0,0.0,0.0,0.0,0.0,0.0,0.0,0.0,0.0,0.0,0.0,73.83171521035598,26.84789644012945,0.0,0.0,0.0,0.0,0.0,0.0,0.0,0.0,94.4874715261959,0.0,0.0,0.0,0.0,0.0,0.0,15.740306333655306,0.0,0.0,0.0,0.0,0.0,0.0,0.0,0.0,0.0,0.0,0.0,0.0,0.0,0.0,0.0,0.0,0.0,0.0,0.0,0.0,0.0,94.4874715261959,0.0,0.0,0.0,0.0,0.0,0.0,0.0,0.0,0.0,0.0,0.0,0.0,0.0,0.0,0.0,0.0,0.0,0.0,0.0,0.0,0.0,0.0,0.0,0.0,0.0,0.0,0.0,0.0,0.0,0.0,0.0,0.0,0.0,0.0,0.0,12.492303573818766,0.0,0.0,0.0,0.0,0.0,0.0,0.0,0.0,0.0,0.0,0.0,0.0,0.0,0.0,206.98602794411175,62.09580838323353,20.698602794411176,0.0,0.0,0.0,0.0,0.0,1.838000708968451,0.0,0.0,0.0,0.0,0.0,0.0,0.0,0.0,0.0,0.0,0.0,0.0,0.0,0.0,0.0,0.0,5.5140021269053525,1.838000708968451,0.0,0.0,0.0,0.0,0.0,2.4532765554766973,0.0,2.4532765554766973,0.0,0.0,0.0,0.0,0.0,0.0,7.359829666430092,0.0,0.0,0.0,0.0,0.0,0.0,0.0,0.0,9.81310622190679,4.906553110953395,2.4532765554766973,0.0,0.0,0.0,0.0,0.0,0.0,2.4121888811351475,2.4121888811351475,0.0,0.0,0.0,0.0,0.0,0.0,0.0,0.0,0.0,0.0,0.0,0.0,0.0,0.0,0.0,0.0,0.0,0.0,0.0,0.0,0.0,0.0,0.0,0.0,0.0,0.0,0.0,0.0,0.0,0.0,0.0,0.0,0.0,0.0,0.0,7.2365666434054425,2.4121888811351475,2.4121888811351475,0.0,0.0,0.0
2016-12-01,0.0,0.0,1.0,0.0,12.562083585705633,0.0,0.0,0.0,0.0,1.0,0.0,5.0,0.0,0.0,0.0,0.0,0.0,0.0,0.0,0.0,0.0,0.0,0.0,0.0,0.0,0.0,0.0,0.0,0.0,0.0,21.089482858803024,9.038349796629866,1.0,0.0,0.0,0.0,0.0,0.0,0.0,0.0,29.971098265895954,0.0,0.0,0.0,0.0,7.023366068405012,0.0,14.046732136810023,0.0,0.0,0.0,0.0,0.0,0.0,0.0,0.0,0.0,0.0,0.0,0.0,0.0,0.0,0.0,0.0,0.0,0.0,60.407766990291265,20.135922330097088,0.0,0.0,0.0,0.0,0.0,0.0,0.0,0.0,82.67653758542141,0.0,0.0,0.0,0.0,0.0,0.0,0.0,0.0,0.0,0.0,0.0,0.0,0.0,0.0,0.0,0.0,0.0,0.0,0.0,0.0,0.0,0.0,0.0,0.0,0.0,0.0,0.0,0.0,82.67653758542141,0.0,0.0,0.0,0.0,0.0,0.0,0.0,0.0,0.0,13.880337304243074,0.0,0.0,0.0,0.0,0.0,0.0,0.0,0.0,0.0,0.0,0.0,0.0,0.0,0.0,0.0,0.0,0.0,0.0,0.0,0.0,0.0,0.0,0.0,0.0,0.0,0.0,0.0,0.0,0.0,0.0,0.0,0.0,0.0,0.0,0.0,0.0,0.0,0.0,0.0,0.0,186.2874251497006,62.09580838323353,20.698602794411176,0.0,0.0,0.0,0.0,0.0,1.838000708968451,0.0,0.0,0.0,0.0,0.0,0.0,0.0,0.0,0.0,0.0,0.0,0.0,0.0,0.0,0.0,0.0,5.5140021269053525,1.838000708968451,0.0,0.0,0.0,0.0,0.0,2.4532765554766973,0.0,2.4532765554766973,0.0,0.0,0.0,0.0,0.0,0.0,12.266382777383487,0.0,0.0,0.0,0.0,0.0,0.0,0.0,0.0,7.359829666430092,2.4532765554766973,0.0,0.0,0.0,0.0,0.0,0.0,0.0,0.0,2.4121888811351475,0.0,0.0,0.0,0.0,0.0,0.0,0.0,0.0,0.0,0.0,0.0,0.0,0.0,0.0,0.0,0.0,0.0,0.0,0.0,0.0,0.0,0.0,0.0,0.0,0.0,0.0,0.0,0.0,0.0,0.0,0.0,0.0,0.0,0.0,0.0,4.824377762270295,2.4121888811351475,0.0,0.0,0.0,0.0
2017-01-01,0.0,0.0,1.0,0.0,14.655764183323239,0.0,0.0,0.0,0.0,1.0,0.0,6.0,0.0,0.0,0.0,0.0,0.0,0.0,0.0,0.0,0.0,0.0,0.0,0.0,0.0,0.0,0.0,0.0,0.0,0.0,24.10226612434631,9.038349796629866,1.0,0.0,0.0,0.0,0.0,0.0,0.0,0.0,39.96146435452794,0.0,0.0,0.0,0.0,0.0,0.0,14.046732136810023,0.0,0.0,0.0,0.0,0.0,0.0,0.0,0.0,0.0,0.0,0.0,0.0,0.0,0.0,0.0,0.0,0.0,0.0,67.11974110032362,26.84789644012945,0.0,0.0,0.0,0.0,0.0,0.0,0.0,0.0,106.2984054669704,0.0,0.0,0.0,0.0,0.0,0.0,28.618738788464192,0.0,0.0,0.0,0.0,0.0,0.0,0.0,0.0,0.0,0.0,0.0,0.0,0.0,0.0,0.0,0.0,0.0,0.0,0.0,0.0,0.0,106.2984054669704,0.0,0.0,0.0,0.0,0.0,0.0,0.0,0.0,0.0,0.0,0.0,0.0,0.0,0.0,0.0,0.0,0.0,0.0,0.0,0.0,0.0,0.0,0.0,0.0,0.0,0.0,0.0,0.0,0.0,0.0,0.0,0.0,0.0,0.0,0.0,0.0,0.0,0.0,0.0,0.0,0.0,0.0,0.0,0.0,0.0,0.0,0.0,0.0,0.0,0.0,206.98602794411175,82.7944111776447,0.0,0.0,0.0,0.0,0.0,0.0,1.838000708968451,0.0,0.0,0.0,0.0,0.0,0.0,0.0,0.0,0.0,0.0,0.0,0.0,0.0,0.0,0.0,0.0,3.676001417936902,1.838000708968451,0.0,0.0,0.0,0.0,0.0,2.4532765554766973,0.0,2.4532765554766973,0.0,0.0,0.0,0.0,0.0,0.0,14.719659332860184,0.0,0.0,0.0,0.0,0.0,0.0,0.0,0.0,7.359829666430092,4.906553110953395,2.4532765554766973,0.0,0.0,0.0,0.0,0.0,0.0,0.0,2.4121888811351475,0.0,0.0,0.0,0.0,0.0,0.0,0.0,0.0,0.0,0.0,0.0,0.0,0.0,0.0,0.0,0.0,0.0,0.0,0.0,0.0,0.0,0.0,0.0,0.0,0.0,0.0,0.0,0.0,0.0,0.0,0.0,0.0,0.0,0.0,0.0,4.824377762270295,2.4121888811351475,2.4121888811351475,0.0,0.0,0.0
2017-02-01,0.0,0.0,1.0,0.0,10.468402988088028,0.0,0.0,0.0,0.0,0.0,0.0,6.0,0.0,0.0,0.0,0.0,0.0,0.0,0.0,0.0,0.0,0.0,0.0,0.0,0.0,0.0,0.0,0.0,0.0,0.0,21.089482858803024,9.038349796629866,1.0,0.0,0.0,0.0,0.0,0.0,0.0,0.0,24.975915221579964,0.0,0.0,0.0,0.0,0.0,0.0,19.314256688113783,0.0,0.0,0.0,0.0,0.0,0.0,0.0,0.0,0.0,0.0,0.0,0.0,0.0,0.0,0.0,0.0,0.0,0.0,53.6957928802589,26.84789644012945,0.0,0.0,0.0,0.0,0.0,0.0,0.0,0.0,94.4874715261959,0.0,0.0,0.0,0.0,0.0,0.0,35.77342348558024,0.0,0.0,0.0,0.0,0.0,0.0,0.0,0.0,0.0,0.0,0.0,0.0,0.0,0.0,0.0,0.0,0.0,0.0,0.0,0.0,0.0,94.4874715261959,0.0,0.0,0.0,0.0,0.0,0.0,0.0,0.0,0.0,0.0,0.0,0.0,0.0,0.0,0.0,0.0,0.0,0.0,0.0,0.0,0.0,0.0,0.0,0.0,0.0,0.0,0.0,0.0,0.0,0.0,0.0,0.0,0.0,0.0,0.0,0.0,0.0,0.0,0.0,0.0,0.0,0.0,0.0,0.0,0.0,0.0,0.0,0.0,0.0,0.0,248.38323353293413,82.7944111776447,0.0,0.0,0.0,0.0,0.0,0.0,1.838000708968451,0.0,0.0,0.0,0.0,0.0,0.0,0.0,0.0,0.0,0.0,0.0,0.0,0.0,0.0,0.0,0.0,3.676001417936902,1.838000708968451,0.0,0.0,0.0,0.0,0.0,2.4532765554766973,0.0,2.4532765554766973,0.0,0.0,0.0,0.0,0.0,0.0,12.266382777383487,0.0,0.0,0.0,0.0,0.0,0.0,0.0,0.0,7.359829666430092,4.906553110953395,0.0,0.0,0.0,0.0,0.0,0.0,0.0,2.4121888811351475,2.4121888811351475,0.0,0.0,0.0,0.0,0.0,0.0,0.0,0.0,0.0,0.0,0.0,0.0,0.0,0.0,0.0,0.0,0.0,0.0,0.0,0.0,4.824377762270295,0.0,0.0,0.0,0.0,0.0,0.0,0.0,0.0,0.0,0.0,0.0,0.0,0.0,0.0,4.824377762270295,7.2365666434054425,2.4121888811351475,0.0,0.0,0.0
2017-03-01,0.0,0.0,2.0,0.0,10.468402988088028,0.0,0.0,0.0,0.0,1.0,0.0,8.0,0.0,0.0,0.0,0.0,0.0,0.0,0.0,0.0,0.0,0.0,0.0,0.0,0.0,0.0,0.0,0.0,0.0,0.0,18.076699593259733,12.051133062173156,1.0,0.0,0.0,0.0,0.0,0.0,0.0,0.0,19.98073217726397,0.0,0.0,0.0,0.0,0.0,0.0,24.58178123941754,0.0,0.0,0.0,0.0,0.0,0.0,0.0,0.0,0.0,0.0,0.0,0.0,0.0,0.0,0.0,0.0,0.0,0.0,46.983818770226534,33.55987055016181,0.0,0.0,0.0,0.0,0.0,0.0,0.0,0.0,59.05466970387244,0.0,0.0,0.0,0.0,0.0,0.0,31.480612667310613,0.0,0.0,0.0,0.0,0.0,0.0,0.0,0.0,0.0,0.0,0.0,0.0,0.0,0.0,0.0,0.0,0.0,0.0,0.0,0.0,0.0,59.05466970387244,0.0,0.0,0.0,0.0,0.0,0.0,0.0,0.0,0.0,0.0,0.0,0.0,0.0,0.0,0.0,0.0,0.0,0.0,0.0,0.0,0.0,0.0,0.0,0.0,0.0,0.0,0.0,0.0,0.0,0.0,0.0,0.0,0.0,0.0,0.0,0.0,0.0,0.0,0.0,0.0,0.0,0.0,0.0,0.0,0.0,0.0,0.0,0.0,0.0,0.0,165.5888223552894,62.09580838323353,20.698602794411176,0.0,0.0,0.0,0.0,1.838000708968451,1.838000708968451,0.0,0.0,0.0,0.0,0.0,0.0,0.0,0.0,0.0,0.0,0.0,0.0,0.0,0.0,0.0,0.0,3.676001417936902,1.838000708968451,0.0,0.0,0.0,0.0,0.0,2.4532765554766973,0.0,2.4532765554766973,0.0,0.0,0.0,0.0,0.0,0.0,12.266382777383487,0.0,0.0,0.0,0.0,0.0,0.0,0.0,0.0,7.359829666430092,4.906553110953395,0.0,0.0,0.0,0.0,0.0,0.0,0.0,2.4121888811351475,0.0,0.0,0.0,0.0,0.0,0.0,0.0,0.0,0.0,0.0,0.0,0.0,0.0,0.0,0.0,0.0,0.0,0.0,0.0,0.0,0.0,0.0,0.0,0.0,0.0,0.0,0.0,0.0,0.0,0.0,0.0,0.0,0.0,0.0,0.0,0.0,4.824377762270295,2.4121888811351475,2.4121888811351475,0.0,0.0,0.0
2017-04-01,0.0,0.0,4.0,0.0,8.374722390470422,0.0,0.0,0.0,0.0,1.0,0.0,6.0,0.0,0.0,0.0,0.0,1.0,0.0,0.0,0.0,0.0,0.0,0.0,0.0,0.0,0.0,0.0,0.0,0.0,0.0,15.063916327716445,9.038349796629866,1.0,0.0,0.0,0.0,0.0,0.0,8.52796052631579,0.0,19.98073217726397,0.0,0.0,0.0,0.0,0.0,0.0,19.314256688113783,0.0,0.0,0.0,0.0,0.0,0.0,0.0,0.0,0.0,0.0,0.0,0.0,0.0,0.0,0.0,0.0,0.0,0.0,46.983818770226534,33.55987055016181,0.0,0.0,0.0,0.0,0.0,0.0,30.79762409843021,0.0,70.86560364464692,0.0,0.0,0.0,0.0,0.0,0.0,38.63529736442666,0.0,0.0,0.0,0.0,0.0,0.0,0.0,0.0,0.0,0.0,0.0,0.0,0.0,0.0,0.0,0.0,0.0,0.0,0.0,0.0,0.0,70.86560364464692,0.0,0.0,0.0,0.0,0.0,0.0,0.0,0.0,0.0,0.0,0.0,0.0,0.0,0.0,0.0,0.0,0.0,0.0,0.0,0.0,0.0,0.0,0.0,0.0,0.0,0.0,0.0,0.0,0.0,0.0,0.0,0.0,0.0,0.0,0.0,0.0,0.0,0.0,0.0,0.0,0.0,0.0,0.0,0.0,0.0,0.0,0.0,0.0,0.0,0.0,144.89021956087822,82.7944111776447,0.0,0.0,0.0,0.0,0.0,1.838000708968451,1.838000708968451,0.0,0.0,0.0,0.0,0.0,0.0,0.0,0.0,0.0,0.0,0.0,0.0,0.0,0.0,0.0,0.0,3.676001417936902,1.838000708968451,0.0,0.0,0.0,0.0,0.0,4.906553110953395,0.0,2.4532765554766973,0.0,0.0,0.0,0.0,0.0,0.0,12.266382777383487,0.0,0.0,0.0,0.0,0.0,0.0,0.0,0.0,7.359829666430092,4.906553110953395,0.0,0.0,0.0,0.0,0.0,0.0,0.0,2.4121888811351475,2.4121888811351475,0.0,0.0,0.0,0.0,0.0,0.0,0.0,0.0,0.0,0.0,0.0,0.0,0.0,0.0,0.0,0.0,0.0,0.0,0.0,0.0,0.0,0.0,0.0,0.0,0.0,0.0,0.0,0.0,0.0,0.0,0.0,0.0,0.0,0.0,0.0,4.824377762270295,2.4121888811351475,2.4121888811351475,0.0,0.0,0.0
2017-05-01,0.0,0.0,7.0,0.0,8.374722390470422,0.0,0.0,0.0,0.0,1.0,0.0,6.0,0.0,0.0,0.0,0.0,1.0,0.0,0.0,0.0,0.0,0.0,0.0,0.0,0.0,0.0,0.0,0.0,0.0,0.0,18.076699593259733,9.038349796629866,1.0,0.0,0.0,0.0,0.0,0.0,0.0,0.0,19.98073217726397,0.0,0.0,0.0,0.0,0.0,0.0,14.046732136810023,0.0,0.0,0.0,0.0,0.0,0.0,0.0,0.0,0.0,0.0,0.0,0.0,0.0,0.0,0.0,0.0,0.0,0.0,46.983818770226534,20.135922330097088,0.0,0.0,0.0,0.0,0.0,0.0,26.39796351294018,0.0,70.86560364464692,0.0,0.0,0.0,0.0,0.0,0.0,21.464054091348146,0.0,0.0,0.0,0.0,0.0,0.0,0.0,0.0,0.0,0.0,0.0,0.0,0.0,0.0,0.0,0.0,0.0,0.0,0.0,0.0,0.0,70.86560364464692,0.0,0.0,0.0,0.0,0.0,0.0,0.0,0.0,0.0,19.4324722259403,0.0,0.0,0.0,0.0,0.0,0.0,0.0,0.0,0.0,0.0,0.0,0.0,0.0,0.0,0.0,12.492303573818766,0.0,0.0,0.0,0.0,0.0,0.0,0.0,0.0,0.0,0.0,0.0,0.0,0.0,0.0,0.0,0.0,0.0,0.0,0.0,0.0,0.0,0.0,0.0,0.0,165.5888223552894,62.09580838323353,20.698602794411176,0.0,0.0,0.0,0.0,3.676001417936902,1.838000708968451,0.0,0.0,0.0,0.0,0.0,0.0,0.0,0.0,0.0,0.0,0.0,0.0,0.0,0.0,0.0,0.0,3.676001417936902,3.676001417936902,0.0,0.0,0.0,0.0,0.0,9.81310622190679,0.0,2.4532765554766973,0.0,0.0,0.0,0.0,0.0,0.0,12.266382777383487,0.0,0.0,0.0,0.0,0.0,0.0,0.0,0.0,7.359829666430092,4.906553110953395,0.0,0.0,0.0,0.0,0.0,0.0,0.0,7.2365666434054425,0.0,0.0,0.0,0.0,0.0,0.0,0.0,0.0,0.0,0.0,0.0,0.0,0.0,0.0,0.0,0.0,0.0,0.0,0.0,0.0,0.0,0.0,0.0,0.0,0.0,0.0,0.0,0.0,0.0,0.0,0.0,0.0,0.0,0.0,0.0,0.0,4.824377762270295,2.4121888811351475,2.4121888811351475,0.0,0.0,0.0
2017-06-01,0.0,0.0,12.0,0.0,10.468402988088028,0.0,0.0,0.0,0.0,0.0,0.0,7.0,0.0,0.0,0.0,0.0,1.0,0.0,0.0,0.0,0.0,0.0,0.0,0.0,0.0,0.0,0.0,0.0,0.0,0.0,18.076699593259733,9.038349796629866,1.0,0.0,0.0,0.0,0.0,0.0,17.05592105263158,0.0,19.98073217726397,0.0,0.0,0.0,0.0,0.0,0.0,15.802573653911276,0.0,0.0,0.0,0.0,0.0,0.0,0.0,0.0,0.0,0.0,0.0,0.0,0.0,0.0,0.0,0.0,0.0,0.0,40.271844660194176,33.55987055016181,0.0,0.0,0.0,0.0,0.0,0.0,57.195587611370385,0.0,59.05466970387244,0.0,0.0,0.0,0.0,0.0,0.0,20.033117151924934,0.0,0.0,0.0,0.0,0.0,0.0,0.0,0.0,0.0,0.0,0.0,0.0,0.0,0.0,0.0,0.0,0.0,0.0,0.0,0.0,23.621867881548976,59.05466970387244,0.0,0.0,0.0,0.0,0.0,0.0,0.0,0.0,0.0,0.0,0.0,0.0,0.0,0.0,0.0,0.0,0.0,0.0,0.0,0.0,0.0,0.0,0.0,0.0,0.0,0.0,0.0,0.0,0.0,0.0,0.0,0.0,0.0,0.0,0.0,22.208539686788917,0.0,0.0,0.0,0.0,0.0,0.0,0.0,0.0,0.0,0.0,0.0,0.0,0.0,0.0,144.89021956087822,62.09580838323353,0.0,0.0,0.0,0.0,5.5140021269053525,5.5140021269053525,1.838000708968451,0.0,0.0,0.0,0.0,0.0,0.0,0.0,0.0,0.0,0.0,0.0,0.0,0.0,0.0,0.0,0.0,3.676001417936902,3.676001417936902,1.838000708968451,0.0,0.0,0.0,0.0,19.62621244381358,0.0,2.4532765554766973,0.0,0.0,0.0,0.0,0.0,0.0,58.878637331440736,0.0,0.0,0.0,0.0,0.0,0.0,0.0,0.0,7.359829666430092,4.906553110953395,2.4532765554766973,0.0,0.0,0.0,0.0,0.0,0.0,14.473133286810885,2.4121888811351475,0.0,0.0,0.0,0.0,0.0,0.0,0.0,0.0,0.0,0.0,0.0,0.0,0.0,0.0,0.0,0.0,0.0,0.0,0.0,0.0,0.0,0.0,0.0,0.0,0.0,0.0,0.0,0.0,0.0,0.0,0.0,0.0,0.0,0.0,0.0,4.824377762270295,2.4121888811351475,2.4121888811351475,0.0,0.0,0.0
2017-07-01,0.0,0.0,15.0,0.0,10.468402988088028,0.0,0.0,0.0,0.0,1.0,1.0,9.0,0.0,0.0,0.0,0.0,1.0,0.0,0.0,0.0,0.0,0.0,0.0,0.0,0.0,0.0,0.0,0.0,0.0,0.0,18.076699593259733,15.063916327716445,1.0,0.0,0.0,0.0,0.0,0.0,14.923930921052632,0.0,19.98073217726397,0.0,0.0,0.0,0.0,0.0,0.0,33.36098882492381,0.0,0.0,0.0,0.0,0.0,0.0,0.0,0.0,0.0,0.0,0.0,0.0,0.0,0.0,0.0,0.0,0.0,0.0,40.271844660194176,40.271844660194176,0.0,0.0,0.0,0.0,0.0,0.0,74.7942299533305,0.0,70.86560364464692,0.0,0.0,0.0,0.0,0.0,0.0,22.894991030771354,0.0,0.0,0.0,0.0,0.0,0.0,0.0,0.0,0.0,0.0,0.0,0.0,0.0,0.0,0.0,0.0,0.0,0.0,0.0,0.0,23.621867881548976,70.86560364464692,0.0,0.0,0.0,0.0,0.0,0.0,0.0,0.0,0.0,0.0,0.0,0.0,0.0,0.0,0.0,0.0,0.0,0.0,0.0,0.0,0.0,0.0,0.0,0.0,0.0,0.0,0.0,0.0,0.0,0.0,0.0,0.0,0.0,0.0,0.0,23.596573417213225,0.0,0.0,0.0,0.0,0.0,0.0,0.0,0.0,0.0,0.0,0.0,0.0,0.0,0.0,144.89021956087822,82.7944111776447,0.0,0.0,0.0,0.0,0.0,9.190003544842254,3.676001417936902,0.0,1.838000708968451,0.0,0.0,0.0,0.0,0.0,0.0,0.0,0.0,0.0,0.0,0.0,0.0,0.0,0.0,5.5140021269053525,7.352002835873804,1.838000708968451,0.0,0.0,0.0,0.0,24.532765554766975,0.0,2.4532765554766973,0.0,0.0,0.0,0.0,0.0,0.0,9.81310622190679,0.0,0.0,0.0,0.0,0.0,0.0,0.0,0.0,9.81310622190679,7.359829666430092,2.4532765554766973,0.0,0.0,0.0,0.0,0.0,0.0,16.885322167946033,0.0,0.0,0.0,0.0,0.0,0.0,0.0,0.0,0.0,0.0,0.0,0.0,0.0,0.0,0.0,0.0,0.0,0.0,0.0,0.0,0.0,0.0,0.0,0.0,0.0,0.0,0.0,0.0,0.0,0.0,0.0,0.0,0.0,0.0,0.0,0.0,4.824377762270295,2.4121888811351475,2.4121888811351475,0.0,0.0,0.0
2017-08-01,0.0,0.0,22.0,0.0,10.468402988088028,0.0,0.0,0.0,0.0,1.0,0.0,20.0,0.0,0.0,0.0,0.0,2.0,0.0,0.0,0.0,0.0,0.0,0.0,0.0,0.0,0.0,0.0,0.0,0.0,0.0,18.076699593259733,27.1150493898896,2.0,0.0,0.0,0.0,0.0,0.0,14.923930921052632,0.0,14.985549132947977,0.0,0.0,0.0,0.0,0.0,0.0,63.210294615645104,0.0,0.0,0.0,0.0,0.0,0.0,0.0,0.0,0.0,0.0,0.0,0.0,0.0,0.0,0.0,0.0,0.0,0.0,40.271844660194176,80.54368932038835,0.0,0.0,0.0,0.0,0.0,0.0,101.19219346627068,0.0,70.86560364464692,0.0,0.0,0.0,0.0,0.0,0.0,57.237477576928384,0.0,0.0,0.0,0.0,0.0,0.0,0.0,0.0,0.0,0.0,11.104269843394459,0.0,0.0,0.0,0.0,0.0,0.0,0.0,0.0,0.0,35.43280182232346,70.86560364464692,0.0,0.0,0.0,0.0,0.0,0.0,0.0,0.0,0.0,0.0,0.0,0.0,0.0,0.0,0.0,0.0,0.0,0.0,0.0,0.0,0.0,0.0,0.0,0.0,0.0,0.0,0.0,0.0,0.0,0.0,0.0,0.0,0.0,0.0,0.0,30.53674206933476,0.0,0.0,0.0,0.0,0.0,0.0,0.0,0.0,0.0,0.0,0.0,0.0,0.0,0.0,124.19161676646706,124.19161676646706,20.698602794411176,0.0,0.0,0.0,0.0,7.352002835873804,1.838000708968451,0.0,0.0,0.0,0.0,0.0,0.0,0.0,0.0,0.0,0.0,0.0,0.0,0.0,0.0,0.0,0.0,5.5140021269053525,5.5140021269053525,1.838000708968451,0.0,0.0,0.0,0.0,26.98604211024367,0.0,2.4532765554766973,0.0,0.0,0.0,0.0,0.0,0.0,7.359829666430092,0.0,0.0,0.0,0.0,0.0,0.0,0.0,0.0,7.359829666430092,7.359829666430092,2.4532765554766973,0.0,0.0,0.0,0.0,0.0,0.0,24.121888811351475,0.0,0.0,0.0,0.0,0.0,0.0,0.0,0.0,0.0,0.0,0.0,0.0,0.0,0.0,0.0,0.0,0.0,0.0,0.0,0.0,0.0,0.0,0.0,0.0,0.0,0.0,0.0,0.0,0.0,0.0,0.0,0.0,0.0,0.0,0.0,0.0,4.824377762270295,7.2365666434054425,7.2365666434054425,0.0,0.0,0.0
2017-09-01,0.0,0.0,14.0,0.0,8.374722390470422,0.0,0.0,0.0,0.0,0.0,0.0,10.0,0.0,0.0,0.0,1.0,2.0,0.0,0.0,0.0,1.0,0.0,0.0,0.0,0.0,0.0,0.0,0.0,0.0,0.0,15.063916327716445,15.063916327716445,3.0,0.0,0.0,0.0,0.0,0.0,12.791940789473685,0.0,24.975915221579964,0.0,0.0,0.0,0.0,0.0,0.0,28.093464273620047,0.0,0.0,0.0,0.0,0.0,0.0,0.0,0.0,0.0,0.0,0.0,0.0,0.0,0.0,0.0,0.0,0.0,0.0,40.271844660194176,46.983818770226534,0.0,0.0,0.0,0.0,0.0,0.0,61.59524819686042,0.0,59.05466970387244,0.0,0.0,0.0,0.0,0.0,0.0,32.91154960673382,0.0,0.0,0.0,0.0,0.0,0.0,0.0,0.0,0.0,0.0,0.0,0.0,0.0,0.0,0.0,0.0,0.0,0.0,0.0,0.0,11.810933940774488,59.05466970387244,0.0,0.0,0.0,0.0,0.0,0.0,0.0,0.0,0.0,0.0,0.0,0.0,0.0,0.0,0.0,0.0,0.0,0.0,0.0,0.0,0.0,0.0,0.0,0.0,0.0,0.0,0.0,0.0,0.0,0.0,0.0,0.0,0.0,0.0,0.0,24.984607147637533,0.0,0.0,0.0,0.0,0.0,0.0,0.0,0.0,0.0,0.0,0.0,0.0,0.0,0.0,124.19161676646706,103.49301397205588,41.39720558882235,0.0,0.0,0.0,0.0,16.542006380716057,1.838000708968451,0.0,1.838000708968451,9.190003544842254,0.0,0.0,0.0,0.0,0.0,0.0,0.0,0.0,1.838000708968451,0.0,0.0,0.0,0.0,5.5140021269053525,7.352002835873804,117.63204537398086,0.0,0.0,0.0,0.0,19.62621244381358,0.0,2.4532765554766973,0.0,0.0,0.0,0.0,0.0,0.0,4.906553110953395,0.0,0.0,0.0,0.0,0.0,0.0,0.0,0.0,7.359829666430092,4.906553110953395,2.4532765554766973,0.0,0.0,0.0,0.0,0.0,0.0,7.2365666434054425,0.0,0.0,0.0,0.0,0.0,0.0,0.0,0.0,0.0,0.0,0.0,0.0,0.0,0.0,0.0,0.0,0.0,0.0,0.0,0.0,0.0,0.0,0.0,0.0,0.0,0.0,0.0,0.0,0.0,0.0,0.0,0.0,0.0,0.0,0.0,0.0,2.4121888811351475,2.4121888811351475,2.4121888811351475,0.0,0.0,0.0
2017-10-01,0.0,0.0,6.0,0.0,8.374722390470422,0.0,0.0,0.0,0.0,0.0,0.0,9.0,0.0,0.0,0.0,0.0,1.0,0.0,0.0,0.0,0.0,0.0,0.0,0.0,0.0,0.0,0.0,0.0,0.0,0.0,15.063916327716445,15.063916327716445,1.0,0.0,0.0,0.0,0.0,0.0,0.0,0.0,9.990366088631985,0.0,0.0,0.0,0.0,0.0,0.0,21.070098205215036,0.0,0.0,0.0,0.0,0.0,0.0,0.0,0.0,0.0,0.0,0.0,0.0,0.0,0.0,0.0,0.0,0.0,0.0,40.271844660194176,33.55987055016181,0.0,0.0,0.0,0.0,0.0,0.0,35.19728468392024,0.0,70.86560364464692,0.0,0.0,0.0,0.0,0.0,0.0,34.34248654615703,0.0,0.0,0.0,0.0,0.0,0.0,0.0,0.0,0.0,0.0,0.0,0.0,0.0,0.0,0.0,0.0,0.0,0.0,0.0,0.0,0.0,70.86560364464692,0.0,0.0,0.0,0.0,0.0,0.0,0.0,0.0,0.0,9.71623611297015,0.0,0.0,0.0,0.0,0.0,0.0,0.0,0.0,0.0,0.0,0.0,0.0,0.0,0.0,0.0,0.0,0.0,0.0,0.0,0.0,0.0,0.0,0.0,0.0,0.0,0.0,0.0,0.0,0.0,0.0,0.0,0.0,0.0,0.0,0.0,0.0,0.0,0.0,0.0,0.0,165.5888223552894,82.7944111776447,20.698602794411176,0.0,0.0,0.0,0.0,3.676001417936902,1.838000708968451,0.0,0.0,0.0,0.0,0.0,0.0,0.0,0.0,0.0,0.0,0.0,0.0,0.0,0.0,0.0,0.0,3.676001417936902,1.838000708968451,12.866004962779156,0.0,0.0,0.0,0.0,9.81310622190679,0.0,2.4532765554766973,0.0,0.0,0.0,0.0,0.0,0.0,7.359829666430092,0.0,0.0,0.0,0.0,0.0,0.0,0.0,0.0,7.359829666430092,4.906553110953395,2.4532765554766973,0.0,0.0,0.0,0.0,0.0,0.0,4.824377762270295,0.0,0.0,0.0,0.0,0.0,0.0,0.0,0.0,0.0,0.0,0.0,0.0,0.0,0.0,0.0,0.0,0.0,0.0,0.0,0.0,0.0,0.0,0.0,0.0,0.0,0.0,0.0,0.0,0.0,0.0,0.0,0.0,0.0,0.0,0.0,0.0,2.4121888811351475,2.4121888811351475,2.4121888811351475,0.0,0.0,0.0
2017-11-01,0.0,0.0,3.0,0.0,8.374722390470422,0.0,0.0,0.0,0.0,0.0,0.0,9.0,0.0,0.0,0.0,0.0,0.0,0.0,0.0,0.0,0.0,0.0,0.0,0.0,0.0,0.0,0.0,0.0,0.0,0.0,15.063916327716445,12.051133062173156,1.0,0.0,0.0,0.0,0.0,0.0,0.0,0.0,14.985549132947977,0.0,0.0,0.0,0.0,0.0,0.0,19.314256688113783,0.0,0.0,0.0,0.0,0.0,0.0,0.0,0.0,0.0,0.0,0.0,0.0,0.0,0.0,0.0,0.0,0.0,0.0,33.55987055016181,33.55987055016181,0.0,0.0,0.0,0.0,0.0,0.0,17.59864234196012,0.0,59.05466970387244,0.0,0.0,0.0,0.0,0.0,0.0,115.90589209327999,0.0,0.0,0.0,0.0,0.0,0.0,0.0,0.0,0.0,0.0,0.0,0.0,0.0,0.0,0.0,0.0,0.0,0.0,0.0,0.0,0.0,59.05466970387244,0.0,0.0,0.0,0.0,0.0,0.0,0.0,0.0,0.0,0.0,0.0,0.0,0.0,0.0,0.0,0.0,0.0,0.0,0.0,0.0,0.0,0.0,0.0,0.0,0.0,0.0,0.0,0.0,0.0,0.0,0.0,0.0,0.0,0.0,0.0,0.0,0.0,0.0,0.0,0.0,0.0,0.0,0.0,0.0,0.0,0.0,0.0,0.0,0.0,0.0,144.89021956087822,165.5888223552894,20.698602794411176,0.0,0.0,0.0,0.0,1.838000708968451,1.838000708968451,0.0,0.0,0.0,0.0,0.0,0.0,0.0,0.0,0.0,0.0,0.0,0.0,0.0,0.0,0.0,0.0,1.838000708968451,3.676001417936902,1.838000708968451,0.0,0.0,0.0,0.0,4.906553110953395,0.0,2.4532765554766973,0.0,0.0,0.0,0.0,0.0,0.0,12.266382777383487,0.0,0.0,0.0,0.0,0.0,0.0,0.0,0.0,7.359829666430092,4.906553110953395,0.0,0.0,0.0,0.0,0.0,0.0,0.0,2.4121888811351475,0.0,0.0,0.0,0.0,0.0,0.0,0.0,0.0,0.0,0.0,0.0,0.0,0.0,0.0,0.0,0.0,0.0,0.0,0.0,0.0,0.0,0.0,0.0,0.0,0.0,0.0,0.0,0.0,0.0,0.0,0.0,0.0,0.0,0.0,0.0,0.0,2.4121888811351475,2.4121888811351475,0.0,0.0,0.0,0.0
2017-12-01,0.0,0.0,2.0,0.0,8.374722390470422,0.0,0.0,0.0,0.0,0.0,0.0,7.0,0.0,0.0,0.0,0.0,0.0,0.0,0.0,0.0,0.0,0.0,0.0,0.0,0.0,0.0,0.0,0.0,0.0,0.0,15.063916327716445,9.038349796629866,1.0,0.0,0.0,0.0,0.0,0.0,0.0,0.0,19.98073217726397,0.0,0.0,0.0,0.0,0.0,0.0,21.070098205215036,0.0,0.0,0.0,0.0,0.0,0.0,0.0,0.0,0.0,0.0,0.0,0.0,0.0,0.0,0.0,0.0,0.0,0.0,53.6957928802589,33.55987055016181,0.0,0.0,0.0,0.0,0.0,0.0,0.0,0.0,59.05466970387244,0.0,0.0,0.0,0.0,0.0,0.0,40.06623430384987,0.0,0.0,0.0,0.0,0.0,0.0,0.0,0.0,0.0,0.0,0.0,0.0,0.0,0.0,0.0,0.0,0.0,0.0,0.0,0.0,0.0,59.05466970387244,0.0,0.0,0.0,0.0,0.0,0.0,0.0,0.0,0.0,19.4324722259403,0.0,0.0,0.0,0.0,0.0,0.0,0.0,0.0,0.0,0.0,0.0,0.0,0.0,0.0,0.0,0.0,0.0,0.0,0.0,0.0,0.0,0.0,0.0,0.0,0.0,0.0,0.0,0.0,0.0,0.0,0.0,0.0,0.0,0.0,0.0,0.0,0.0,0.0,0.0,0.0,144.89021956087822,82.7944111776447,20.698602794411176,0.0,0.0,0.0,0.0,0.0,1.838000708968451,0.0,0.0,0.0,0.0,0.0,0.0,0.0,0.0,0.0,0.0,0.0,0.0,0.0,0.0,0.0,0.0,3.676001417936902,1.838000708968451,1.838000708968451,0.0,0.0,0.0,0.0,2.4532765554766973,0.0,2.4532765554766973,0.0,0.0,0.0,0.0,0.0,0.0,9.81310622190679,0.0,0.0,0.0,0.0,0.0,0.0,0.0,0.0,7.359829666430092,7.359829666430092,0.0,0.0,0.0,0.0,0.0,0.0,0.0,0.0,0.0,0.0,0.0,0.0,0.0,0.0,0.0,0.0,0.0,0.0,0.0,0.0,0.0,0.0,0.0,0.0,0.0,0.0,0.0,0.0,0.0,0.0,0.0,0.0,0.0,0.0,0.0,0.0,0.0,0.0,0.0,0.0,0.0,0.0,0.0,0.0,2.4121888811351475,2.4121888811351475,0.0,0.0,0.0,0.0
2018-01-01,0.0,0.0,1.0,0.0,10.468402988088028,0.0,0.0,0.0,0.0,1.0,0.0,8.0,0.0,0.0,0.0,0.0,0.0,0.0,0.0,0.0,0.0,0.0,0.0,0.0,0.0,0.0,0.0,0.0,0.0,0.0,18.076699593259733,12.051133062173156,1.0,0.0,0.0,0.0,0.0,0.0,0.0,0.0,24.975915221579964,0.0,0.0,0.0,0.0,0.0,0.0,28.093464273620047,0.0,0.0,0.0,0.0,0.0,0.0,0.0,0.0,0.0,0.0,0.0,0.0,0.0,0.0,0.0,0.0,0.0,0.0,46.983818770226534,46.983818770226534,0.0,0.0,0.0,0.0,0.0,0.0,0.0,0.0,70.86560364464692,0.0,0.0,11.810933940774488,0.0,0.0,0.0,31.480612667310613,0.0,0.0,0.0,0.0,0.0,0.0,0.0,0.0,0.0,0.0,0.0,0.0,0.0,0.0,0.0,0.0,0.0,0.0,0.0,0.0,0.0,70.86560364464692,0.0,0.0,0.0,0.0,0.0,0.0,0.0,0.0,0.0,0.0,0.0,0.0,0.0,0.0,0.0,0.0,0.0,0.0,0.0,0.0,0.0,0.0,0.0,0.0,0.0,0.0,0.0,0.0,0.0,0.0,0.0,0.0,0.0,0.0,0.0,0.0,0.0,0.0,0.0,0.0,0.0,0.0,0.0,0.0,0.0,0.0,0.0,0.0,0.0,0.0,165.5888223552894,82.7944111776447,0.0,0.0,0.0,0.0,0.0,0.0,1.838000708968451,0.0,0.0,0.0,0.0,0.0,0.0,0.0,0.0,0.0,0.0,0.0,0.0,0.0,0.0,0.0,0.0,3.676001417936902,1.838000708968451,1.838000708968451,0.0,0.0,0.0,0.0,2.4532765554766973,0.0,2.4532765554766973,0.0,0.0,0.0,0.0,0.0,0.0,14.719659332860184,0.0,0.0,0.0,0.0,0.0,0.0,0.0,0.0,7.359829666430092,4.906553110953395,0.0,0.0,0.0,0.0,0.0,0.0,0.0,0.0,2.4121888811351475,0.0,0.0,0.0,0.0,0.0,0.0,0.0,0.0,0.0,0.0,0.0,0.0,0.0,0.0,0.0,0.0,0.0,0.0,0.0,0.0,0.0,0.0,0.0,0.0,0.0,0.0,0.0,0.0,0.0,0.0,0.0,0.0,0.0,0.0,0.0,4.824377762270295,2.4121888811351475,2.4121888811351475,0.0,0.0,0.0
2018-02-01,0.0,0.0,2.0,0.0,10.468402988088028,0.0,0.0,0.0,0.0,0.0,0.0,7.0,0.0,0.0,0.0,0.0,0.0,0.0,0.0,0.0,0.0,0.0,0.0,0.0,0.0,0.0,0.0,0.0,0.0,0.0,15.063916327716445,9.038349796629866,1.0,0.0,0.0,0.0,0.0,0.0,0.0,0.0,14.985549132947977,0.0,0.0,0.0,0.0,0.0,0.0,21.070098205215036,0.0,0.0,0.0,0.0,0.0,0.0,0.0,0.0,0.0,0.0,0.0,0.0,0.0,0.0,0.0,0.0,0.0,0.0,40.271844660194176,33.55987055016181,0.0,0.0,0.0,0.0,0.0,0.0,0.0,0.0,70.86560364464692,0.0,0.0,0.0,0.0,0.0,0.0,28.618738788464192,0.0,0.0,0.0,0.0,0.0,0.0,0.0,0.0,0.0,0.0,0.0,0.0,0.0,0.0,0.0,0.0,0.0,0.0,0.0,0.0,0.0,70.86560364464692,0.0,0.0,0.0,0.0,0.0,0.0,0.0,0.0,0.0,0.0,0.0,0.0,0.0,0.0,0.0,0.0,0.0,0.0,0.0,0.0,0.0,0.0,0.0,0.0,0.0,0.0,0.0,0.0,0.0,0.0,0.0,0.0,0.0,0.0,0.0,0.0,0.0,0.0,0.0,0.0,0.0,0.0,0.0,0.0,0.0,0.0,0.0,0.0,0.0,0.0,144.89021956087822,62.09580838323353,0.0,0.0,0.0,0.0,0.0,0.0,1.838000708968451,0.0,0.0,0.0,0.0,0.0,0.0,0.0,0.0,0.0,0.0,0.0,0.0,0.0,0.0,0.0,0.0,3.676001417936902,1.838000708968451,0.0,0.0,0.0,0.0,0.0,2.4532765554766973,0.0,2.4532765554766973,0.0,0.0,0.0,0.0,0.0,0.0,12.266382777383487,0.0,0.0,0.0,0.0,0.0,0.0,0.0,0.0,4.906553110953395,4.906553110953395,0.0,0.0,0.0,0.0,0.0,0.0,0.0,0.0,0.0,0.0,0.0,0.0,0.0,0.0,0.0,0.0,0.0,0.0,0.0,0.0,0.0,0.0,0.0,0.0,0.0,0.0,0.0,0.0,0.0,0.0,0.0,0.0,0.0,0.0,0.0,0.0,0.0,0.0,0.0,0.0,0.0,0.0,0.0,0.0,2.4121888811351475,2.4121888811351475,0.0,0.0,0.0,0.0
2018-03-01,0.0,0.0,2.0,0.0,10.468402988088028,0.0,0.0,0.0,0.0,1.0,0.0,7.0,0.0,0.0,0.0,0.0,0.0,0.0,0.0,0.0,0.0,0.0,0.0,0.0,0.0,0.0,0.0,0.0,0.0,0.0,15.063916327716445,9.038349796629866,1.0,0.0,0.0,0.0,0.0,0.0,0.0,0.0,14.985549132947977,0.0,0.0,0.0,0.0,0.0,0.0,24.58178123941754,0.0,0.0,0.0,0.0,0.0,0.0,0.0,0.0,0.0,0.0,0.0,0.0,0.0,0.0,0.0,0.0,0.0,0.0,46.983818770226534,33.55987055016181,0.0,0.0,0.0,0.0,0.0,0.0,0.0,0.0,70.86560364464692,0.0,0.0,0.0,0.0,0.0,0.0,31.480612667310613,0.0,0.0,0.0,0.0,0.0,0.0,0.0,0.0,0.0,0.0,0.0,0.0,0.0,0.0,0.0,0.0,0.0,0.0,0.0,0.0,0.0,70.86560364464692,0.0,0.0,0.0,0.0,0.0,0.0,0.0,0.0,0.0,11.104269843394459,0.0,0.0,0.0,0.0,0.0,0.0,0.0,0.0,0.0,0.0,0.0,0.0,0.0,0.0,0.0,0.0,0.0,0.0,0.0,0.0,0.0,0.0,0.0,0.0,0.0,0.0,0.0,0.0,0.0,0.0,0.0,0.0,0.0,0.0,0.0,0.0,0.0,0.0,0.0,0.0,144.89021956087822,62.09580838323353,0.0,0.0,0.0,0.0,0.0,0.0,1.838000708968451,0.0,0.0,0.0,0.0,0.0,0.0,0.0,0.0,0.0,0.0,0.0,0.0,0.0,0.0,0.0,0.0,1.838000708968451,1.838000708968451,0.0,0.0,0.0,0.0,0.0,2.4532765554766973,0.0,2.4532765554766973,0.0,0.0,0.0,0.0,0.0,0.0,9.81310622190679,0.0,0.0,0.0,0.0,0.0,0.0,0.0,0.0,4.906553110953395,4.906553110953395,0.0,0.0,0.0,0.0,0.0,0.0,0.0,2.4121888811351475,0.0,0.0,0.0,0.0,0.0,0.0,0.0,0.0,0.0,0.0,0.0,0.0,0.0,0.0,0.0,0.0,0.0,0.0,0.0,0.0,0.0,0.0,0.0,0.0,0.0,0.0,0.0,0.0,0.0,0.0,0.0,0.0,0.0,0.0,0.0,0.0,2.4121888811351475,4.824377762270295,2.4121888811351475,0.0,0.0,0.0
2018-04-01,0.0,0.0,5.0,0.0,8.374722390470422,0.0,0.0,0.0,0.0,1.0,0.0,7.0,0.0,0.0,0.0,0.0,1.0,0.0,0.0,0.0,0.0,0.0,0.0,0.0,0.0,0.0,0.0,0.0,0.0,0.0,15.063916327716445,9.038349796629866,1.0,0.0,0.0,0.0,0.0,0.0,0.0,0.0,9.990366088631985,0.0,0.0,0.0,0.0,0.0,0.0,21.070098205215036,0.0,0.0,0.0,0.0,0.0,0.0,0.0,0.0,0.0,0.0,0.0,0.0,0.0,0.0,0.0,0.0,0.0,0.0,33.55987055016181,33.55987055016181,0.0,0.0,0.0,0.0,0.0,0.0,26.39796351294018,0.0,59.05466970387244,0.0,0.0,0.0,0.0,0.0,0.0,32.91154960673382,0.0,0.0,0.0,0.0,0.0,0.0,0.0,0.0,0.0,0.0,0.0,0.0,0.0,0.0,0.0,0.0,0.0,0.0,0.0,0.0,35.43280182232346,59.05466970387244,0.0,0.0,0.0,0.0,0.0,0.0,0.0,0.0,0.0,0.0,0.0,0.0,0.0,0.0,0.0,0.0,0.0,0.0,0.0,0.0,0.0,0.0,0.0,0.0,0.0,0.0,0.0,0.0,0.0,0.0,0.0,0.0,0.0,0.0,0.0,0.0,0.0,0.0,0.0,0.0,0.0,0.0,0.0,0.0,0.0,0.0,0.0,0.0,0.0,0.0,124.19161676646706,82.7944111776447,20.698602794411176,0.0,0.0,0.0,0.0,3.676001417936902,1.838000708968451,0.0,0.0,0.0,0.0,0.0,0.0,0.0,0.0,0.0,0.0,0.0,0.0,0.0,0.0,0.0,0.0,1.838000708968451,5.5140021269053525,0.0,0.0,0.0,0.0,0.0,4.906553110953395,0.0,2.4532765554766973,0.0,0.0,0.0,0.0,0.0,0.0,9.81310622190679,0.0,0.0,0.0,0.0,0.0,0.0,0.0,0.0,4.906553110953395,4.906553110953395,0.0,0.0,0.0,0.0,0.0,0.0,0.0,26.534077692486623,0.0,0.0,0.0,0.0,0.0,0.0,0.0,0.0,0.0,0.0,0.0,0.0,0.0,0.0,0.0,0.0,0.0,0.0,0.0,0.0,0.0,0.0,0.0,0.0,0.0,0.0,0.0,0.0,0.0,0.0,0.0,0.0,0.0,0.0,0.0,0.0,4.824377762270295,7.2365666434054425,4.824377762270295,0.0,0.0,0.0
2018-05-01,0.0,0.0,11.0,0.0,8.374722390470422,0.0,0.0,0.0,0.0,0.0,0.0,5.0,0.0,0.0,0.0,0.0,1.0,0.0,0.0,0.0,0.0,0.0,0.0,0.0,0.0,0.0,0.0,0.0,0.0,0.0,12.051133062173156,9.038349796629866,1.0,0.0,0.0,0.0,0.0,0.0,10.659950657894736,0.0,14.985549132947977,0.0,0.0,0.0,0.0,0.0,0.0,24.58178123941754,0.0,9.351703406813627,0.0,0.0,0.0,0.0,0.0,0.0,0.0,0.0,0.0,0.0,0.0,0.0,0.0,0.0,0.0,0.0,40.271844660194176,33.55987055016181,0.0,0.0,0.0,0.0,0.0,0.0,35.19728468392024,0.0,59.05466970387244,0.0,0.0,0.0,0.0,0.0,0.0,30.049675727887404,0.0,0.0,0.0,0.0,0.0,0.0,0.0,0.0,0.0,0.0,0.0,0.0,0.0,0.0,0.0,0.0,0.0,0.0,0.0,0.0,35.43280182232346,59.05466970387244,0.0,0.0,0.0,0.0,0.0,0.0,0.0,0.0,0.0,0.0,0.0,0.0,0.0,0.0,0.0,0.0,0.0,0.0,0.0,0.0,0.0,0.0,0.0,0.0,0.0,0.0,0.0,0.0,0.0,0.0,0.0,0.0,0.0,0.0,0.0,12.492303573818766,0.0,0.0,0.0,0.0,0.0,0.0,0.0,0.0,0.0,0.0,0.0,0.0,0.0,0.0,124.19161676646706,62.09580838323353,0.0,0.0,0.0,0.0,0.0,3.676001417936902,1.838000708968451,0.0,0.0,0.0,0.0,0.0,0.0,0.0,0.0,0.0,0.0,0.0,0.0,0.0,0.0,0.0,0.0,3.676001417936902,3.676001417936902,0.0,0.0,0.0,0.0,0.0,14.719659332860184,0.0,2.4532765554766973,0.0,0.0,0.0,0.0,0.0,0.0,12.266382777383487,0.0,0.0,0.0,0.0,0.0,0.0,0.0,0.0,7.359829666430092,4.906553110953395,0.0,0.0,0.0,0.0,0.0,0.0,0.0,62.716910909513835,0.0,0.0,0.0,0.0,0.0,0.0,0.0,0.0,0.0,0.0,0.0,0.0,0.0,0.0,0.0,0.0,0.0,0.0,0.0,0.0,0.0,0.0,0.0,0.0,0.0,0.0,0.0,0.0,0.0,0.0,0.0,0.0,0.0,0.0,0.0,0.0,4.824377762270295,7.2365666434054425,4.824377762270295,0.0,0.0,0.0
2018-06-01,0.0,0.0,13.0,0.0,8.374722390470422,0.0,0.0,0.0,0.0,1.0,0.0,8.0,0.0,0.0,0.0,0.0,1.0,0.0,0.0,0.0,1.0,0.0,0.0,0.0,0.0,0.0,0.0,0.0,0.0,0.0,12.051133062173156,12.051133062173156,1.0,0.0,0.0,0.0,0.0,0.0,14.923930921052632,0.0,14.985549132947977,0.0,0.0,0.0,0.0,0.0,0.0,12.29089061970877,0.0,0.0,0.0,0.0,0.0,0.0,0.0,0.0,8.110010427528676,0.0,0.0,0.0,0.0,0.0,0.0,0.0,0.0,0.0,26.84789644012945,20.135922330097088,0.0,0.0,0.0,0.0,0.0,0.0,105.59185405176072,0.0,47.24373576309795,0.0,0.0,0.0,0.0,0.0,0.0,27.187801849040984,0.0,0.0,0.0,0.0,0.0,0.0,0.0,0.0,0.0,0.0,0.0,0.0,0.0,0.0,0.0,0.0,0.0,0.0,0.0,0.0,47.24373576309795,47.24373576309795,0.0,0.0,0.0,0.0,0.0,0.0,0.0,0.0,0.0,0.0,0.0,9.71623611297015,0.0,0.0,0.0,0.0,0.0,0.0,0.0,0.0,0.0,0.0,0.0,0.0,0.0,0.0,0.0,0.0,0.0,0.0,0.0,0.0,0.0,0.0,0.0,18.044438495515994,0.0,0.0,0.0,0.0,0.0,0.0,0.0,0.0,0.0,0.0,0.0,0.0,0.0,0.0,124.19161676646706,62.09580838323353,0.0,0.0,0.0,0.0,0.0,7.352002835873804,1.838000708968451,0.0,0.0,0.0,0.0,0.0,0.0,0.0,0.0,0.0,0.0,0.0,0.0,0.0,0.0,0.0,0.0,3.676001417936902,3.676001417936902,1.838000708968451,0.0,0.0,0.0,0.0,22.079488999290277,0.0,2.4532765554766973,0.0,0.0,0.0,0.0,0.0,0.0,49.06553110953395,0.0,0.0,0.0,0.0,0.0,0.0,0.0,0.0,7.359829666430092,4.906553110953395,0.0,0.0,0.0,0.0,0.0,0.0,0.0,38.59502209816236,0.0,0.0,0.0,0.0,0.0,0.0,0.0,0.0,0.0,0.0,0.0,0.0,0.0,0.0,0.0,0.0,0.0,0.0,0.0,0.0,0.0,0.0,0.0,0.0,0.0,0.0,0.0,0.0,0.0,0.0,0.0,0.0,0.0,0.0,0.0,0.0,2.4121888811351475,4.824377762270295,2.4121888811351475,0.0,0.0,0.0
2018-07-01,0.0,0.0,15.0,0.0,8.374722390470422,0.0,0.0,0.0,0.0,1.0,0.0,6.0,0.0,0.0,0.0,0.0,1.0,0.0,0.0,0.0,1.0,0.0,0.0,0.0,0.0,0.0,0.0,0.0,0.0,0.0,12.051133062173156,9.038349796629866,1.0,0.0,0.0,0.0,0.0,0.0,17.05592105263158,0.0,14.985549132947977,0.0,0.0,0.0,0.0,0.0,0.0,22.82593972231629,0.0,0.0,0.0,0.0,0.0,0.0,0.0,0.0,5.406673618352451,0.0,0.0,0.0,0.0,0.0,0.0,0.0,0.0,0.0,33.55987055016181,26.84789644012945,0.0,0.0,0.0,0.0,0.0,0.0,149.588459906661,0.0,59.05466970387244,0.0,0.0,0.0,0.0,0.0,0.0,14.309369394232096,0.0,0.0,0.0,0.0,12.492303573818766,0.0,0.0,0.0,0.0,0.0,0.0,0.0,0.0,0.0,0.0,0.0,0.0,0.0,0.0,0.0,47.24373576309795,59.05466970387244,0.0,0.0,0.0,0.0,0.0,0.0,0.0,0.0,0.0,0.0,0.0,0.0,0.0,0.0,0.0,0.0,0.0,0.0,0.0,0.0,12.492303573818766,0.0,0.0,0.0,0.0,0.0,0.0,0.0,0.0,0.0,0.0,0.0,0.0,0.0,0.0,12.492303573818766,0.0,0.0,0.0,0.0,0.0,0.0,0.0,0.0,0.0,0.0,0.0,0.0,0.0,0.0,124.19161676646706,62.09580838323353,20.698602794411176,0.0,0.0,0.0,0.0,11.028004253810705,1.838000708968451,0.0,1.838000708968451,0.0,0.0,0.0,0.0,0.0,0.0,0.0,0.0,0.0,0.0,0.0,0.0,0.0,0.0,3.676001417936902,5.5140021269053525,1.838000708968451,0.0,0.0,0.0,0.0,26.98604211024367,0.0,2.4532765554766973,0.0,0.0,0.0,0.0,0.0,0.0,9.81310622190679,0.0,0.0,0.0,0.0,0.0,0.0,0.0,0.0,7.359829666430092,7.359829666430092,2.4532765554766973,0.0,0.0,0.0,0.0,0.0,0.0,41.00721097929751,0.0,0.0,0.0,0.0,0.0,0.0,0.0,0.0,0.0,0.0,0.0,0.0,0.0,0.0,0.0,0.0,0.0,0.0,0.0,0.0,0.0,0.0,0.0,0.0,0.0,0.0,0.0,0.0,0.0,0.0,0.0,0.0,0.0,0.0,0.0,0.0,4.824377762270295,4.824377762270295,2.4121888811351475,0.0,0.0,0.0
2018-08-01,0.0,0.0,13.0,0.0,8.374722390470422,0.0,0.0,0.0,0.0,1.0,0.0,8.0,0.0,0.0,0.0,0.0,2.0,0.0,0.0,2.0,10.0,0.0,6.0,0.0,0.0,0.0,0.0,0.0,6.025566531086578,0.0,15.063916327716445,12.051133062173156,1.0,0.0,0.0,0.0,0.0,0.0,14.923930921052632,0.0,24.975915221579964,0.0,0.0,0.0,0.0,0.0,0.0,26.337622756518794,0.0,0.0,0.0,0.0,0.0,0.0,0.0,12.122747199220655,270.33368091762253,0.0,56.77007299270073,0.0,0.0,0.0,0.0,0.0,6.711974110032362,0.0,40.271844660194176,40.271844660194176,0.0,0.0,0.0,0.0,0.0,0.0,105.59185405176072,0.0,59.05466970387244,0.0,0.0,0.0,0.0,0.0,0.0,30.049675727887404,0.0,0.0,0.0,0.0,0.0,0.0,0.0,11.104269843394459,41.64101191272922,0.0,0.0,0.0,0.0,0.0,0.0,0.0,0.0,0.0,0.0,0.0,35.43280182232346,59.05466970387244,0.0,0.0,0.0,0.0,0.0,0.0,0.0,0.0,0.0,0.0,0.0,0.0,0.0,0.0,0.0,0.0,0.0,0.0,0.0,0.0,0.0,0.0,0.0,0.0,0.0,0.0,15.26837103466738,0.0,0.0,0.0,0.0,0.0,0.0,0.0,0.0,37.4769107214563,0.0,0.0,0.0,0.0,0.0,0.0,0.0,0.0,0.0,0.0,0.0,0.0,0.0,0.0,124.19161676646706,82.7944111776447,0.0,0.0,0.0,0.0,0.0,14.704005671747607,1.838000708968451,0.0,0.0,0.0,0.0,0.0,0.0,0.0,0.0,0.0,0.0,0.0,0.0,0.0,3.676001417936902,0.0,0.0,3.676001417936902,5.5140021269053525,1.838000708968451,1.838000708968451,0.0,0.0,0.0,26.98604211024367,0.0,2.4532765554766973,0.0,0.0,0.0,0.0,0.0,0.0,7.359829666430092,0.0,0.0,0.0,0.0,0.0,0.0,0.0,0.0,7.359829666430092,9.81310622190679,2.4532765554766973,0.0,0.0,0.0,0.0,0.0,0.0,38.59502209816236,0.0,0.0,0.0,0.0,0.0,0.0,0.0,0.0,0.0,0.0,0.0,0.0,0.0,0.0,0.0,0.0,0.0,0.0,0.0,0.0,0.0,0.0,0.0,0.0,0.0,0.0,0.0,0.0,0.0,0.0,0.0,0.0,0.0,0.0,0.0,0.0,4.824377762270295,4.824377762270295,4.824377762270295,0.0,0.0,0.0
2018-09-01,0.0,0.0,8.0,0.0,8.374722390470422,0.0,0.0,0.0,0.0,1.0,0.0,7.0,0.0,0.0,0.0,0.0,1.0,0.0,0.0,1.0,8.0,1.0,13.0,0.0,0.0,0.0,0.0,0.0,6.025566531086578,0.0,15.063916327716445,12.051133062173156,1.0,0.0,0.0,0.0,0.0,0.0,14.923930921052632,0.0,14.985549132947977,0.0,0.0,0.0,0.0,0.0,0.0,22.82593972231629,0.0,0.0,0.0,0.0,0.0,0.0,0.0,0.0,72.99009384775809,0.0,29.736704900938477,0.0,0.0,0.0,0.0,0.0,0.0,0.0,26.84789644012945,26.84789644012945,0.0,0.0,0.0,0.0,0.0,0.0,70.39456936784048,0.0,59.05466970387244,0.0,0.0,0.0,0.0,0.0,0.0,18.602180212501725,0.0,0.0,0.0,0.0,0.0,0.0,0.0,0.0,13.880337304243074,0.0,0.0,0.0,0.0,0.0,0.0,0.0,0.0,0.0,0.0,0.0,23.621867881548976,59.05466970387244,0.0,0.0,0.0,0.0,0.0,0.0,0.0,0.0,0.0,0.0,0.0,0.0,0.0,0.0,0.0,0.0,0.0,0.0,0.0,0.0,0.0,0.0,0.0,0.0,0.0,0.0,0.0,0.0,0.0,0.0,0.0,0.0,0.0,0.0,0.0,12.492303573818766,0.0,0.0,0.0,0.0,0.0,0.0,0.0,0.0,0.0,0.0,0.0,0.0,0.0,0.0,124.19161676646706,62.09580838323353,20.698602794411176,0.0,0.0,0.0,0.0,11.028004253810705,1.838000708968451,0.0,0.0,0.0,0.0,0.0,0.0,0.0,0.0,0.0,0.0,0.0,0.0,0.0,1.838000708968451,0.0,0.0,3.676001417936902,3.676001417936902,1.838000708968451,0.0,0.0,0.0,0.0,26.98604211024367,0.0,2.4532765554766973,0.0,0.0,0.0,0.0,0.0,0.0,7.359829666430092,0.0,0.0,0.0,0.0,0.0,0.0,0.0,0.0,4.906553110953395,7.359829666430092,0.0,0.0,0.0,0.0,0.0,0.0,0.0,19.29751104908118,0.0,0.0,0.0,0.0,0.0,0.0,0.0,0.0,0.0,0.0,0.0,0.0,0.0,0.0,0.0,0.0,0.0,0.0,0.0,0.0,0.0,0.0,0.0,0.0,0.0,0.0,0.0,0.0,0.0,0.0,0.0,0.0,0.0,0.0,0.0,0.0,2.4121888811351475,4.824377762270295,2.4121888811351475,0.0,0.0,0.0
2018-10-01,0.0,0.0,4.0,0.0,10.468402988088028,0.0,0.0,0.0,0.0,0.0,0.0,6.0,0.0,0.0,0.0,0.0,0.0,0.0,0.0,1.0,5.0,0.0,5.0,0.0,0.0,0.0,0.0,0.0,0.0,0.0,15.063916327716445,9.038349796629866,1.0,0.0,0.0,0.0,0.0,0.0,6.3959703947368425,0.0,19.98073217726397,0.0,0.0,0.0,0.0,0.0,0.0,21.070098205215036,0.0,0.0,0.0,0.0,0.0,0.0,0.0,0.0,40.55005213764338,0.0,13.516684045881126,0.0,0.0,0.0,0.0,0.0,0.0,0.0,40.271844660194176,26.84789644012945,0.0,0.0,0.0,0.0,0.0,0.0,65.99490878235045,0.0,70.86560364464692,0.0,0.0,0.0,0.0,0.0,0.0,32.91154960673382,0.0,0.0,0.0,0.0,0.0,0.0,0.0,0.0,15.26837103466738,0.0,0.0,0.0,0.0,0.0,0.0,0.0,0.0,0.0,0.0,0.0,11.810933940774488,70.86560364464692,0.0,0.0,0.0,0.0,0.0,0.0,0.0,0.0,0.0,0.0,0.0,0.0,0.0,0.0,0.0,0.0,0.0,0.0,0.0,0.0,0.0,0.0,0.0,0.0,0.0,0.0,0.0,0.0,0.0,0.0,0.0,0.0,0.0,0.0,0.0,19.4324722259403,0.0,0.0,0.0,0.0,0.0,0.0,0.0,0.0,0.0,0.0,0.0,0.0,0.0,0.0,144.89021956087822,62.09580838323353,20.698602794411176,0.0,0.0,0.0,0.0,3.676001417936902,0.0,0.0,0.0,0.0,0.0,0.0,0.0,0.0,0.0,0.0,0.0,0.0,0.0,0.0,0.0,0.0,0.0,1.838000708968451,3.676001417936902,0.0,0.0,0.0,0.0,0.0,19.62621244381358,0.0,2.4532765554766973,0.0,0.0,0.0,0.0,0.0,0.0,7.359829666430092,0.0,0.0,0.0,0.0,0.0,0.0,0.0,0.0,7.359829666430092,49.06553110953395,0.0,0.0,0.0,0.0,0.0,0.0,0.0,7.2365666434054425,0.0,0.0,0.0,0.0,0.0,0.0,0.0,0.0,0.0,0.0,0.0,0.0,0.0,0.0,0.0,0.0,0.0,0.0,0.0,0.0,0.0,0.0,0.0,0.0,0.0,0.0,2.4121888811351475,0.0,0.0,0.0,0.0,0.0,0.0,0.0,0.0,0.0,2.4121888811351475,4.824377762270295,2.4121888811351475,0.0,0.0,0.0
2018-11-01,0.0,0.0,2.0,0.0,8.374722390470422,0.0,0.0,0.0,0.0,0.0,0.0,7.0,0.0,0.0,0.0,0.0,0.0,0.0,0.0,0.0,3.0,0.0,1.0,0.0,0.0,0.0,0.0,0.0,0.0,0.0,15.063916327716445,9.038349796629866,1.0,0.0,0.0,0.0,0.0,0.0,6.3959703947368425,0.0,14.985549132947977,0.0,0.0,0.0,0.0,7.023366068405012,0.0,21.070098205215036,0.0,0.0,0.0,0.0,0.0,0.0,0.0,0.0,13.516684045881126,0.0,0.0,0.0,0.0,0.0,0.0,0.0,0.0,0.0,33.55987055016181,26.84789644012945,6.011594202898551,0.0,0.0,0.0,0.0,0.0,17.59864234196012,0.0,59.05466970387244,0.0,0.0,0.0,0.0,0.0,0.0,18.602180212501725,0.0,0.0,0.0,0.0,0.0,0.0,0.0,0.0,0.0,0.0,0.0,0.0,0.0,0.0,0.0,0.0,0.0,0.0,0.0,0.0,0.0,59.05466970387244,0.0,0.0,0.0,0.0,0.0,0.0,0.0,0.0,0.0,9.71623611297015,0.0,0.0,0.0,0.0,0.0,0.0,0.0,0.0,0.0,0.0,0.0,0.0,0.0,0.0,0.0,0.0,0.0,0.0,0.0,0.0,0.0,0.0,0.0,0.0,0.0,0.0,0.0,0.0,0.0,0.0,0.0,0.0,0.0,0.0,0.0,0.0,0.0,0.0,0.0,0.0,124.19161676646706,62.09580838323353,20.698602794411176,0.0,0.0,0.0,0.0,1.838000708968451,1.838000708968451,0.0,0.0,0.0,0.0,0.0,0.0,0.0,0.0,0.0,0.0,0.0,0.0,0.0,0.0,0.0,0.0,1.838000708968451,1.838000708968451,0.0,0.0,0.0,0.0,0.0,4.906553110953395,0.0,2.4532765554766973,0.0,0.0,0.0,0.0,0.0,0.0,12.266382777383487,0.0,0.0,0.0,0.0,0.0,0.0,0.0,0.0,4.906553110953395,17.17293588833688,0.0,0.0,0.0,0.0,0.0,0.0,0.0,2.4121888811351475,0.0,0.0,0.0,0.0,0.0,0.0,0.0,0.0,0.0,0.0,0.0,0.0,0.0,0.0,0.0,0.0,0.0,0.0,0.0,0.0,0.0,0.0,0.0,0.0,0.0,0.0,0.0,0.0,0.0,0.0,0.0,0.0,0.0,0.0,0.0,0.0,2.4121888811351475,2.4121888811351475,0.0,0.0,0.0,0.0
2018-12-01,0.0,0.0,2.0,0.0,8.374722390470422,0.0,0.0,0.0,0.0,0.0,0.0,7.0,0.0,0.0,0.0,0.0,0.0,0.0,0.0,0.0,1.0,0.0,0.0,0.0,0.0,0.0,0.0,0.0,0.0,0.0,15.063916327716445,9.038349796629866,1.0,0.0,0.0,0.0,0.0,0.0,0.0,0.0,14.985549132947977,0.0,0.0,0.0,0.0,0.0,0.0,19.314256688113783,0.0,0.0,0.0,0.0,0.0,0.0,0.0,0.0,0.0,0.0,0.0,0.0,0.0,0.0,0.0,0.0,0.0,0.0,33.55987055016181,33.55987055016181,0.0,0.0,0.0,0.0,0.0,0.0,0.0,0.0,59.05466970387244,0.0,0.0,0.0,0.0,0.0,0.0,18.602180212501725,0.0,0.0,0.0,0.0,0.0,0.0,0.0,0.0,0.0,0.0,0.0,0.0,0.0,0.0,0.0,0.0,0.0,0.0,0.0,0.0,0.0,59.05466970387244,0.0,0.0,0.0,0.0,0.0,0.0,0.0,0.0,0.0,0.0,0.0,0.0,0.0,0.0,0.0,0.0,0.0,0.0,0.0,0.0,0.0,0.0,0.0,0.0,0.0,0.0,0.0,0.0,0.0,0.0,0.0,0.0,0.0,0.0,0.0,0.0,0.0,0.0,0.0,0.0,0.0,0.0,0.0,0.0,0.0,0.0,0.0,0.0,0.0,0.0,124.19161676646706,62.09580838323353,20.698602794411176,0.0,0.0,0.0,0.0,0.0,1.838000708968451,0.0,0.0,0.0,0.0,0.0,0.0,0.0,0.0,0.0,0.0,0.0,0.0,0.0,0.0,0.0,0.0,1.838000708968451,1.838000708968451,0.0,0.0,0.0,0.0,0.0,2.4532765554766973,0.0,2.4532765554766973,0.0,0.0,0.0,0.0,0.0,0.0,9.81310622190679,0.0,0.0,0.0,0.0,0.0,0.0,0.0,0.0,4.906553110953395,4.906553110953395,2.4532765554766973,0.0,0.0,0.0,0.0,0.0,0.0,0.0,0.0,0.0,0.0,0.0,0.0,0.0,0.0,0.0,0.0,0.0,0.0,0.0,0.0,0.0,0.0,0.0,0.0,0.0,0.0,0.0,0.0,0.0,0.0,0.0,0.0,0.0,0.0,0.0,0.0,0.0,0.0,0.0,0.0,0.0,0.0,0.0,2.4121888811351475,2.4121888811351475,0.0,0.0,0.0,0.0
2019-01-01,0.0,0.0,1.0,0.0,10.468402988088028,0.0,0.0,0.0,0.0,0.0,0.0,8.0,0.0,0.0,0.0,0.0,0.0,0.0,0.0,0.0,1.0,0.0,0.0,0.0,0.0,0.0,0.0,0.0,0.0,0.0,18.076699593259733,12.051133062173156,1.0,0.0,0.0,0.0,0.0,0.0,0.0,0.0,19.98073217726397,0.0,0.0,0.0,0.0,0.0,0.0,31.605147307822552,0.0,0.0,0.0,0.0,0.0,0.0,0.0,0.0,0.0,0.0,0.0,0.0,0.0,0.0,0.0,0.0,0.0,0.0,53.6957928802589,46.983818770226534,0.0,0.0,0.0,0.0,0.0,0.0,0.0,0.0,70.86560364464692,0.0,0.0,0.0,0.0,0.0,0.0,40.06623430384987,0.0,0.0,0.0,0.0,0.0,0.0,0.0,0.0,0.0,0.0,0.0,0.0,0.0,0.0,0.0,0.0,0.0,0.0,0.0,0.0,0.0,70.86560364464692,0.0,0.0,0.0,0.0,0.0,0.0,0.0,0.0,0.0,11.104269843394459,0.0,0.0,0.0,0.0,0.0,0.0,0.0,0.0,0.0,0.0,0.0,0.0,0.0,0.0,0.0,0.0,0.0,0.0,0.0,0.0,0.0,0.0,0.0,0.0,0.0,0.0,0.0,0.0,0.0,0.0,0.0,0.0,0.0,0.0,0.0,0.0,0.0,0.0,0.0,0.0,144.89021956087822,82.7944111776447,0.0,0.0,0.0,0.0,0.0,0.0,1.838000708968451,0.0,0.0,0.0,0.0,0.0,0.0,0.0,0.0,0.0,0.0,0.0,0.0,0.0,0.0,0.0,0.0,1.838000708968451,3.676001417936902,0.0,0.0,0.0,0.0,0.0,2.4532765554766973,0.0,2.4532765554766973,0.0,0.0,0.0,0.0,0.0,0.0,14.719659332860184,0.0,0.0,0.0,0.0,0.0,0.0,0.0,0.0,4.906553110953395,4.906553110953395,0.0,0.0,0.0,0.0,0.0,0.0,0.0,2.4121888811351475,0.0,0.0,0.0,0.0,0.0,0.0,0.0,0.0,0.0,0.0,0.0,0.0,0.0,0.0,0.0,0.0,0.0,0.0,0.0,0.0,0.0,0.0,0.0,0.0,0.0,0.0,0.0,0.0,0.0,0.0,0.0,0.0,0.0,0.0,0.0,0.0,2.4121888811351475,2.4121888811351475,0.0,0.0,0.0,0.0
2019-02-01,0.0,0.0,2.0,0.0,8.374722390470422,0.0,0.0,0.0,0.0,0.0,0.0,7.0,0.0,0.0,0.0,0.0,0.0,0.0,0.0,0.0,1.0,0.0,0.0,0.0,0.0,0.0,0.0,0.0,0.0,0.0,15.063916327716445,12.051133062173156,1.0,0.0,0.0,0.0,0.0,0.0,0.0,0.0,19.98073217726397,0.0,0.0,0.0,0.0,0.0,0.0,29.8493057907213,0.0,0.0,0.0,0.0,0.0,0.0,0.0,0.0,0.0,0.0,0.0,0.0,0.0,0.0,0.0,0.0,0.0,0.0,40.271844660194176,46.983818770226534,0.0,0.0,0.0,0.0,0.0,0.0,17.59864234196012,0.0,70.86560364464692,0.0,0.0,0.0,0.0,0.0,0.0,31.480612667310613,0.0,0.0,0.0,0.0,0.0,0.0,0.0,0.0,0.0,0.0,0.0,0.0,0.0,0.0,0.0,0.0,0.0,0.0,0.0,0.0,0.0,70.86560364464692,0.0,0.0,0.0,0.0,0.0,0.0,0.0,0.0,0.0,0.0,0.0,0.0,0.0,0.0,0.0,0.0,0.0,0.0,0.0,0.0,0.0,0.0,0.0,0.0,0.0,0.0,0.0,0.0,0.0,0.0,0.0,0.0,0.0,0.0,0.0,0.0,0.0,0.0,0.0,0.0,0.0,0.0,0.0,0.0,0.0,0.0,0.0,0.0,0.0,0.0,144.89021956087822,82.7944111776447,20.698602794411176,0.0,0.0,0.0,0.0,0.0,0.0,0.0,0.0,0.0,0.0,0.0,0.0,0.0,0.0,0.0,0.0,0.0,0.0,0.0,0.0,0.0,0.0,1.838000708968451,1.838000708968451,0.0,0.0,0.0,0.0,0.0,2.4532765554766973,0.0,2.4532765554766973,0.0,0.0,0.0,0.0,0.0,0.0,9.81310622190679,0.0,0.0,0.0,0.0,0.0,0.0,0.0,0.0,4.906553110953395,4.906553110953395,2.4532765554766973,0.0,0.0,0.0,0.0,0.0,0.0,2.4121888811351475,0.0,0.0,0.0,0.0,0.0,0.0,0.0,0.0,0.0,0.0,0.0,0.0,0.0,0.0,0.0,0.0,0.0,0.0,0.0,0.0,0.0,0.0,0.0,0.0,0.0,0.0,0.0,0.0,0.0,0.0,0.0,0.0,0.0,0.0,0.0,0.0,2.4121888811351475,4.824377762270295,0.0,0.0,0.0,0.0
2019-03-01,0.0,0.0,3.0,0.0,8.374722390470422,0.0,0.0,0.0,0.0,0.0,0.0,8.0,0.0,0.0,0.0,0.0,0.0,0.0,0.0,0.0,1.0,0.0,1.0,0.0,0.0,0.0,0.0,0.0,0.0,0.0,15.063916327716445,12.051133062173156,1.0,0.0,0.0,0.0,0.0,0.0,0.0,0.0,19.98073217726397,0.0,0.0,0.0,0.0,0.0,0.0,24.58178123941754,0.0,0.0,0.0,0.0,0.0,0.0,0.0,0.0,8.110010427528676,0.0,0.0,0.0,0.0,0.0,0.0,0.0,0.0,0.0,40.271844660194176,33.55987055016181,0.0,0.0,0.0,0.0,0.0,0.0,13.19898175647009,0.0,47.24373576309795,0.0,0.0,0.0,0.0,0.0,0.0,32.91154960673382,0.0,0.0,0.0,0.0,0.0,0.0,0.0,0.0,0.0,0.0,0.0,0.0,0.0,0.0,0.0,0.0,0.0,0.0,0.0,0.0,0.0,47.24373576309795,0.0,0.0,0.0,0.0,0.0,0.0,0.0,0.0,0.0,0.0,0.0,0.0,0.0,0.0,0.0,0.0,0.0,0.0,0.0,0.0,0.0,0.0,0.0,0.0,0.0,0.0,0.0,0.0,0.0,0.0,0.0,0.0,0.0,0.0,0.0,0.0,0.0,0.0,0.0,0.0,0.0,0.0,0.0,0.0,0.0,0.0,0.0,0.0,0.0,0.0,124.19161676646706,62.09580838323353,20.698602794411176,0.0,0.0,0.0,0.0,1.838000708968451,0.0,0.0,0.0,0.0,0.0,0.0,0.0,0.0,0.0,0.0,0.0,0.0,0.0,0.0,0.0,0.0,0.0,1.838000708968451,1.838000708968451,0.0,0.0,0.0,0.0,0.0,2.4532765554766973,0.0,2.4532765554766973,0.0,0.0,0.0,0.0,0.0,0.0,9.81310622190679,0.0,0.0,0.0,0.0,0.0,0.0,0.0,0.0,4.906553110953395,4.906553110953395,0.0,0.0,0.0,0.0,0.0,0.0,0.0,2.4121888811351475,0.0,0.0,0.0,0.0,0.0,0.0,0.0,0.0,0.0,0.0,0.0,0.0,0.0,0.0,0.0,0.0,0.0,0.0,0.0,0.0,0.0,0.0,0.0,0.0,0.0,0.0,0.0,0.0,0.0,0.0,0.0,0.0,0.0,0.0,0.0,0.0,2.4121888811351475,4.824377762270295,2.4121888811351475,0.0,0.0,0.0
2019-04-01,0.0,0.0,3.0,0.0,8.374722390470422,0.0,0.0,0.0,0.0,0.0,0.0,9.0,0.0,0.0,0.0,0.0,0.0,0.0,0.0,0.0,1.0,0.0,1.0,0.0,0.0,0.0,0.0,0.0,0.0,0.0,12.051133062173156,12.051133062173156,1.0,0.0,0.0,0.0,0.0,0.0,0.0,0.0,9.990366088631985,0.0,0.0,0.0,0.0,0.0,0.0,33.36098882492381,0.0,0.0,0.0,0.0,0.0,0.0,0.0,0.0,0.0,0.0,0.0,0.0,0.0,0.0,0.0,0.0,0.0,0.0,33.55987055016181,40.271844660194176,0.0,0.0,0.0,0.0,0.0,0.0,26.39796351294018,0.0,47.24373576309795,0.0,0.0,0.0,0.0,0.0,0.0,32.91154960673382,0.0,0.0,0.0,0.0,0.0,0.0,0.0,0.0,0.0,0.0,0.0,0.0,0.0,0.0,0.0,0.0,0.0,0.0,0.0,0.0,11.810933940774488,47.24373576309795,0.0,0.0,0.0,0.0,0.0,0.0,0.0,0.0,0.0,9.71623611297015,0.0,0.0,0.0,0.0,0.0,0.0,0.0,0.0,0.0,0.0,0.0,0.0,0.0,0.0,0.0,0.0,0.0,0.0,0.0,0.0,0.0,0.0,0.0,0.0,0.0,0.0,0.0,0.0,0.0,0.0,0.0,0.0,0.0,0.0,0.0,0.0,0.0,0.0,0.0,0.0,103.49301397205588,103.49301397205588,20.698602794411176,0.0,0.0,9.667066187241977,0.0,1.838000708968451,1.838000708968451,0.0,0.0,0.0,0.0,0.0,0.0,0.0,0.0,0.0,0.0,0.0,0.0,0.0,0.0,0.0,0.0,1.838000708968451,1.838000708968451,0.0,0.0,0.0,0.0,0.0,4.906553110953395,0.0,2.4532765554766973,0.0,0.0,0.0,0.0,0.0,0.0,9.81310622190679,0.0,0.0,0.0,0.0,0.0,0.0,0.0,0.0,4.906553110953395,7.359829666430092,0.0,0.0,0.0,0.0,0.0,0.0,0.0,12.060944405675738,0.0,0.0,0.0,0.0,0.0,0.0,0.0,0.0,0.0,0.0,0.0,0.0,0.0,0.0,0.0,0.0,0.0,0.0,0.0,0.0,0.0,0.0,0.0,0.0,0.0,0.0,0.0,0.0,0.0,0.0,0.0,0.0,0.0,0.0,0.0,0.0,2.4121888811351475,7.2365666434054425,2.4121888811351475,0.0,0.0,0.0
2019-05-01,0.0,0.0,6.0,0.0,6.281041792852816,0.0,0.0,0.0,0.0,0.0,0.0,7.0,0.0,0.0,0.0,0.0,1.0,0.0,0.0,0.0,1.0,0.0,1.0,0.0,0.0,0.0,0.0,0.0,0.0,0.0,12.051133062173156,12.051133062173156,1.0,0.0,0.0,0.0,0.0,0.0,0.0,0.0,4.995183044315993,0.0,0.0,0.0,0.0,0.0,0.0,22.82593972231629,0.0,0.0,0.0,0.0,0.0,0.0,0.0,0.0,0.0,0.0,0.0,0.0,0.0,0.0,0.0,0.0,0.0,0.0,33.55987055016181,33.55987055016181,0.0,0.0,0.0,0.0,0.0,0.0,48.39626644039033,0.0,47.24373576309795,0.0,0.0,0.0,0.0,0.0,0.0,38.63529736442666,0.0,0.0,0.0,0.0,0.0,0.0,0.0,0.0,0.0,0.0,0.0,0.0,0.0,0.0,0.0,0.0,0.0,0.0,0.0,0.0,23.621867881548976,47.24373576309795,0.0,0.0,0.0,0.0,0.0,0.0,0.0,0.0,0.0,0.0,0.0,0.0,0.0,0.0,0.0,0.0,0.0,0.0,0.0,0.0,0.0,0.0,0.0,0.0,0.0,0.0,0.0,0.0,0.0,0.0,0.0,0.0,0.0,0.0,0.0,19.4324722259403,0.0,0.0,0.0,0.0,0.0,0.0,0.0,0.0,0.0,0.0,0.0,0.0,0.0,0.0,103.49301397205588,103.49301397205588,0.0,0.0,0.0,0.0,0.0,1.838000708968451,1.838000708968451,0.0,0.0,0.0,0.0,0.0,0.0,0.0,0.0,0.0,0.0,0.0,0.0,0.0,0.0,0.0,0.0,1.838000708968451,3.676001417936902,0.0,0.0,0.0,0.0,0.0,9.81310622190679,0.0,2.4532765554766973,0.0,0.0,0.0,0.0,0.0,0.0,9.81310622190679,0.0,0.0,0.0,0.0,0.0,0.0,0.0,0.0,4.906553110953395,9.81310622190679,0.0,0.0,0.0,0.0,0.0,0.0,0.0,16.885322167946033,0.0,0.0,0.0,0.0,0.0,0.0,0.0,0.0,0.0,0.0,0.0,0.0,0.0,0.0,0.0,0.0,0.0,0.0,0.0,0.0,0.0,0.0,0.0,0.0,0.0,0.0,0.0,0.0,0.0,0.0,0.0,0.0,0.0,0.0,0.0,0.0,2.4121888811351475,4.824377762270295,2.4121888811351475,0.0,0.0,0.0
2019-06-01,0.0,0.0,23.0,0.0,8.374722390470422,0.0,0.0,0.0,0.0,0.0,0.0,7.0,0.0,0.0,1.0,0.0,3.0,0.0,0.0,0.0,1.0,0.0,1.0,0.0,0.0,0.0,0.0,0.0,0.0,0.0,12.051133062173156,12.051133062173156,2.0,0.0,0.0,0.0,0.0,0.0,40.5078125,0.0,14.985549132947977,0.0,0.0,0.0,0.0,0.0,0.0,19.314256688113783,0.0,0.0,0.0,0.0,6.061373599610327,0.0,0.0,0.0,32.440041710114706,0.0,8.110010427528676,0.0,0.0,0.0,0.0,0.0,0.0,0.0,40.271844660194176,33.55987055016181,7.5144927536231885,0.0,0.0,0.0,0.0,0.0,215.58336868901145,0.0,59.05466970387244,0.0,0.0,0.0,0.0,0.0,0.0,35.77342348558024,0.0,0.0,0.0,0.0,12.492303573818766,0.0,0.0,0.0,0.0,0.0,0.0,0.0,0.0,0.0,0.0,0.0,0.0,0.0,0.0,0.0,59.05466970387244,59.05466970387244,0.0,0.0,0.0,0.0,0.0,0.0,0.0,0.0,0.0,0.0,0.0,0.0,0.0,0.0,0.0,0.0,0.0,0.0,0.0,0.0,0.0,0.0,0.0,0.0,0.0,0.0,0.0,0.0,0.0,0.0,0.0,0.0,0.0,0.0,0.0,30.53674206933476,0.0,0.0,0.0,0.0,0.0,0.0,0.0,0.0,0.0,0.0,0.0,0.0,0.0,0.0,103.49301397205588,82.7944111776447,20.698602794411176,0.0,0.0,0.0,0.0,9.190003544842254,1.838000708968451,0.0,1.838000708968451,0.0,0.0,0.0,0.0,0.0,0.0,0.0,0.0,0.0,0.0,0.0,0.0,0.0,0.0,1.838000708968451,5.5140021269053525,1.838000708968451,0.0,0.0,0.0,0.0,39.25242488762716,0.0,2.4532765554766973,0.0,0.0,2.4532765554766973,0.0,0.0,0.0,56.42536077596404,0.0,0.0,0.0,0.0,0.0,0.0,0.0,0.0,7.359829666430092,9.81310622190679,14.719659332860184,0.0,0.0,0.0,0.0,0.0,0.0,28.94626657362177,0.0,0.0,0.0,0.0,0.0,0.0,0.0,0.0,0.0,0.0,0.0,0.0,0.0,0.0,0.0,0.0,0.0,0.0,0.0,0.0,0.0,0.0,0.0,0.0,0.0,0.0,0.0,0.0,0.0,0.0,0.0,0.0,0.0,0.0,0.0,0.0,2.4121888811351475,7.2365666434054425,2.4121888811351475,0.0,0.0,0.0
2019-07-01,0.0,0.0,17.0,0.0,10.468402988088028,0.0,0.0,0.0,0.0,1.0,0.0,8.0,0.0,0.0,0.0,0.0,2.0,0.0,0.0,0.0,1.0,0.0,1.0,0.0,0.0,0.0,0.0,0.0,0.0,0.0,15.063916327716445,15.063916327716445,1.0,0.0,0.0,0.0,0.0,0.0,29.847861842105264,0.0,29.971098265895954,0.0,0.0,0.0,0.0,0.0,0.0,24.58178123941754,0.0,0.0,0.0,0.0,0.0,0.0,0.0,0.0,8.110010427528676,0.0,0.0,0.0,0.0,0.0,0.0,0.0,13.423948220064725,0.0,53.6957928802589,46.983818770226534,0.0,0.0,0.0,0.0,0.0,0.0,439.966058549003,0.0,59.05466970387244,0.0,0.0,0.0,0.0,0.0,0.0,60.09935145577481,0.0,0.0,0.0,0.0,29.148708338910453,0.0,0.0,0.0,0.0,0.0,0.0,0.0,0.0,0.0,0.0,0.0,11.104269843394459,0.0,0.0,0.0,106.2984054669704,59.05466970387244,0.0,0.0,0.0,0.0,0.0,0.0,0.0,0.0,0.0,0.0,0.0,0.0,0.0,0.0,0.0,0.0,0.0,0.0,0.0,0.0,0.0,0.0,0.0,0.0,0.0,0.0,0.0,0.0,0.0,0.0,0.0,0.0,11.104269843394459,0.0,0.0,29.148708338910453,0.0,0.0,0.0,0.0,0.0,0.0,0.0,0.0,0.0,0.0,0.0,0.0,0.0,0.0,124.19161676646706,144.89021956087822,20.698602794411176,0.0,0.0,0.0,0.0,9.190003544842254,1.838000708968451,0.0,1.838000708968451,0.0,0.0,0.0,0.0,0.0,0.0,0.0,0.0,0.0,0.0,0.0,0.0,0.0,0.0,3.676001417936902,12.866004962779156,1.838000708968451,0.0,0.0,0.0,0.0,29.439318665720368,0.0,2.4532765554766973,0.0,0.0,0.0,0.0,0.0,0.0,9.81310622190679,0.0,0.0,0.0,0.0,0.0,0.0,0.0,0.0,7.359829666430092,12.266382777383487,2.4532765554766973,0.0,0.0,0.0,0.0,0.0,0.0,41.00721097929751,0.0,0.0,0.0,0.0,0.0,0.0,0.0,0.0,0.0,0.0,0.0,0.0,0.0,0.0,0.0,0.0,0.0,0.0,0.0,0.0,0.0,0.0,0.0,0.0,0.0,0.0,0.0,0.0,0.0,0.0,0.0,0.0,0.0,0.0,0.0,0.0,2.4121888811351475,9.64875552454059,4.824377762270295,0.0,0.0,0.0
2019-08-01,0.0,0.0,15.0,0.0,8.374722390470422,0.0,0.0,0.0,0.0,0.0,0.0,11.0,0.0,0.0,0.0,0.0,1.0,0.0,0.0,0.0,1.0,0.0,2.0,0.0,0.0,0.0,0.0,0.0,3.012783265543289,0.0,15.063916327716445,18.076699593259733,1.0,0.0,0.0,0.0,0.0,0.0,19.187911184210527,0.0,24.975915221579964,0.0,0.0,0.0,0.0,0.0,0.0,40.38435489332882,0.0,0.0,0.0,0.0,0.0,0.0,0.0,0.0,16.220020855057353,0.0,0.0,0.0,0.0,0.0,0.0,0.0,0.0,0.0,46.983818770226534,60.407766990291265,7.5144927536231885,0.0,0.0,0.0,0.0,0.0,197.98472634705135,0.0,59.05466970387244,0.0,0.0,0.0,0.0,0.0,0.0,58.668414516351596,0.0,0.0,0.0,0.0,0.0,0.0,0.0,0.0,33.31280953018337,0.0,0.0,0.0,0.0,0.0,0.0,0.0,0.0,0.0,0.0,0.0,59.05466970387244,59.05466970387244,0.0,0.0,0.0,0.0,0.0,0.0,0.0,0.0,0.0,12.492303573818766,0.0,0.0,0.0,0.0,0.0,0.0,0.0,0.0,0.0,0.0,0.0,0.0,0.0,0.0,0.0,0.0,0.0,0.0,0.0,0.0,0.0,0.0,0.0,0.0,0.0,26.37264087806184,0.0,0.0,0.0,0.0,0.0,0.0,0.0,0.0,0.0,0.0,0.0,0.0,0.0,0.0,124.19161676646706,165.5888223552894,20.698602794411176,0.0,0.0,0.0,0.0,9.190003544842254,1.838000708968451,0.0,3.676001417936902,0.0,0.0,0.0,0.0,0.0,0.0,0.0,0.0,0.0,0.0,0.0,0.0,0.0,0.0,3.676001417936902,33.08401276143211,1.838000708968451,0.0,0.0,0.0,0.0,24.532765554766975,0.0,2.4532765554766973,0.0,0.0,0.0,0.0,0.0,0.0,7.359829666430092,0.0,0.0,0.0,0.0,0.0,0.0,0.0,0.0,4.906553110953395,14.719659332860184,2.4532765554766973,0.0,0.0,0.0,0.0,0.0,0.0,33.770644335892065,0.0,0.0,0.0,0.0,0.0,0.0,0.0,0.0,0.0,0.0,0.0,0.0,0.0,0.0,0.0,0.0,0.0,0.0,0.0,0.0,0.0,0.0,0.0,0.0,0.0,0.0,0.0,0.0,0.0,0.0,0.0,0.0,0.0,0.0,0.0,0.0,4.824377762270295,9.64875552454059,4.824377762270295,0.0,0.0,0.0
2019-09-01,0.0,0.0,10.0,0.0,8.374722390470422,0.0,0.0,0.0,1.0,1.0,0.0,10.0,0.0,0.0,0.0,0.0,1.0,0.0,0.0,1.0,8.0,0.0,2.0,0.0,0.0,0.0,0.0,0.0,3.012783265543289,0.0,15.063916327716445,15.063916327716445,1.0,0.0,0.0,0.0,0.0,0.0,10.659950657894736,0.0,19.98073217726397,0.0,0.0,0.0,0.0,0.0,0.0,22.82593972231629,0.0,0.0,0.0,0.0,0.0,0.0,0.0,0.0,0.0,0.0,0.0,0.0,0.0,0.0,0.0,0.0,0.0,0.0,46.983818770226534,40.271844660194176,0.0,0.0,0.0,0.0,0.0,0.0,175.98642341960118,0.0,47.24373576309795,0.0,0.0,0.0,0.0,8.585621636539258,0.0,42.92810818269629,0.0,0.0,0.0,0.0,0.0,0.0,0.0,0.0,0.0,0.0,0.0,0.0,0.0,0.0,0.0,0.0,0.0,0.0,0.0,0.0,47.24373576309795,47.24373576309795,0.0,0.0,0.0,0.0,0.0,0.0,0.0,0.0,0.0,0.0,0.0,0.0,0.0,0.0,0.0,0.0,0.0,0.0,0.0,0.0,0.0,0.0,0.0,0.0,0.0,0.0,0.0,0.0,0.0,0.0,0.0,0.0,0.0,0.0,0.0,15.26837103466738,0.0,0.0,0.0,0.0,0.0,0.0,0.0,0.0,0.0,0.0,0.0,0.0,0.0,0.0,103.49301397205588,124.19161676646706,20.698602794411176,0.0,0.0,0.0,0.0,5.5140021269053525,1.838000708968451,0.0,1.838000708968451,0.0,0.0,0.0,0.0,0.0,0.0,0.0,0.0,0.0,0.0,0.0,0.0,0.0,0.0,1.838000708968451,12.866004962779156,1.838000708968451,0.0,0.0,0.0,0.0,19.62621244381358,0.0,2.4532765554766973,0.0,0.0,0.0,0.0,0.0,0.0,7.359829666430092,0.0,0.0,0.0,0.0,0.0,0.0,0.0,0.0,7.359829666430092,17.17293588833688,0.0,0.0,0.0,0.0,0.0,0.0,0.0,16.885322167946033,0.0,0.0,0.0,0.0,0.0,0.0,0.0,0.0,0.0,0.0,0.0,0.0,0.0,0.0,0.0,0.0,0.0,0.0,0.0,0.0,0.0,0.0,0.0,0.0,0.0,0.0,0.0,0.0,0.0,0.0,0.0,0.0,0.0,0.0,0.0,0.0,2.4121888811351475,9.64875552454059,2.4121888811351475,0.0,0.0,0.0
2019-10-01,0.0,0.0,8.0,0.0,10.468402988088028,0.0,0.0,0.0,0.0,0.0,0.0,9.0,0.0,0.0,0.0,0.0,1.0,0.0,0.0,1.0,11.0,0.0,3.0,0.0,0.0,0.0,0.0,0.0,0.0,0.0,15.063916327716445,15.063916327716445,2.0,0.0,0.0,0.0,0.0,0.0,10.659950657894736,0.0,19.98073217726397,0.0,0.0,0.0,0.0,0.0,0.0,24.58178123941754,0.0,0.0,0.0,0.0,0.0,0.0,0.0,0.0,8.110010427528676,0.0,0.0,0.0,0.0,0.0,0.0,0.0,0.0,0.0,33.55987055016181,33.55987055016181,0.0,0.0,0.0,0.0,0.0,0.0,92.39287229529063,0.0,47.24373576309795,0.0,0.0,0.0,0.0,0.0,0.0,32.91154960673382,0.0,0.0,0.0,0.0,0.0,0.0,0.0,0.0,9.71623611297015,0.0,0.0,0.0,0.0,0.0,0.0,0.0,0.0,0.0,0.0,0.0,70.86560364464692,47.24373576309795,0.0,0.0,0.0,0.0,0.0,0.0,0.0,0.0,0.0,0.0,0.0,0.0,0.0,0.0,0.0,0.0,0.0,0.0,0.0,0.0,0.0,0.0,0.0,0.0,0.0,0.0,8.328202382545843,0.0,0.0,0.0,0.0,0.0,0.0,0.0,0.0,12.492303573818766,0.0,0.0,0.0,0.0,0.0,0.0,0.0,0.0,0.0,0.0,0.0,0.0,0.0,0.0,103.49301397205588,82.7944111776447,0.0,0.0,0.0,0.0,0.0,1.838000708968451,1.838000708968451,0.0,1.838000708968451,0.0,0.0,0.0,0.0,0.0,0.0,0.0,0.0,0.0,0.0,0.0,0.0,0.0,0.0,1.838000708968451,7.352002835873804,0.0,0.0,0.0,0.0,0.0,17.17293588833688,0.0,2.4532765554766973,0.0,0.0,0.0,0.0,0.0,0.0,7.359829666430092,0.0,0.0,0.0,0.0,0.0,0.0,0.0,0.0,4.906553110953395,12.266382777383487,2.4532765554766973,0.0,0.0,0.0,0.0,0.0,0.0,7.2365666434054425,2.4121888811351475,0.0,0.0,0.0,0.0,0.0,0.0,0.0,0.0,0.0,0.0,0.0,0.0,0.0,0.0,0.0,0.0,0.0,0.0,0.0,0.0,0.0,0.0,0.0,0.0,0.0,0.0,0.0,0.0,0.0,0.0,0.0,0.0,0.0,0.0,0.0,4.824377762270295,4.824377762270295,2.4121888811351475,0.0,0.0,0.0
2019-11-01,0.0,0.0,4.0,0.0,6.281041792852816,0.0,0.0,0.0,0.0,0.0,0.0,10.0,0.0,0.0,0.0,0.0,0.0,0.0,0.0,0.0,2.0,0.0,1.0,0.0,0.0,0.0,0.0,0.0,0.0,0.0,12.051133062173156,15.063916327716445,1.0,0.0,0.0,0.0,0.0,0.0,0.0,0.0,19.98073217726397,0.0,0.0,0.0,0.0,0.0,0.0,29.8493057907213,0.0,0.0,0.0,0.0,0.0,0.0,0.0,0.0,8.110010427528676,0.0,0.0,8.110010427528676,0.0,0.0,0.0,0.0,0.0,0.0,33.55987055016181,53.6957928802589,7.5144927536231885,0.0,0.0,0.0,0.0,0.0,30.79762409843021,0.0,35.43280182232346,0.0,0.0,0.0,0.0,0.0,0.0,35.77342348558024,0.0,0.0,0.0,0.0,0.0,0.0,0.0,0.0,8.328202382545843,0.0,0.0,0.0,0.0,0.0,0.0,0.0,0.0,0.0,0.0,0.0,11.810933940774488,35.43280182232346,0.0,0.0,0.0,0.0,0.0,0.0,0.0,0.0,0.0,0.0,0.0,0.0,0.0,0.0,0.0,0.0,0.0,0.0,0.0,0.0,0.0,0.0,0.0,0.0,0.0,0.0,0.0,0.0,0.0,0.0,0.0,0.0,0.0,0.0,0.0,0.0,0.0,0.0,0.0,0.0,0.0,0.0,0.0,0.0,0.0,0.0,0.0,0.0,0.0,0.0,103.49301397205588,103.49301397205588,20.698602794411176,0.0,0.0,0.0,0.0,1.838000708968451,1.838000708968451,0.0,0.0,0.0,0.0,0.0,0.0,0.0,0.0,0.0,0.0,0.0,0.0,0.0,0.0,0.0,0.0,1.838000708968451,5.5140021269053525,0.0,0.0,0.0,0.0,0.0,2.4532765554766973,0.0,2.4532765554766973,0.0,0.0,0.0,0.0,0.0,0.0,9.81310622190679,0.0,0.0,0.0,0.0,0.0,0.0,0.0,0.0,4.906553110953395,24.532765554766975,0.0,0.0,0.0,0.0,0.0,0.0,0.0,2.4121888811351475,0.0,0.0,0.0,0.0,0.0,0.0,0.0,0.0,0.0,0.0,0.0,0.0,0.0,0.0,0.0,0.0,0.0,0.0,0.0,0.0,0.0,0.0,0.0,0.0,0.0,0.0,0.0,0.0,0.0,0.0,0.0,0.0,0.0,0.0,0.0,0.0,2.4121888811351475,4.824377762270295,2.4121888811351475,0.0,0.0,0.0
2019-12-01,0.0,0.0,2.0,0.0,6.281041792852816,0.0,0.0,0.0,0.0,0.0,0.0,7.0,0.0,0.0,0.0,0.0,0.0,0.0,0.0,0.0,1.0,0.0,0.0,0.0,0.0,0.0,0.0,0.0,0.0,0.0,12.051133062173156,12.051133062173156,1.0,0.0,0.0,0.0,0.0,0.0,0.0,0.0,9.990366088631985,0.0,0.0,0.0,0.0,0.0,0.0,29.8493057907213,0.0,0.0,0.0,0.0,0.0,0.0,0.0,0.0,0.0,0.0,0.0,0.0,0.0,0.0,0.0,0.0,0.0,0.0,40.271844660194176,40.271844660194176,0.0,0.0,0.0,0.0,0.0,0.0,0.0,0.0,47.24373576309795,0.0,0.0,0.0,0.0,0.0,0.0,38.63529736442666,0.0,0.0,0.0,0.0,0.0,0.0,0.0,0.0,0.0,0.0,0.0,0.0,0.0,0.0,0.0,0.0,0.0,0.0,0.0,0.0,11.810933940774488,47.24373576309795,0.0,0.0,0.0,0.0,0.0,0.0,0.0,0.0,0.0,0.0,0.0,0.0,0.0,0.0,0.0,0.0,0.0,0.0,0.0,0.0,0.0,0.0,0.0,0.0,0.0,0.0,0.0,0.0,0.0,0.0,0.0,0.0,0.0,0.0,0.0,0.0,0.0,0.0,0.0,0.0,0.0,0.0,0.0,0.0,0.0,0.0,0.0,0.0,0.0,0.0,103.49301397205588,82.7944111776447,20.698602794411176,0.0,0.0,0.0,0.0,1.838000708968451,0.0,0.0,0.0,0.0,0.0,0.0,0.0,0.0,0.0,0.0,0.0,0.0,0.0,0.0,0.0,0.0,0.0,1.838000708968451,3.676001417936902,0.0,0.0,0.0,0.0,0.0,2.4532765554766973,0.0,0.0,0.0,0.0,0.0,0.0,0.0,0.0,9.81310622190679,0.0,0.0,0.0,0.0,0.0,0.0,0.0,0.0,4.906553110953395,7.359829666430092,0.0,0.0,0.0,0.0,0.0,0.0,0.0,2.4121888811351475,0.0,0.0,0.0,0.0,0.0,0.0,0.0,0.0,0.0,0.0,0.0,0.0,0.0,0.0,0.0,0.0,0.0,0.0,0.0,0.0,0.0,0.0,0.0,0.0,0.0,0.0,0.0,0.0,0.0,0.0,0.0,0.0,0.0,0.0,0.0,0.0,2.4121888811351475,4.824377762270295,2.4121888811351475,0.0,0.0,0.0
2020-01-01,0.0,0.0,2.0,0.0,10.468402988088028,0.0,0.0,0.0,0.0,0.0,0.0,9.0,0.0,0.0,0.0,0.0,0.0,0.0,0.0,0.0,2.0,0.0,1.0,0.0,0.0,0.0,0.0,0.0,0.0,0.0,15.063916327716445,15.063916327716445,1.0,0.0,0.0,0.0,0.0,0.0,0.0,0.0,24.975915221579964,0.0,0.0,0.0,0.0,0.0,0.0,29.8493057907213,0.0,0.0,0.0,0.0,0.0,0.0,0.0,0.0,0.0,0.0,0.0,0.0,0.0,0.0,0.0,0.0,0.0,0.0,46.983818770226534,40.271844660194176,0.0,0.0,0.0,0.0,0.0,0.0,17.59864234196012,0.0,70.86560364464692,0.0,0.0,0.0,0.0,0.0,0.0,35.77342348558024,0.0,0.0,0.0,0.0,0.0,0.0,0.0,0.0,0.0,12.492303573818766,0.0,0.0,0.0,0.0,0.0,0.0,0.0,0.0,0.0,0.0,0.0,70.86560364464692,0.0,0.0,0.0,0.0,0.0,0.0,0.0,0.0,0.0,0.0,0.0,0.0,0.0,0.0,0.0,0.0,0.0,0.0,0.0,0.0,0.0,8.328202382545843,0.0,0.0,0.0,0.0,0.0,0.0,0.0,0.0,0.0,0.0,0.0,0.0,0.0,0.0,0.0,0.0,0.0,0.0,0.0,0.0,0.0,0.0,0.0,0.0,0.0,0.0,0.0,0.0,124.19161676646706,103.49301397205588,0.0,0.0,0.0,0.0,0.0,0.0,1.838000708968451,0.0,0.0,0.0,0.0,0.0,0.0,0.0,0.0,0.0,0.0,0.0,0.0,0.0,0.0,0.0,0.0,1.838000708968451,5.5140021269053525,0.0,0.0,0.0,0.0,0.0,2.4532765554766973,0.0,2.4532765554766973,0.0,0.0,0.0,0.0,0.0,0.0,14.719659332860184,0.0,0.0,0.0,0.0,0.0,0.0,0.0,0.0,4.906553110953395,9.81310622190679,2.4532765554766973,0.0,0.0,0.0,0.0,0.0,0.0,2.4121888811351475,0.0,0.0,0.0,0.0,0.0,0.0,0.0,0.0,0.0,0.0,0.0,0.0,0.0,0.0,0.0,0.0,0.0,0.0,0.0,0.0,0.0,0.0,0.0,0.0,0.0,0.0,0.0,0.0,0.0,0.0,0.0,0.0,0.0,0.0,0.0,0.0,2.4121888811351475,7.2365666434054425,2.4121888811351475,0.0,0.0,0.0
2020-02-01,0.0,0.0,3.0,0.0,8.374722390470422,0.0,0.0,0.0,0.0,1.0,0.0,7.0,0.0,0.0,0.0,0.0,0.0,0.0,0.0,0.0,2.0,0.0,1.0,0.0,0.0,0.0,0.0,0.0,0.0,0.0,12.051133062173156,12.051133062173156,1.0,0.0,0.0,0.0,0.0,0.0,0.0,0.0,19.98073217726397,0.0,0.0,0.0,0.0,0.0,0.0,21.070098205215036,0.0,6.234468937875752,0.0,0.0,0.0,0.0,0.0,0.0,0.0,0.0,0.0,0.0,0.0,0.0,0.0,0.0,0.0,0.0,46.983818770226534,40.271844660194176,0.0,0.0,0.0,0.0,0.0,0.0,17.59864234196012,0.0,59.05466970387244,0.0,0.0,0.0,0.0,0.0,0.0,30.049675727887404,0.0,0.0,0.0,0.0,0.0,0.0,0.0,0.0,0.0,0.0,0.0,0.0,0.0,0.0,0.0,0.0,0.0,0.0,0.0,0.0,11.810933940774488,59.05466970387244,0.0,0.0,0.0,0.0,0.0,0.0,0.0,0.0,0.0,13.880337304243074,0.0,0.0,0.0,0.0,0.0,0.0,0.0,0.0,0.0,0.0,0.0,0.0,0.0,0.0,0.0,0.0,0.0,0.0,0.0,0.0,0.0,0.0,0.0,0.0,0.0,0.0,0.0,0.0,0.0,0.0,0.0,0.0,0.0,0.0,0.0,0.0,0.0,0.0,0.0,0.0,103.49301397205588,103.49301397205588,0.0,0.0,0.0,0.0,0.0,0.0,1.838000708968451,0.0,0.0,0.0,0.0,0.0,0.0,0.0,0.0,0.0,0.0,0.0,0.0,0.0,0.0,0.0,0.0,3.676001417936902,7.352002835873804,0.0,0.0,0.0,0.0,0.0,2.4532765554766973,0.0,2.4532765554766973,0.0,0.0,0.0,0.0,0.0,0.0,9.81310622190679,0.0,0.0,0.0,0.0,0.0,0.0,0.0,0.0,7.359829666430092,17.17293588833688,2.4532765554766973,0.0,0.0,0.0,0.0,0.0,0.0,2.4121888811351475,0.0,0.0,0.0,0.0,0.0,0.0,0.0,0.0,0.0,0.0,0.0,0.0,0.0,0.0,0.0,0.0,0.0,0.0,0.0,0.0,0.0,0.0,0.0,0.0,0.0,0.0,0.0,0.0,0.0,0.0,0.0,0.0,0.0,0.0,0.0,0.0,2.4121888811351475,7.2365666434054425,2.4121888811351475,0.0,0.0,0.0
2020-03-01,0.0,0.0,3.0,0.0,8.374722390470422,0.0,0.0,0.0,0.0,0.0,0.0,7.0,0.0,0.0,0.0,0.0,0.0,0.0,0.0,0.0,4.0,0.0,0.0,0.0,0.0,0.0,0.0,0.0,0.0,0.0,12.051133062173156,15.063916327716445,1.0,0.0,0.0,0.0,0.0,0.0,0.0,0.0,24.975915221579964,0.0,0.0,0.0,0.0,0.0,0.0,21.070098205215036,0.0,0.0,0.0,0.0,0.0,0.0,0.0,0.0,10.813347236704901,0.0,0.0,0.0,0.0,0.0,0.0,0.0,0.0,6.711974110032362,40.271844660194176,40.271844660194176,6.011594202898551,0.0,0.0,0.0,0.0,0.0,17.59864234196012,0.0,59.05466970387244,0.0,0.0,0.0,0.0,0.0,0.0,30.049675727887404,0.0,0.0,0.0,0.0,0.0,0.0,0.0,0.0,0.0,0.0,0.0,0.0,0.0,0.0,0.0,0.0,0.0,0.0,0.0,0.0,11.810933940774488,59.05466970387244,0.0,0.0,0.0,0.0,0.0,0.0,0.0,0.0,0.0,8.328202382545843,0.0,0.0,0.0,0.0,0.0,0.0,0.0,0.0,0.0,0.0,0.0,0.0,0.0,0.0,0.0,0.0,0.0,0.0,0.0,0.0,0.0,0.0,0.0,0.0,0.0,0.0,0.0,0.0,0.0,0.0,0.0,0.0,0.0,0.0,0.0,0.0,0.0,0.0,0.0,0.0,82.7944111776447,124.19161676646706,20.698602794411176,0.0,0.0,0.0,0.0,1.838000708968451,1.838000708968451,0.0,1.838000708968451,0.0,0.0,0.0,0.0,0.0,0.0,0.0,0.0,0.0,0.0,0.0,0.0,0.0,0.0,3.676001417936902,11.028004253810705,0.0,0.0,0.0,0.0,0.0,2.4532765554766973,0.0,2.4532765554766973,0.0,0.0,0.0,0.0,0.0,0.0,14.719659332860184,0.0,0.0,0.0,0.0,0.0,0.0,0.0,0.0,7.359829666430092,24.532765554766975,2.4532765554766973,0.0,0.0,0.0,0.0,0.0,0.0,2.4121888811351475,0.0,0.0,0.0,0.0,0.0,0.0,0.0,0.0,0.0,0.0,0.0,0.0,0.0,0.0,0.0,0.0,0.0,0.0,0.0,0.0,0.0,0.0,0.0,0.0,0.0,0.0,0.0,0.0,0.0,0.0,0.0,0.0,0.0,0.0,0.0,0.0,2.4121888811351475,9.64875552454059,4.824377762270295,0.0,0.0,0.0
2020-04-01,0.0,0.0,4.0,0.0,4.187361195235211,0.0,0.0,0.0,0.0,0.0,0.0,4.0,0.0,0.0,0.0,0.0,1.0,0.0,0.0,0.0,2.0,0.0,0.0,0.0,0.0,0.0,0.0,0.0,0.0,0.0,6.025566531086578,6.025566531086578,1.0,0.0,0.0,0.0,0.0,0.0,6.3959703947368425,0.0,4.995183044315993,0.0,0.0,0.0,0.0,0.0,0.0,12.29089061970877,0.0,0.0,0.0,0.0,0.0,0.0,0.0,0.0,0.0,0.0,0.0,0.0,0.0,0.0,0.0,0.0,0.0,0.0,20.135922330097088,26.84789644012945,0.0,0.0,0.0,0.0,0.0,0.0,35.19728468392024,0.0,23.621867881548976,0.0,0.0,0.0,0.0,0.0,0.0,14.309369394232096,0.0,0.0,0.0,0.0,0.0,0.0,0.0,0.0,0.0,0.0,0.0,0.0,0.0,0.0,9.71623611297015,0.0,0.0,0.0,0.0,0.0,11.810933940774488,23.621867881548976,0.0,0.0,0.0,0.0,0.0,0.0,0.0,0.0,0.0,0.0,0.0,0.0,0.0,0.0,0.0,0.0,0.0,0.0,0.0,0.0,0.0,0.0,0.0,0.0,0.0,0.0,0.0,0.0,0.0,0.0,0.0,0.0,0.0,0.0,0.0,9.71623611297015,0.0,0.0,0.0,0.0,0.0,0.0,0.0,0.0,0.0,0.0,0.0,0.0,0.0,0.0,41.39720558882235,62.09580838323353,20.698602794411176,0.0,0.0,0.0,0.0,1.838000708968451,1.838000708968451,0.0,0.0,0.0,0.0,0.0,0.0,0.0,0.0,0.0,0.0,0.0,0.0,0.0,0.0,0.0,0.0,3.676001417936902,5.5140021269053525,0.0,0.0,0.0,0.0,0.0,4.906553110953395,0.0,2.4532765554766973,0.0,0.0,0.0,0.0,0.0,0.0,7.359829666430092,0.0,0.0,0.0,0.0,0.0,0.0,0.0,0.0,4.906553110953395,14.719659332860184,2.4532765554766973,0.0,0.0,0.0,0.0,0.0,0.0,12.060944405675738,0.0,0.0,0.0,0.0,0.0,0.0,0.0,0.0,0.0,0.0,0.0,0.0,0.0,0.0,0.0,0.0,0.0,0.0,0.0,0.0,0.0,0.0,0.0,0.0,0.0,0.0,0.0,0.0,0.0,0.0,0.0,0.0,0.0,0.0,0.0,0.0,2.4121888811351475,7.2365666434054425,2.4121888811351475,0.0,0.0,0.0
2020-05-01,0.0,0.0,6.0,0.0,2.0936805976176056,0.0,0.0,0.0,0.0,0.0,0.0,3.0,0.0,0.0,0.0,0.0,1.0,0.0,0.0,0.0,1.0,0.0,0.0,0.0,0.0,0.0,0.0,0.0,0.0,0.0,6.025566531086578,6.025566531086578,0.0,0.0,0.0,0.0,0.0,0.0,0.0,0.0,9.990366088631985,0.0,0.0,0.0,0.0,0.0,0.0,7.023366068405012,0.0,0.0,0.0,0.0,6.061373599610327,0.0,0.0,0.0,0.0,0.0,0.0,0.0,0.0,0.0,0.0,0.0,0.0,0.0,20.135922330097088,20.135922330097088,0.0,0.0,0.0,0.0,0.0,0.0,79.19389053882054,0.0,11.810933940774488,0.0,0.0,0.0,0.0,0.0,0.0,18.602180212501725,0.0,0.0,0.0,0.0,0.0,0.0,0.0,0.0,0.0,0.0,0.0,0.0,0.0,0.0,0.0,0.0,0.0,0.0,0.0,0.0,23.621867881548976,11.810933940774488,0.0,0.0,0.0,0.0,0.0,0.0,0.0,0.0,0.0,0.0,0.0,0.0,0.0,0.0,0.0,0.0,0.0,0.0,0.0,0.0,0.0,0.0,0.0,0.0,0.0,0.0,0.0,0.0,0.0,0.0,0.0,0.0,0.0,0.0,0.0,15.26837103466738,0.0,0.0,0.0,0.0,0.0,0.0,0.0,0.0,0.0,0.0,0.0,0.0,0.0,0.0,62.09580838323353,62.09580838323353,20.698602794411176,0.0,0.0,0.0,0.0,5.5140021269053525,0.0,0.0,0.0,0.0,0.0,0.0,0.0,0.0,0.0,0.0,0.0,0.0,0.0,0.0,0.0,0.0,0.0,1.838000708968451,3.676001417936902,0.0,0.0,0.0,0.0,0.0,17.17293588833688,0.0,2.4532765554766973,0.0,0.0,0.0,0.0,0.0,0.0,7.359829666430092,0.0,0.0,0.0,0.0,0.0,0.0,0.0,0.0,4.906553110953395,9.81310622190679,2.4532765554766973,0.0,0.0,0.0,0.0,0.0,0.0,41.00721097929751,0.0,0.0,0.0,0.0,0.0,0.0,0.0,0.0,0.0,0.0,0.0,0.0,0.0,0.0,0.0,0.0,0.0,0.0,0.0,0.0,0.0,0.0,0.0,0.0,0.0,0.0,0.0,0.0,0.0,0.0,0.0,0.0,0.0,0.0,0.0,0.0,2.4121888811351475,7.2365666434054425,2.4121888811351475,0.0,0.0,0.0
2020-06-01,0.0,0.0,12.0,0.0,4.187361195235211,0.0,0.0,0.0,0.0,0.0,0.0,4.0,0.0,0.0,0.0,0.0,2.0,0.0,0.0,1.0,4.0,0.0,3.0,0.0,0.0,0.0,0.0,0.0,0.0,0.0,9.038349796629866,6.025566531086578,1.0,0.0,0.0,0.0,0.0,0.0,17.05592105263158,0.0,9.990366088631985,0.0,0.0,0.0,0.0,0.0,0.0,14.046732136810023,0.0,0.0,0.0,0.0,0.0,0.0,0.0,0.0,5.406673618352451,0.0,0.0,0.0,0.0,0.0,0.0,0.0,0.0,0.0,26.84789644012945,26.84789644012945,12.023188405797102,0.0,0.0,0.0,0.0,0.0,96.79253288078066,0.0,11.810933940774488,0.0,0.0,0.0,0.0,0.0,0.0,8.585621636539258,0.0,0.0,0.0,0.0,0.0,0.0,0.0,0.0,0.0,0.0,0.0,0.0,0.0,0.0,0.0,0.0,0.0,0.0,0.0,0.0,165.35307517084283,11.810933940774488,0.0,0.0,0.0,0.0,0.0,0.0,0.0,0.0,0.0,0.0,0.0,0.0,0.0,0.0,0.0,0.0,0.0,0.0,0.0,0.0,0.0,0.0,0.0,0.0,0.0,0.0,0.0,0.0,0.0,0.0,0.0,0.0,0.0,0.0,0.0,11.104269843394459,0.0,0.0,0.0,0.0,0.0,0.0,0.0,0.0,0.0,0.0,0.0,0.0,0.0,0.0,41.39720558882235,41.39720558882235,20.698602794411176,0.0,0.0,0.0,0.0,5.5140021269053525,1.838000708968451,0.0,0.0,0.0,0.0,0.0,0.0,0.0,0.0,0.0,0.0,0.0,0.0,0.0,0.0,0.0,0.0,1.838000708968451,1.838000708968451,0.0,0.0,0.0,0.0,0.0,26.98604211024367,0.0,2.4532765554766973,0.0,0.0,0.0,0.0,0.0,0.0,7.359829666430092,0.0,0.0,0.0,0.0,0.0,0.0,0.0,0.0,4.906553110953395,9.81310622190679,0.0,0.0,0.0,0.0,0.0,0.0,0.0,21.709699930216328,0.0,0.0,0.0,0.0,0.0,0.0,0.0,0.0,0.0,0.0,0.0,0.0,0.0,0.0,0.0,0.0,0.0,0.0,0.0,0.0,0.0,0.0,0.0,0.0,0.0,0.0,0.0,0.0,0.0,0.0,0.0,0.0,0.0,0.0,0.0,0.0,2.4121888811351475,4.824377762270295,2.4121888811351475,0.0,0.0,0.0
2020-07-01,0.0,0.0,15.0,0.0,2.0936805976176056,0.0,0.0,0.0,0.0,0.0,0.0,4.0,0.0,0.0,0.0,0.0,2.0,0.0,0.0,1.0,7.0,0.0,1.0,0.0,0.0,0.0,0.0,0.0,0.0,0.0,6.025566531086578,6.025566531086578,1.0,0.0,0.0,0.0,0.0,0.0,57.563733552631575,0.0,4.995183044315993,0.0,0.0,0.0,0.0,0.0,0.0,15.802573653911276,0.0,0.0,0.0,0.0,0.0,0.0,0.0,0.0,0.0,0.0,0.0,0.0,0.0,0.0,0.0,0.0,0.0,0.0,20.135922330097088,26.84789644012945,0.0,0.0,0.0,0.0,0.0,0.0,131.9898175647009,0.0,11.810933940774488,0.0,0.0,0.0,0.0,0.0,0.0,17.171243273078517,0.0,0.0,0.0,0.0,0.0,0.0,0.0,0.0,0.0,0.0,0.0,0.0,0.0,0.0,0.0,0.0,0.0,0.0,0.0,0.0,153.54214123006835,11.810933940774488,0.0,0.0,0.0,0.0,0.0,0.0,0.0,0.0,0.0,0.0,0.0,0.0,0.0,0.0,0.0,0.0,0.0,0.0,0.0,0.0,0.0,0.0,0.0,0.0,0.0,0.0,0.0,0.0,0.0,0.0,0.0,0.0,0.0,0.0,0.0,0.0,0.0,0.0,0.0,0.0,0.0,0.0,0.0,0.0,0.0,0.0,0.0,0.0,0.0,0.0,20.698602794411176,62.09580838323353,0.0,0.0,0.0,0.0,0.0,5.5140021269053525,0.0,0.0,0.0,0.0,0.0,0.0,0.0,0.0,0.0,0.0,0.0,0.0,0.0,0.0,0.0,0.0,0.0,1.838000708968451,1.838000708968451,0.0,0.0,0.0,0.0,0.0,22.079488999290277,0.0,0.0,0.0,0.0,0.0,0.0,0.0,0.0,7.359829666430092,0.0,0.0,0.0,0.0,0.0,0.0,0.0,0.0,2.4532765554766973,7.359829666430092,0.0,0.0,0.0,0.0,0.0,0.0,0.0,28.94626657362177,0.0,0.0,0.0,0.0,0.0,0.0,0.0,0.0,0.0,0.0,0.0,0.0,0.0,0.0,0.0,0.0,0.0,0.0,0.0,0.0,0.0,0.0,0.0,0.0,0.0,0.0,0.0,0.0,0.0,0.0,0.0,0.0,0.0,0.0,0.0,0.0,2.4121888811351475,4.824377762270295,2.4121888811351475,0.0,0.0,0.0
2020-08-01,0.0,0.0,21.0,0.0,2.0936805976176056,0.0,0.0,0.0,0.0,0.0,0.0,3.0,0.0,0.0,0.0,0.0,3.0,0.0,0.0,0.0,2.0,0.0,1.0,0.0,0.0,0.0,0.0,0.0,0.0,0.0,6.025566531086578,6.025566531086578,1.0,0.0,0.0,0.0,0.0,0.0,29.847861842105264,0.0,9.990366088631985,0.0,0.0,0.0,0.0,0.0,0.0,0.0,0.0,0.0,0.0,0.0,5.051144666341939,0.0,0.0,0.0,0.0,0.0,0.0,0.0,0.0,0.0,0.0,0.0,0.0,0.0,20.135922330097088,13.423948220064725,0.0,0.0,0.0,0.0,0.0,0.0,92.39287229529063,0.0,11.810933940774488,0.0,0.0,0.0,0.0,0.0,0.0,8.585621636539258,0.0,0.0,0.0,9.71623611297015,0.0,0.0,0.0,0.0,0.0,0.0,0.0,0.0,0.0,0.0,0.0,0.0,0.0,0.0,0.0,0.0,82.67653758542141,11.810933940774488,0.0,0.0,0.0,0.0,0.0,0.0,0.0,9.71623611297015,0.0,0.0,0.0,0.0,0.0,0.0,0.0,0.0,0.0,0.0,0.0,0.0,0.0,11.104269843394459,0.0,0.0,0.0,0.0,0.0,0.0,0.0,0.0,0.0,0.0,0.0,0.0,0.0,16.656404765091686,0.0,0.0,0.0,0.0,0.0,0.0,0.0,0.0,0.0,0.0,0.0,0.0,0.0,0.0,41.39720558882235,41.39720558882235,20.698602794411176,0.0,0.0,0.0,0.0,7.352002835873804,0.0,0.0,1.838000708968451,0.0,0.0,0.0,0.0,0.0,0.0,0.0,0.0,0.0,0.0,0.0,0.0,0.0,0.0,1.838000708968451,5.5140021269053525,0.0,0.0,0.0,0.0,2.4532765554766973,29.439318665720368,0.0,2.4532765554766973,0.0,0.0,0.0,0.0,0.0,0.0,7.359829666430092,4.906553110953395,0.0,0.0,0.0,0.0,2.4532765554766973,0.0,0.0,2.4532765554766973,9.81310622190679,2.4532765554766973,0.0,0.0,0.0,0.0,0.0,0.0,33.770644335892065,0.0,0.0,0.0,0.0,0.0,0.0,0.0,0.0,0.0,0.0,0.0,0.0,0.0,0.0,0.0,0.0,0.0,0.0,0.0,0.0,0.0,0.0,0.0,0.0,0.0,0.0,0.0,0.0,0.0,0.0,0.0,0.0,0.0,0.0,0.0,0.0,2.4121888811351475,7.2365666434054425,2.4121888811351475,0.0,0.0,0.0
2020-09-01,0.0,0.0,9.0,0.0,2.0936805976176056,0.0,0.0,0.0,0.0,0.0,0.0,2.0,0.0,0.0,0.0,0.0,1.0,0.0,0.0,3.0,17.0,0.0,2.0,0.0,0.0,0.0,0.0,0.0,0.0,0.0,3.012783265543289,3.012783265543289,0.0,0.0,0.0,0.0,0.0,0.0,14.923930921052632,0.0,0.0,0.0,0.0,0.0,0.0,0.0,0.0,0.0,0.0,0.0,0.0,0.0,0.0,0.0,0.0,0.0,8.110010427528676,0.0,0.0,0.0,0.0,0.0,0.0,0.0,0.0,0.0,13.423948220064725,6.711974110032362,0.0,0.0,0.0,0.0,0.0,0.0,57.195587611370385,0.0,0.0,0.0,0.0,0.0,0.0,0.0,0.0,0.0,0.0,0.0,0.0,0.0,0.0,0.0,0.0,0.0,0.0,0.0,0.0,0.0,0.0,0.0,0.0,0.0,0.0,0.0,8.328202382545843,0.0,35.43280182232346,0.0,0.0,0.0,0.0,0.0,0.0,0.0,0.0,0.0,0.0,0.0,0.0,0.0,0.0,0.0,0.0,0.0,0.0,0.0,0.0,0.0,0.0,0.0,0.0,0.0,0.0,0.0,0.0,0.0,0.0,0.0,0.0,0.0,0.0,0.0,0.0,8.328202382545843,0.0,0.0,0.0,0.0,0.0,0.0,0.0,0.0,0.0,0.0,0.0,0.0,0.0,0.0,20.698602794411176,41.39720558882235,0.0,0.0,0.0,0.0,0.0,5.5140021269053525,0.0,0.0,0.0,0.0,0.0,0.0,0.0,0.0,0.0,0.0,0.0,0.0,0.0,0.0,0.0,0.0,0.0,1.838000708968451,3.676001417936902,0.0,0.0,0.0,0.0,0.0,12.266382777383487,0.0,0.0,0.0,0.0,0.0,0.0,0.0,0.0,9.81310622190679,0.0,0.0,0.0,0.0,0.0,0.0,0.0,0.0,2.4532765554766973,4.906553110953395,0.0,0.0,0.0,0.0,0.0,0.0,0.0,16.885322167946033,0.0,0.0,0.0,0.0,0.0,0.0,0.0,0.0,0.0,0.0,0.0,0.0,0.0,0.0,0.0,0.0,0.0,0.0,0.0,0.0,0.0,0.0,0.0,0.0,0.0,0.0,0.0,0.0,0.0,0.0,0.0,0.0,0.0,0.0,0.0,0.0,2.4121888811351475,9.64875552454059,2.4121888811351475,0.0,0.0,0.0
2020-10-01,0.0,0.0,3.0,0.0,2.0936805976176056,0.0,0.0,0.0,0.0,0.0,0.0,2.0,0.0,0.0,0.0,0.0,1.0,0.0,0.0,1.0,8.0,1.0,2.0,0.0,0.0,0.0,0.0,0.0,0.0,0.0,3.012783265543289,3.012783265543289,0.0,0.0,0.0,0.0,0.0,0.0,0.0,0.0,0.0,0.0,0.0,0.0,0.0,0.0,0.0,0.0,0.0,0.0,0.0,0.0,0.0,0.0,0.0,0.0,16.220020855057353,0.0,8.110010427528676,0.0,0.0,0.0,0.0,0.0,0.0,0.0,20.135922330097088,6.711974110032362,0.0,0.0,0.0,0.0,0.0,0.0,26.39796351294018,0.0,11.810933940774488,0.0,0.0,0.0,0.0,0.0,0.0,12.878432454808888,0.0,0.0,0.0,0.0,0.0,0.0,0.0,0.0,9.71623611297015,0.0,0.0,0.0,0.0,0.0,0.0,0.0,0.0,0.0,0.0,0.0,11.810933940774488,11.810933940774488,0.0,0.0,0.0,0.0,0.0,0.0,0.0,0.0,0.0,0.0,0.0,0.0,0.0,0.0,0.0,0.0,0.0,0.0,0.0,0.0,0.0,0.0,0.0,0.0,0.0,0.0,0.0,0.0,0.0,0.0,0.0,0.0,0.0,0.0,0.0,0.0,0.0,0.0,0.0,0.0,0.0,0.0,0.0,0.0,0.0,0.0,0.0,0.0,0.0,0.0,41.39720558882235,41.39720558882235,0.0,0.0,0.0,0.0,0.0,1.838000708968451,0.0,0.0,0.0,0.0,0.0,0.0,0.0,0.0,0.0,0.0,0.0,0.0,0.0,0.0,0.0,0.0,0.0,1.838000708968451,1.838000708968451,0.0,0.0,0.0,0.0,0.0,4.906553110953395,0.0,0.0,0.0,0.0,0.0,0.0,0.0,0.0,7.359829666430092,0.0,0.0,0.0,0.0,0.0,0.0,0.0,0.0,2.4532765554766973,4.906553110953395,0.0,0.0,0.0,0.0,0.0,0.0,0.0,2.4121888811351475,0.0,0.0,0.0,0.0,0.0,0.0,0.0,0.0,0.0,0.0,0.0,0.0,0.0,0.0,0.0,0.0,0.0,0.0,0.0,0.0,0.0,0.0,0.0,0.0,0.0,0.0,0.0,0.0,0.0,0.0,0.0,0.0,0.0,0.0,0.0,0.0,0.0,4.824377762270295,0.0,0.0,0.0,0.0
2020-11-01,0.0,0.0,3.0,0.0,2.0936805976176056,0.0,0.0,0.0,0.0,0.0,0.0,2.0,0.0,0.0,0.0,0.0,0.0,0.0,0.0,0.0,1.0,0.0,0.0,0.0,0.0,0.0,0.0,0.0,0.0,0.0,3.012783265543289,3.012783265543289,0.0,0.0,0.0,0.0,0.0,0.0,6.3959703947368425,0.0,4.995183044315993,0.0,0.0,0.0,0.0,0.0,0.0,8.779207585506265,0.0,0.0,0.0,0.0,0.0,0.0,0.0,0.0,0.0,0.0,0.0,0.0,0.0,0.0,0.0,0.0,0.0,0.0,20.135922330097088,13.423948220064725,0.0,0.0,0.0,0.0,0.0,0.0,8.79932117098006,0.0,11.810933940774488,0.0,0.0,0.0,0.0,0.0,0.0,10.016558575962467,0.0,0.0,0.0,0.0,0.0,0.0,0.0,0.0,0.0,0.0,0.0,0.0,0.0,0.0,0.0,0.0,0.0,0.0,0.0,0.0,0.0,11.810933940774488,0.0,0.0,0.0,0.0,0.0,0.0,0.0,0.0,0.0,0.0,0.0,0.0,0.0,0.0,0.0,0.0,0.0,0.0,0.0,0.0,0.0,0.0,0.0,0.0,0.0,0.0,0.0,0.0,0.0,0.0,0.0,0.0,0.0,0.0,0.0,0.0,0.0,0.0,0.0,0.0,0.0,0.0,0.0,0.0,0.0,0.0,0.0,0.0,0.0,0.0,20.698602794411176,41.39720558882235,0.0,0.0,0.0,0.0,0.0,0.0,0.0,0.0,0.0,0.0,0.0,0.0,0.0,0.0,0.0,0.0,0.0,0.0,0.0,0.0,0.0,0.0,0.0,1.838000708968451,1.838000708968451,0.0,0.0,0.0,0.0,0.0,2.4532765554766973,0.0,0.0,0.0,0.0,0.0,0.0,0.0,0.0,4.906553110953395,0.0,0.0,0.0,0.0,0.0,0.0,0.0,0.0,2.4532765554766973,4.906553110953395,0.0,0.0,0.0,0.0,0.0,0.0,0.0,2.4121888811351475,0.0,0.0,0.0,0.0,0.0,0.0,0.0,0.0,0.0,0.0,0.0,0.0,0.0,0.0,0.0,0.0,0.0,0.0,0.0,0.0,0.0,0.0,0.0,0.0,0.0,0.0,0.0,0.0,0.0,0.0,0.0,0.0,0.0,0.0,0.0,0.0,0.0,4.824377762270295,0.0,0.0,0.0,0.0
2020-12-01,0.0,0.0,1.0,0.0,2.0936805976176056,0.0,0.0,0.0,0.0,0.0,0.0,3.0,0.0,0.0,0.0,0.0,0.0,0.0,0.0,0.0,0.0,0.0,0.0,0.0,0.0,0.0,0.0,0.0,0.0,0.0,3.012783265543289,6.025566531086578,0.0,0.0,0.0,0.0,0.0,0.0,0.0,0.0,0.0,0.0,0.0,0.0,0.0,0.0,0.0,7.023366068405012,0.0,0.0,0.0,0.0,0.0,0.0,0.0,0.0,0.0,0.0,0.0,0.0,0.0,0.0,0.0,0.0,0.0,0.0,20.135922330097088,13.423948220064725,0.0,0.0,0.0,0.0,0.0,0.0,0.0,0.0,11.810933940774488,0.0,0.0,0.0,0.0,0.0,0.0,12.878432454808888,0.0,0.0,0.0,0.0,0.0,0.0,0.0,0.0,0.0,0.0,0.0,0.0,0.0,0.0,0.0,0.0,0.0,0.0,0.0,0.0,0.0,11.810933940774488,0.0,0.0,0.0,0.0,0.0,0.0,0.0,0.0,0.0,12.492303573818766,0.0,0.0,0.0,0.0,0.0,0.0,0.0,0.0,0.0,0.0,0.0,0.0,0.0,0.0,0.0,0.0,0.0,0.0,0.0,0.0,0.0,0.0,0.0,0.0,0.0,0.0,0.0,0.0,0.0,0.0,0.0,0.0,0.0,0.0,0.0,0.0,0.0,0.0,0.0,0.0,20.698602794411176,20.698602794411176,0.0,0.0,0.0,0.0,0.0,0.0,0.0,0.0,0.0,0.0,0.0,0.0,0.0,0.0,0.0,0.0,0.0,0.0,0.0,0.0,0.0,0.0,0.0,1.838000708968451,1.838000708968451,0.0,0.0,0.0,0.0,0.0,2.4532765554766973,0.0,0.0,0.0,0.0,0.0,0.0,0.0,0.0,4.906553110953395,0.0,0.0,0.0,0.0,0.0,0.0,0.0,0.0,2.4532765554766973,4.906553110953395,0.0,0.0,0.0,0.0,0.0,0.0,0.0,2.4121888811351475,0.0,0.0,0.0,0.0,0.0,0.0,0.0,0.0,0.0,0.0,0.0,0.0,0.0,0.0,0.0,0.0,0.0,0.0,0.0,0.0,0.0,0.0,0.0,0.0,0.0,0.0,0.0,0.0,0.0,0.0,0.0,0.0,0.0,0.0,0.0,0.0,0.0,2.4121888811351475,0.0,0.0,0.0,0.0
2021-01-01,0.0,0.0,1.0,0.0,2.0936805976176056,0.0,0.0,0.0,0.0,0.0,0.0,2.0,0.0,0.0,0.0,0.0,0.0,0.0,0.0,1.0,4.0,0.0,0.0,0.0,0.0,0.0,0.0,0.0,0.0,0.0,6.025566531086578,3.012783265543289,0.0,0.0,0.0,0.0,0.0,0.0,0.0,0.0,9.990366088631985,0.0,0.0,0.0,0.0,0.0,0.0,7.023366068405012,0.0,0.0,0.0,0.0,0.0,0.0,0.0,15.153433999025816,62.17674661105318,0.0,0.0,0.0,0.0,0.0,0.0,0.0,0.0,0.0,26.84789644012945,20.135922330097088,0.0,0.0,0.0,0.0,0.0,0.0,0.0,0.0,11.810933940774488,0.0,0.0,0.0,0.0,0.0,0.0,12.878432454808888,0.0,0.0,0.0,0.0,0.0,0.0,0.0,0.0,16.656404765091686,0.0,0.0,0.0,0.0,0.0,0.0,0.0,0.0,0.0,0.0,0.0,0.0,11.810933940774488,0.0,0.0,0.0,0.0,0.0,0.0,0.0,0.0,0.0,0.0,0.0,0.0,0.0,0.0,0.0,0.0,0.0,0.0,0.0,0.0,0.0,0.0,0.0,0.0,0.0,0.0,0.0,0.0,0.0,0.0,0.0,0.0,0.0,0.0,0.0,0.0,0.0,0.0,0.0,0.0,0.0,0.0,0.0,0.0,0.0,0.0,0.0,0.0,0.0,0.0,41.39720558882235,41.39720558882235,0.0,0.0,0.0,0.0,0.0,0.0,0.0,0.0,0.0,0.0,0.0,0.0,0.0,0.0,0.0,0.0,0.0,0.0,0.0,0.0,0.0,0.0,0.0,1.838000708968451,1.838000708968451,0.0,0.0,0.0,0.0,0.0,2.4532765554766973,0.0,0.0,0.0,0.0,0.0,0.0,0.0,0.0,4.906553110953395,0.0,0.0,0.0,0.0,0.0,0.0,0.0,0.0,2.4532765554766973,4.906553110953395,0.0,0.0,0.0,0.0,0.0,0.0,0.0,0.0,0.0,0.0,0.0,0.0,0.0,0.0,0.0,0.0,0.0,0.0,0.0,0.0,0.0,0.0,0.0,0.0,0.0,0.0,0.0,0.0,0.0,0.0,0.0,0.0,0.0,0.0,0.0,0.0,0.0,0.0,0.0,0.0,0.0,0.0,0.0,0.0,2.4121888811351475,4.824377762270295,0.0,0.0,0.0,0.0
2021-02-01,0.0,0.0,1.0,0.0,2.0936805976176056,0.0,0.0,0.0,0.0,0.0,0.0,2.0,0.0,0.0,0.0,0.0,0.0,0.0,0.0,0.0,1.0,0.0,1.0,0.0,0.0,0.0,0.0,0.0,0.0,0.0,3.012783265543289,3.012783265543289,0.0,0.0,0.0,0.0,0.0,0.0,0.0,0.0,0.0,0.0,0.0,0.0,0.0,0.0,0.0,12.29089061970877,0.0,0.0,0.0,0.0,0.0,0.0,0.0,0.0,0.0,0.0,0.0,0.0,0.0,0.0,0.0,0.0,0.0,0.0,13.423948220064725,13.423948220064725,0.0,0.0,0.0,0.0,0.0,0.0,0.0,0.0,11.810933940774488,0.0,0.0,0.0,0.0,0.0,0.0,11.447495515385677,0.0,0.0,0.0,0.0,0.0,0.0,0.0,0.0,0.0,0.0,0.0,0.0,0.0,0.0,0.0,0.0,0.0,0.0,0.0,0.0,0.0,11.810933940774488,0.0,0.0,0.0,9.71623611297015,0.0,0.0,0.0,0.0,0.0,0.0,0.0,0.0,0.0,0.0,0.0,0.0,0.0,0.0,0.0,0.0,0.0,0.0,0.0,0.0,0.0,0.0,0.0,0.0,0.0,0.0,0.0,0.0,0.0,0.0,0.0,0.0,0.0,0.0,0.0,0.0,0.0,0.0,0.0,0.0,0.0,0.0,0.0,0.0,0.0,0.0,41.39720558882235,41.39720558882235,0.0,0.0,0.0,0.0,0.0,1.838000708968451,0.0,0.0,0.0,0.0,0.0,0.0,0.0,0.0,0.0,0.0,0.0,0.0,0.0,0.0,0.0,0.0,0.0,0.0,1.838000708968451,0.0,0.0,0.0,0.0,0.0,2.4532765554766973,0.0,0.0,0.0,0.0,0.0,0.0,0.0,0.0,7.359829666430092,0.0,0.0,0.0,0.0,0.0,0.0,0.0,0.0,2.4532765554766973,4.906553110953395,0.0,0.0,0.0,0.0,0.0,0.0,0.0,2.4121888811351475,0.0,0.0,0.0,0.0,0.0,0.0,0.0,0.0,0.0,0.0,0.0,0.0,0.0,0.0,0.0,0.0,0.0,0.0,0.0,0.0,0.0,0.0,0.0,0.0,0.0,0.0,0.0,0.0,0.0,0.0,0.0,0.0,0.0,0.0,0.0,0.0,0.0,2.4121888811351475,0.0,0.0,0.0,0.0
2021-03-01,0.0,0.0,2.0,0.0,2.0936805976176056,0.0,0.0,0.0,0.0,0.0,0.0,2.0,0.0,0.0,0.0,0.0,0.0,0.0,0.0,0.0,2.0,0.0,0.0,0.0,0.0,0.0,0.0,0.0,0.0,0.0,3.012783265543289,3.012783265543289,0.0,0.0,0.0,0.0,0.0,0.0,0.0,0.0,0.0,0.0,0.0,0.0,0.0,0.0,0.0,12.29089061970877,0.0,0.0,0.0,0.0,0.0,0.0,0.0,0.0,0.0,0.0,0.0,0.0,0.0,0.0,0.0,0.0,0.0,0.0,13.423948220064725,26.84789644012945,0.0,0.0,0.0,0.0,0.0,0.0,0.0,0.0,11.810933940774488,0.0,0.0,0.0,0.0,0.0,0.0,10.016558575962467,0.0,0.0,0.0,0.0,0.0,0.0,0.0,0.0,0.0,0.0,0.0,0.0,0.0,0.0,0.0,0.0,0.0,0.0,0.0,0.0,0.0,11.810933940774488,0.0,0.0,0.0,0.0,0.0,0.0,0.0,0.0,0.0,0.0,0.0,0.0,0.0,0.0,0.0,0.0,0.0,0.0,0.0,0.0,0.0,0.0,0.0,0.0,0.0,0.0,0.0,0.0,0.0,0.0,0.0,0.0,0.0,0.0,0.0,0.0,0.0,0.0,0.0,0.0,0.0,0.0,0.0,0.0,0.0,0.0,0.0,0.0,0.0,0.0,41.39720558882235,41.39720558882235,0.0,0.0,0.0,0.0,0.0,1.838000708968451,0.0,0.0,0.0,0.0,0.0,0.0,0.0,0.0,0.0,0.0,0.0,0.0,0.0,0.0,0.0,0.0,0.0,0.0,1.838000708968451,0.0,0.0,0.0,0.0,0.0,2.4532765554766973,0.0,0.0,0.0,0.0,0.0,0.0,0.0,0.0,7.359829666430092,0.0,0.0,0.0,0.0,0.0,0.0,0.0,0.0,2.4532765554766973,4.906553110953395,0.0,0.0,0.0,0.0,0.0,0.0,0.0,2.4121888811351475,0.0,0.0,0.0,0.0,0.0,0.0,0.0,0.0,0.0,0.0,0.0,0.0,0.0,0.0,0.0,0.0,0.0,0.0,0.0,0.0,0.0,0.0,0.0,0.0,0.0,0.0,0.0,0.0,0.0,0.0,0.0,0.0,0.0,0.0,0.0,0.0,0.0,2.4121888811351475,0.0,0.0,0.0,0.0
2021-04-01,0.0,0.0,2.0,0.0,2.0936805976176056,0.0,0.0,0.0,0.0,0.0,0.0,2.0,0.0,0.0,0.0,0.0,0.0,0.0,0.0,0.0,1.0,0.0,0.0,0.0,0.0,0.0,0.0,0.0,0.0,0.0,3.012783265543289,3.012783265543289,0.0,0.0,0.0,0.0,0.0,0.0,0.0,0.0,0.0,0.0,0.0,0.0,0.0,0.0,0.0,10.535049102607518,0.0,0.0,0.0,0.0,0.0,0.0,0.0,0.0,0.0,0.0,0.0,0.0,0.0,0.0,0.0,0.0,0.0,0.0,20.135922330097088,13.423948220064725,0.0,0.0,0.0,0.0,0.0,0.0,65.99490878235045,0.0,11.810933940774488,0.0,0.0,0.0,0.0,0.0,0.0,10.016558575962467,0.0,0.0,0.0,0.0,0.0,0.0,0.0,0.0,0.0,0.0,0.0,0.0,0.0,0.0,0.0,0.0,0.0,0.0,0.0,0.0,11.810933940774488,11.810933940774488,0.0,0.0,0.0,0.0,0.0,0.0,0.0,0.0,0.0,9.71623611297015,0.0,0.0,0.0,0.0,0.0,0.0,0.0,0.0,0.0,0.0,0.0,0.0,0.0,0.0,0.0,0.0,0.0,8.328202382545843,0.0,0.0,0.0,0.0,0.0,0.0,0.0,0.0,0.0,0.0,0.0,0.0,0.0,0.0,0.0,0.0,0.0,0.0,0.0,0.0,0.0,0.0,41.39720558882235,41.39720558882235,0.0,0.0,0.0,0.0,0.0,1.838000708968451,0.0,0.0,0.0,0.0,0.0,0.0,0.0,0.0,0.0,0.0,0.0,0.0,0.0,0.0,0.0,0.0,0.0,0.0,1.838000708968451,0.0,0.0,0.0,0.0,0.0,2.4532765554766973,0.0,0.0,0.0,0.0,0.0,0.0,0.0,0.0,9.81310622190679,0.0,0.0,0.0,0.0,0.0,0.0,0.0,0.0,2.4532765554766973,4.906553110953395,0.0,0.0,0.0,0.0,0.0,0.0,0.0,2.4121888811351475,0.0,0.0,0.0,0.0,0.0,0.0,0.0,0.0,0.0,0.0,0.0,0.0,0.0,0.0,0.0,0.0,0.0,0.0,0.0,0.0,0.0,0.0,0.0,0.0,0.0,0.0,0.0,0.0,0.0,0.0,0.0,0.0,0.0,0.0,0.0,0.0,0.0,2.4121888811351475,0.0,0.0,0.0,0.0
2021-05-01,0.0,0.0,9.0,0.0,2.0936805976176056,0.0,0.0,0.0,0.0,0.0,0.0,4.0,0.0,0.0,0.0,0.0,1.0,0.0,0.0,0.0,1.0,0.0,0.0,0.0,0.0,0.0,0.0,0.0,0.0,0.0,6.025566531086578,6.025566531086578,1.0,0.0,0.0,0.0,0.0,0.0,10.659950657894736,0.0,4.995183044315993,0.0,0.0,0.0,0.0,0.0,0.0,10.535049102607518,0.0,0.0,0.0,0.0,0.0,0.0,0.0,0.0,0.0,0.0,0.0,0.0,0.0,0.0,0.0,0.0,0.0,0.0,20.135922330097088,20.135922330097088,0.0,0.0,0.0,0.0,0.0,0.0,79.19389053882054,0.0,11.810933940774488,0.0,0.0,0.0,0.0,0.0,0.0,12.878432454808888,0.0,0.0,0.0,0.0,0.0,0.0,0.0,0.0,0.0,0.0,0.0,0.0,0.0,0.0,0.0,0.0,0.0,0.0,0.0,0.0,11.810933940774488,11.810933940774488,0.0,0.0,0.0,0.0,0.0,0.0,0.0,0.0,0.0,0.0,0.0,0.0,0.0,0.0,0.0,0.0,0.0,0.0,0.0,0.0,0.0,0.0,0.0,0.0,0.0,0.0,0.0,0.0,0.0,0.0,0.0,0.0,0.0,0.0,0.0,9.71623611297015,0.0,0.0,0.0,0.0,0.0,0.0,0.0,0.0,0.0,0.0,0.0,0.0,0.0,0.0,41.39720558882235,41.39720558882235,0.0,0.0,0.0,0.0,0.0,1.838000708968451,0.0,0.0,0.0,0.0,0.0,0.0,0.0,0.0,0.0,0.0,0.0,0.0,0.0,0.0,0.0,0.0,0.0,1.838000708968451,1.838000708968451,0.0,0.0,0.0,0.0,0.0,7.359829666430092,0.0,0.0,0.0,0.0,0.0,0.0,0.0,0.0,7.359829666430092,0.0,0.0,0.0,0.0,0.0,0.0,0.0,0.0,2.4532765554766973,4.906553110953395,0.0,0.0,0.0,0.0,0.0,0.0,0.0,4.824377762270295,0.0,0.0,0.0,0.0,0.0,0.0,0.0,0.0,0.0,0.0,0.0,0.0,0.0,0.0,0.0,0.0,0.0,0.0,0.0,0.0,0.0,0.0,0.0,0.0,0.0,0.0,0.0,0.0,0.0,0.0,0.0,0.0,0.0,0.0,0.0,0.0,0.0,4.824377762270295,0.0,0.0,0.0,0.0
2021-06-01,0.0,0.0,43.0,1.0,2.0936805976176056,0.0,0.0,0.0,0.0,0.0,0.0,4.0,0.0,0.0,0.0,0.0,9.0,0.0,0.0,0.0,1.0,0.0,0.0,0.0,0.0,0.0,0.0,0.0,0.0,0.0,6.025566531086578,6.025566531086578,1.0,0.0,0.0,0.0,0.0,0.0,21.319901315789473,0.0,4.995183044315993,0.0,0.0,0.0,0.0,0.0,0.0,10.535049102607518,0.0,0.0,0.0,0.0,0.0,0.0,0.0,0.0,10.813347236704901,0.0,0.0,0.0,0.0,0.0,0.0,0.0,0.0,0.0,20.135922330097088,13.423948220064725,0.0,0.0,0.0,0.0,0.0,0.0,136.3894781501909,0.0,11.810933940774488,0.0,0.0,0.0,0.0,0.0,0.0,11.447495515385677,0.0,0.0,0.0,0.0,8.328202382545843,0.0,0.0,0.0,0.0,0.0,0.0,0.0,0.0,0.0,0.0,0.0,0.0,0.0,0.0,0.0,94.4874715261959,11.810933940774488,0.0,0.0,0.0,0.0,0.0,0.0,0.0,0.0,0.0,0.0,0.0,0.0,0.0,0.0,0.0,0.0,0.0,0.0,0.0,0.0,0.0,0.0,0.0,0.0,0.0,0.0,0.0,0.0,0.0,0.0,0.0,0.0,0.0,0.0,0.0,8.328202382545843,0.0,0.0,0.0,0.0,0.0,0.0,0.0,0.0,0.0,0.0,0.0,0.0,0.0,0.0,41.39720558882235,20.698602794411176,20.698602794411176,0.0,0.0,0.0,0.0,5.5140021269053525,0.0,0.0,0.0,0.0,0.0,0.0,0.0,0.0,0.0,0.0,0.0,0.0,0.0,0.0,0.0,0.0,0.0,0.0,1.838000708968451,0.0,0.0,0.0,0.0,0.0,12.266382777383487,0.0,0.0,0.0,0.0,0.0,0.0,0.0,0.0,7.359829666430092,2.4532765554766973,0.0,0.0,0.0,0.0,0.0,0.0,0.0,2.4532765554766973,4.906553110953395,0.0,0.0,0.0,0.0,0.0,0.0,0.0,14.473133286810885,0.0,0.0,0.0,0.0,0.0,0.0,0.0,0.0,0.0,0.0,0.0,0.0,0.0,0.0,0.0,0.0,0.0,0.0,0.0,0.0,0.0,0.0,0.0,0.0,0.0,0.0,0.0,0.0,0.0,0.0,0.0,0.0,0.0,0.0,0.0,0.0,0.0,4.824377762270295,2.4121888811351475,0.0,0.0,0.0
2021-07-01,0.0,0.0,30.0,1.0,4.187361195235211,0.0,0.0,0.0,0.0,0.0,0.0,3.0,0.0,0.0,0.0,0.0,4.0,0.0,0.0,1.0,3.0,0.0,1.0,0.0,0.0,0.0,0.0,0.0,0.0,0.0,6.025566531086578,6.025566531086578,1.0,0.0,0.0,0.0,0.0,0.0,29.847861842105264,0.0,14.985549132947977,0.0,0.0,0.0,0.0,0.0,0.0,0.0,0.0,0.0,0.0,0.0,0.0,0.0,0.0,0.0,10.813347236704901,0.0,5.406673618352451,0.0,0.0,0.0,0.0,0.0,0.0,0.0,26.84789644012945,13.423948220064725,0.0,0.0,0.0,0.0,0.0,0.0,109.99151463725075,0.0,11.810933940774488,0.0,0.0,0.0,0.0,0.0,0.0,10.016558575962467,0.0,0.0,0.0,0.0,0.0,0.0,0.0,0.0,26.37264087806184,0.0,0.0,0.0,0.0,0.0,0.0,0.0,0.0,0.0,0.0,0.0,59.05466970387244,11.810933940774488,0.0,0.0,0.0,0.0,0.0,0.0,0.0,0.0,0.0,0.0,0.0,0.0,0.0,0.0,0.0,0.0,0.0,0.0,0.0,0.0,0.0,0.0,0.0,0.0,0.0,0.0,0.0,0.0,0.0,0.0,0.0,0.0,0.0,0.0,0.0,0.0,0.0,0.0,0.0,0.0,0.0,0.0,0.0,0.0,0.0,0.0,0.0,0.0,0.0,0.0,41.39720558882235,41.39720558882235,0.0,0.0,0.0,0.0,0.0,5.5140021269053525,0.0,0.0,0.0,0.0,0.0,0.0,0.0,0.0,0.0,0.0,0.0,0.0,0.0,0.0,0.0,0.0,0.0,1.838000708968451,3.676001417936902,0.0,0.0,0.0,0.0,0.0,12.266382777383487,0.0,0.0,0.0,0.0,0.0,0.0,0.0,0.0,7.359829666430092,0.0,0.0,0.0,0.0,0.0,0.0,0.0,0.0,2.4532765554766973,4.906553110953395,0.0,0.0,0.0,0.0,0.0,0.0,0.0,21.709699930216328,0.0,0.0,0.0,0.0,0.0,0.0,0.0,0.0,0.0,0.0,0.0,0.0,0.0,0.0,0.0,0.0,0.0,0.0,0.0,0.0,0.0,0.0,0.0,0.0,0.0,0.0,0.0,0.0,0.0,0.0,0.0,0.0,0.0,0.0,0.0,0.0,2.4121888811351475,4.824377762270295,2.4121888811351475,0.0,0.0,0.0
2021-08-01,0.0,0.0,28.0,1.0,2.0936805976176056,0.0,0.0,0.0,0.0,0.0,0.0,3.0,0.0,0.0,0.0,0.0,3.0,0.0,0.0,0.0,3.0,0.0,1.0,0.0,0.0,0.0,0.0,0.0,0.0,0.0,6.025566531086578,6.025566531086578,1.0,0.0,0.0,0.0,0.0,0.0,34.11184210526316,0.0,0.0,0.0,0.0,0.0,0.0,0.0,0.0,8.779207585506265,0.0,0.0,0.0,0.0,0.0,0.0,0.0,0.0,8.110010427528676,0.0,0.0,0.0,0.0,0.0,0.0,0.0,0.0,0.0,13.423948220064725,13.423948220064725,0.0,0.0,0.0,0.0,0.0,0.0,180.38608400509122,0.0,11.810933940774488,0.0,0.0,0.0,0.0,0.0,0.0,12.878432454808888,0.0,0.0,0.0,0.0,0.0,0.0,0.0,0.0,0.0,0.0,0.0,0.0,0.0,0.0,0.0,0.0,0.0,0.0,0.0,0.0,59.05466970387244,11.810933940774488,0.0,0.0,0.0,0.0,0.0,0.0,0.0,0.0,0.0,0.0,0.0,0.0,0.0,0.0,0.0,0.0,0.0,0.0,0.0,0.0,0.0,0.0,0.0,0.0,0.0,0.0,0.0,0.0,0.0,0.0,0.0,0.0,0.0,0.0,0.0,0.0,0.0,0.0,0.0,0.0,0.0,0.0,0.0,0.0,0.0,0.0,0.0,0.0,0.0,0.0,41.39720558882235,41.39720558882235,20.698602794411176,0.0,0.0,0.0,0.0,5.5140021269053525,0.0,0.0,0.0,0.0,0.0,0.0,0.0,0.0,0.0,0.0,0.0,0.0,0.0,0.0,0.0,0.0,0.0,1.838000708968451,1.838000708968451,0.0,0.0,0.0,0.0,0.0,17.17293588833688,0.0,0.0,0.0,0.0,0.0,0.0,0.0,0.0,9.81310622190679,0.0,0.0,0.0,0.0,0.0,0.0,0.0,0.0,2.4532765554766973,4.906553110953395,0.0,0.0,0.0,0.0,0.0,0.0,0.0,26.534077692486623,0.0,0.0,0.0,0.0,0.0,0.0,0.0,0.0,0.0,0.0,0.0,0.0,0.0,0.0,0.0,0.0,0.0,0.0,0.0,0.0,0.0,0.0,0.0,0.0,0.0,0.0,0.0,0.0,0.0,0.0,0.0,0.0,0.0,0.0,0.0,0.0,2.4121888811351475,7.2365666434054425,2.4121888811351475,0.0,0.0,0.0
2021-09-01,0.0,0.0,18.0,0.0,4.187361195235211,0.0,0.0,0.0,0.0,0.0,0.0,3.0,0.0,0.0,0.0,0.0,4.0,0.0,0.0,1.0,5.0,0.0,1.0,0.0,0.0,0.0,0.0,0.0,0.0,0.0,9.038349796629866,6.025566531086578,1.0,0.0,0.0,0.0,0.0,0.0,25.58388157894737,0.0,0.0,0.0,0.0,0.0,0.0,0.0,0.0,7.023366068405012,0.0,0.0,0.0,0.0,0.0,0.0,0.0,0.0,10.813347236704901,0.0,0.0,0.0,0.0,0.0,0.0,0.0,0.0,0.0,20.135922330097088,13.423948220064725,0.0,0.0,0.0,0.0,0.0,0.0,92.39287229529063,0.0,11.810933940774488,0.0,0.0,0.0,0.0,0.0,0.0,14.309369394232096,0.0,0.0,0.0,0.0,0.0,0.0,0.0,0.0,0.0,0.0,0.0,0.0,0.0,0.0,0.0,0.0,0.0,0.0,0.0,0.0,35.43280182232346,11.810933940774488,0.0,0.0,0.0,0.0,0.0,0.0,0.0,0.0,0.0,0.0,0.0,0.0,0.0,0.0,0.0,0.0,0.0,0.0,0.0,0.0,0.0,0.0,0.0,0.0,0.0,0.0,0.0,0.0,0.0,0.0,0.0,0.0,0.0,0.0,0.0,0.0,0.0,0.0,0.0,0.0,0.0,0.0,0.0,0.0,0.0,0.0,0.0,0.0,0.0,0.0,41.39720558882235,41.39720558882235,0.0,0.0,0.0,0.0,0.0,3.676001417936902,0.0,0.0,0.0,0.0,0.0,0.0,0.0,0.0,0.0,0.0,0.0,0.0,0.0,0.0,0.0,0.0,0.0,1.838000708968451,3.676001417936902,0.0,0.0,0.0,0.0,0.0,12.266382777383487,0.0,0.0,0.0,0.0,0.0,0.0,0.0,0.0,26.98604211024367,0.0,0.0,0.0,0.0,0.0,0.0,0.0,0.0,2.4532765554766973,4.906553110953395,0.0,0.0,0.0,0.0,0.0,0.0,0.0,12.060944405675738,0.0,0.0,0.0,0.0,0.0,0.0,0.0,0.0,0.0,0.0,0.0,0.0,0.0,0.0,0.0,0.0,0.0,0.0,0.0,0.0,0.0,0.0,0.0,0.0,0.0,0.0,0.0,0.0,0.0,0.0,0.0,0.0,0.0,0.0,0.0,0.0,0.0,2.4121888811351475,2.4121888811351475,0.0,0.0,0.0
2021-10-01,0.0,0.0,8.0,0.0,2.0936805976176056,0.0,0.0,0.0,0.0,0.0,0.0,3.0,0.0,0.0,0.0,0.0,1.0,0.0,0.0,0.0,1.0,0.0,0.0,0.0,0.0,0.0,0.0,0.0,0.0,0.0,6.025566531086578,6.025566531086578,1.0,0.0,0.0,0.0,0.0,0.0,8.52796052631579,0.0,9.990366088631985,0.0,0.0,0.0,0.0,0.0,0.0,0.0,0.0,0.0,0.0,0.0,0.0,0.0,0.0,0.0,0.0,0.0,0.0,0.0,0.0,0.0,0.0,0.0,0.0,0.0,20.135922330097088,13.423948220064725,7.5144927536231885,0.0,0.0,0.0,0.0,0.0,43.996605854900295,0.0,11.810933940774488,0.0,0.0,0.0,0.0,0.0,0.0,11.447495515385677,11.104269843394459,0.0,0.0,0.0,0.0,0.0,0.0,0.0,0.0,0.0,0.0,0.0,0.0,0.0,0.0,0.0,0.0,0.0,0.0,0.0,23.621867881548976,11.810933940774488,0.0,0.0,0.0,0.0,0.0,0.0,0.0,0.0,0.0,0.0,0.0,0.0,0.0,0.0,0.0,0.0,0.0,0.0,0.0,0.0,0.0,0.0,0.0,0.0,0.0,0.0,0.0,0.0,0.0,0.0,0.0,0.0,0.0,0.0,0.0,0.0,0.0,0.0,0.0,0.0,0.0,0.0,0.0,0.0,0.0,0.0,0.0,0.0,0.0,0.0,41.39720558882235,41.39720558882235,0.0,0.0,0.0,0.0,0.0,1.838000708968451,0.0,0.0,0.0,0.0,0.0,0.0,0.0,0.0,0.0,0.0,0.0,0.0,0.0,0.0,0.0,0.0,0.0,0.0,1.838000708968451,0.0,0.0,0.0,0.0,0.0,7.359829666430092,0.0,0.0,0.0,0.0,0.0,0.0,0.0,0.0,4.906553110953395,0.0,0.0,0.0,0.0,0.0,0.0,0.0,0.0,2.4532765554766973,4.906553110953395,0.0,0.0,0.0,0.0,0.0,0.0,0.0,4.824377762270295,0.0,0.0,0.0,0.0,0.0,0.0,0.0,0.0,0.0,0.0,0.0,0.0,0.0,0.0,0.0,0.0,0.0,0.0,0.0,0.0,0.0,0.0,0.0,0.0,0.0,0.0,0.0,0.0,0.0,0.0,0.0,0.0,0.0,0.0,0.0,0.0,0.0,2.4121888811351475,0.0,0.0,0.0,0.0
2021-11-01,0.0,0.0,6.0,0.0,2.0936805976176056,0.0,0.0,0.0,0.0,0.0,0.0,4.0,0.0,0.0,0.0,0.0,1.0,0.0,0.0,0.0,1.0,0.0,0.0,0.0,0.0,0.0,0.0,0.0,0.0,0.0,6.025566531086578,6.025566531086578,1.0,0.0,0.0,0.0,0.0,0.0,0.0,0.0,0.0,0.0,0.0,0.0,0.0,0.0,0.0,10.535049102607518,0.0,0.0,0.0,0.0,0.0,0.0,0.0,0.0,0.0,0.0,0.0,0.0,0.0,0.0,0.0,0.0,0.0,0.0,20.135922330097088,20.135922330097088,0.0,0.0,0.0,0.0,0.0,0.0,17.59864234196012,0.0,11.810933940774488,0.0,0.0,0.0,0.0,0.0,0.0,12.878432454808888,0.0,0.0,0.0,0.0,0.0,0.0,0.0,0.0,0.0,0.0,0.0,0.0,0.0,0.0,0.0,0.0,0.0,0.0,0.0,0.0,11.810933940774488,11.810933940774488,0.0,0.0,0.0,0.0,0.0,0.0,0.0,0.0,0.0,0.0,0.0,0.0,0.0,0.0,0.0,0.0,0.0,0.0,0.0,0.0,0.0,0.0,0.0,0.0,0.0,0.0,0.0,0.0,0.0,0.0,0.0,0.0,0.0,0.0,0.0,0.0,0.0,0.0,0.0,0.0,0.0,0.0,0.0,0.0,0.0,0.0,0.0,0.0,0.0,0.0,41.39720558882235,41.39720558882235,0.0,0.0,0.0,0.0,0.0,1.838000708968451,0.0,0.0,0.0,0.0,0.0,0.0,0.0,0.0,0.0,0.0,0.0,0.0,0.0,0.0,0.0,0.0,0.0,1.838000708968451,1.838000708968451,0.0,0.0,0.0,0.0,0.0,2.4532765554766973,0.0,0.0,0.0,0.0,0.0,0.0,0.0,0.0,7.359829666430092,0.0,0.0,0.0,0.0,0.0,0.0,0.0,0.0,2.4532765554766973,4.906553110953395,0.0,0.0,0.0,0.0,0.0,0.0,0.0,2.4121888811351475,0.0,0.0,0.0,0.0,0.0,0.0,0.0,0.0,0.0,0.0,0.0,0.0,0.0,0.0,0.0,0.0,0.0,0.0,0.0,0.0,0.0,0.0,0.0,0.0,0.0,0.0,0.0,0.0,0.0,0.0,0.0,0.0,0.0,0.0,0.0,0.0,0.0,2.4121888811351475,0.0,0.0,0.0,0.0
2021-12-01,0.0,0.0,2.0,0.0,2.0936805976176056,0.0,0.0,0.0,0.0,0.0,0.0,3.0,0.0,0.0,0.0,0.0,0.0,0.0,0.0,0.0,1.0,0.0,0.0,0.0,0.0,0.0,0.0,0.0,0.0,0.0,6.025566531086578,6.025566531086578,1.0,0.0,0.0,0.0,0.0,0.0,0.0,0.0,0.0,0.0,0.0,0.0,0.0,0.0,0.0,8.779207585506265,0.0,0.0,0.0,0.0,0.0,0.0,0.0,0.0,0.0,0.0,0.0,0.0,0.0,0.0,0.0,0.0,0.0,0.0,13.423948220064725,13.423948220064725,0.0,0.0,0.0,0.0,0.0,0.0,0.0,0.0,11.810933940774488,0.0,0.0,0.0,0.0,0.0,0.0,11.447495515385677,0.0,0.0,0.0,0.0,0.0,0.0,0.0,0.0,0.0,0.0,0.0,0.0,0.0,0.0,0.0,0.0,0.0,0.0,0.0,0.0,0.0,11.810933940774488,0.0,0.0,0.0,0.0,0.0,0.0,0.0,0.0,0.0,0.0,0.0,0.0,0.0,0.0,0.0,0.0,0.0,0.0,0.0,0.0,0.0,0.0,0.0,0.0,0.0,0.0,0.0,0.0,0.0,0.0,0.0,0.0,0.0,0.0,0.0,0.0,0.0,0.0,0.0,0.0,0.0,0.0,0.0,0.0,0.0,0.0,0.0,0.0,0.0,0.0,41.39720558882235,41.39720558882235,0.0,0.0,0.0,0.0,0.0,0.0,0.0,0.0,0.0,0.0,0.0,0.0,0.0,0.0,0.0,0.0,0.0,0.0,0.0,0.0,0.0,0.0,0.0,0.0,1.838000708968451,0.0,0.0,0.0,0.0,0.0,0.0,0.0,0.0,0.0,0.0,0.0,0.0,0.0,0.0,9.81310622190679,0.0,0.0,0.0,0.0,0.0,0.0,0.0,0.0,2.4532765554766973,4.906553110953395,0.0,0.0,0.0,0.0,0.0,0.0,0.0,0.0,0.0,0.0,0.0,0.0,0.0,0.0,0.0,0.0,0.0,0.0,0.0,0.0,0.0,0.0,0.0,0.0,0.0,0.0,0.0,0.0,0.0,0.0,0.0,0.0,0.0,0.0,0.0,0.0,0.0,0.0,0.0,0.0,0.0,0.0,0.0,0.0,0.0,2.4121888811351475,0.0,0.0,0.0,0.0
2022-01-01,0.0,0.0,2.0,0.0,4.187361195235211,0.0,0.0,0.0,0.0,0.0,0.0,4.0,0.0,0.0,0.0,0.0,0.0,0.0,0.0,0.0,1.0,0.0,0.0,0.0,0.0,0.0,0.0,0.0,0.0,0.0,6.025566531086578,6.025566531086578,1.0,0.0,0.0,0.0,0.0,0.0,8.52796052631579,0.0,9.990366088631985,0.0,0.0,0.0,0.0,0.0,0.0,8.779207585506265,0.0,0.0,0.0,0.0,0.0,0.0,0.0,0.0,0.0,0.0,0.0,0.0,0.0,0.0,0.0,0.0,0.0,0.0,20.135922330097088,20.135922330097088,0.0,0.0,0.0,0.0,0.0,0.0,0.0,0.0,23.621867881548976,0.0,0.0,0.0,0.0,0.0,0.0,10.016558575962467,0.0,0.0,0.0,0.0,0.0,0.0,0.0,0.0,0.0,0.0,0.0,0.0,0.0,0.0,0.0,0.0,0.0,0.0,0.0,0.0,0.0,23.621867881548976,0.0,0.0,0.0,0.0,0.0,0.0,0.0,0.0,0.0,0.0,0.0,0.0,0.0,0.0,0.0,0.0,0.0,0.0,0.0,0.0,0.0,0.0,0.0,0.0,0.0,0.0,0.0,0.0,0.0,0.0,0.0,0.0,0.0,0.0,0.0,0.0,0.0,0.0,0.0,0.0,0.0,0.0,0.0,0.0,0.0,0.0,0.0,0.0,0.0,0.0,62.09580838323353,62.09580838323353,0.0,0.0,0.0,0.0,0.0,0.0,0.0,0.0,0.0,0.0,0.0,0.0,0.0,0.0,0.0,0.0,0.0,0.0,0.0,0.0,0.0,0.0,0.0,1.838000708968451,1.838000708968451,0.0,0.0,0.0,0.0,0.0,2.4532765554766973,0.0,0.0,0.0,0.0,0.0,0.0,0.0,0.0,12.266382777383487,0.0,0.0,0.0,0.0,0.0,0.0,0.0,0.0,2.4532765554766973,7.359829666430092,0.0,0.0,0.0,0.0,0.0,0.0,0.0,0.0,0.0,0.0,0.0,0.0,0.0,0.0,0.0,0.0,0.0,0.0,0.0,0.0,0.0,0.0,0.0,0.0,0.0,0.0,0.0,0.0,0.0,0.0,0.0,0.0,0.0,0.0,0.0,0.0,0.0,0.0,0.0,0.0,0.0,0.0,0.0,0.0,2.4121888811351475,2.4121888811351475,0.0,0.0,0.0,0.0
2022-02-01,0.0,0.0,2.0,0.0,4.187361195235211,0.0,0.0,0.0,0.0,0.0,0.0,4.0,0.0,0.0,0.0,0.0,0.0,0.0,0.0,0.0,0.0,0.0,0.0,0.0,0.0,0.0,0.0,0.0,0.0,0.0,9.038349796629866,6.025566531086578,1.0,0.0,0.0,0.0,0.0,0.0,0.0,0.0,9.990366088631985,0.0,0.0,0.0,0.0,0.0,0.0,14.046732136810023,0.0,0.0,0.0,0.0,0.0,0.0,0.0,0.0,0.0,0.0,0.0,0.0,0.0,0.0,0.0,0.0,0.0,0.0,20.135922330097088,20.135922330097088,0.0,0.0,0.0,0.0,0.0,0.0,0.0,0.0,23.621867881548976,0.0,0.0,0.0,0.0,0.0,0.0,14.309369394232096,0.0,0.0,0.0,0.0,0.0,0.0,0.0,0.0,0.0,0.0,0.0,0.0,0.0,0.0,0.0,0.0,0.0,0.0,0.0,0.0,0.0,23.621867881548976,0.0,0.0,0.0,0.0,0.0,0.0,0.0,0.0,0.0,0.0,0.0,0.0,0.0,0.0,0.0,0.0,0.0,0.0,0.0,0.0,0.0,0.0,0.0,0.0,0.0,0.0,0.0,0.0,0.0,0.0,0.0,0.0,0.0,0.0,0.0,0.0,0.0,0.0,0.0,0.0,0.0,0.0,0.0,0.0,0.0,0.0,0.0,0.0,11.104269843394459,0.0,41.39720558882235,41.39720558882235,0.0,0.0,0.0,0.0,0.0,0.0,0.0,0.0,0.0,0.0,0.0,0.0,0.0,0.0,0.0,0.0,0.0,0.0,0.0,0.0,0.0,0.0,0.0,0.0,1.838000708968451,0.0,0.0,0.0,0.0,0.0,2.4532765554766973,0.0,0.0,0.0,0.0,0.0,0.0,0.0,0.0,9.81310622190679,0.0,0.0,0.0,0.0,0.0,0.0,0.0,0.0,2.4532765554766973,4.906553110953395,0.0,0.0,0.0,0.0,0.0,0.0,0.0,2.4121888811351475,0.0,0.0,0.0,0.0,0.0,0.0,0.0,0.0,0.0,0.0,0.0,0.0,0.0,0.0,0.0,0.0,0.0,0.0,0.0,0.0,0.0,0.0,0.0,0.0,0.0,0.0,0.0,0.0,0.0,0.0,0.0,0.0,0.0,0.0,0.0,0.0,2.4121888811351475,2.4121888811351475,0.0,0.0,0.0,0.0
2022-03-01,0.0,0.0,4.0,0.0,4.187361195235211,0.0,0.0,0.0,0.0,0.0,0.0,3.0,0.0,0.0,0.0,0.0,0.0,0.0,0.0,0.0,1.0,0.0,0.0,0.0,0.0,0.0,0.0,0.0,0.0,0.0,9.038349796629866,6.025566531086578,1.0,0.0,0.0,0.0,0.0,0.0,0.0,0.0,4.995183044315993,0.0,0.0,0.0,0.0,0.0,0.0,10.535049102607518,0.0,0.0,0.0,0.0,0.0,0.0,0.0,0.0,0.0,0.0,0.0,0.0,0.0,0.0,0.0,0.0,0.0,0.0,13.423948220064725,13.423948220064725,0.0,0.0,0.0,0.0,0.0,0.0,8.79932117098006,0.0,11.810933940774488,0.0,0.0,0.0,0.0,0.0,0.0,10.016558575962467,0.0,0.0,0.0,0.0,0.0,0.0,0.0,0.0,0.0,0.0,0.0,0.0,0.0,0.0,0.0,0.0,0.0,0.0,0.0,0.0,0.0,11.810933940774488,0.0,0.0,0.0,0.0,0.0,0.0,0.0,0.0,0.0,0.0,0.0,0.0,0.0,0.0,0.0,0.0,0.0,0.0,0.0,0.0,0.0,0.0,0.0,0.0,0.0,0.0,0.0,0.0,0.0,0.0,0.0,0.0,0.0,0.0,0.0,0.0,0.0,0.0,0.0,0.0,0.0,0.0,0.0,0.0,0.0,0.0,0.0,0.0,0.0,0.0,41.39720558882235,41.39720558882235,0.0,0.0,0.0,0.0,0.0,1.838000708968451,0.0,0.0,0.0,0.0,0.0,0.0,0.0,0.0,0.0,0.0,0.0,0.0,0.0,0.0,0.0,0.0,0.0,1.838000708968451,1.838000708968451,0.0,0.0,0.0,0.0,0.0,2.4532765554766973,0.0,0.0,0.0,0.0,0.0,0.0,0.0,0.0,7.359829666430092,0.0,0.0,0.0,0.0,0.0,0.0,0.0,0.0,2.4532765554766973,4.906553110953395,0.0,0.0,0.0,0.0,0.0,0.0,0.0,2.4121888811351475,0.0,0.0,0.0,0.0,0.0,0.0,0.0,0.0,0.0,0.0,0.0,0.0,0.0,0.0,0.0,0.0,0.0,0.0,0.0,0.0,0.0,0.0,0.0,0.0,0.0,0.0,0.0,0.0,0.0,0.0,0.0,0.0,0.0,0.0,0.0,0.0,2.4121888811351475,2.4121888811351475,2.4121888811351475,0.0,0.0,0.0
2022-04-01,0.0,0.0,7.0,0.0,4.187361195235211,0.0,0.0,0.0,0.0,0.0,0.0,4.0,0.0,0.0,0.0,0.0,2.0,0.0,0.0,0.0,1.0,0.0,0.0,0.0,0.0,0.0,0.0,0.0,0.0,0.0,9.038349796629866,6.025566531086578,1.0,0.0,0.0,0.0,0.0,0.0,21.319901315789473,0.0,9.990366088631985,0.0,0.0,0.0,0.0,0.0,0.0,10.535049102607518,0.0,0.0,0.0,0.0,5.051144666341939,0.0,0.0,0.0,0.0,0.0,0.0,0.0,0.0,0.0,0.0,0.0,0.0,0.0,20.135922330097088,13.423948220064725,0.0,0.0,0.0,0.0,0.0,0.0,35.19728468392024,0.0,23.621867881548976,0.0,0.0,0.0,0.0,0.0,0.0,21.464054091348146,0.0,0.0,0.0,0.0,0.0,0.0,0.0,0.0,0.0,0.0,0.0,0.0,0.0,0.0,0.0,0.0,0.0,0.0,0.0,0.0,11.810933940774488,23.621867881548976,0.0,0.0,0.0,0.0,0.0,0.0,0.0,0.0,0.0,0.0,0.0,0.0,0.0,0.0,0.0,0.0,0.0,0.0,0.0,0.0,0.0,0.0,0.0,0.0,0.0,0.0,0.0,0.0,0.0,0.0,0.0,0.0,0.0,0.0,0.0,0.0,0.0,0.0,0.0,0.0,0.0,0.0,0.0,0.0,0.0,0.0,0.0,0.0,0.0,0.0,41.39720558882235,62.09580838323353,0.0,0.0,0.0,0.0,0.0,1.838000708968451,0.0,0.0,0.0,0.0,0.0,0.0,0.0,0.0,0.0,0.0,0.0,0.0,0.0,0.0,0.0,0.0,0.0,1.838000708968451,1.838000708968451,0.0,0.0,0.0,0.0,0.0,4.906553110953395,0.0,2.4532765554766973,0.0,0.0,0.0,0.0,0.0,0.0,9.81310622190679,0.0,0.0,0.0,0.0,0.0,0.0,0.0,0.0,4.906553110953395,4.906553110953395,0.0,0.0,0.0,0.0,0.0,0.0,0.0,2.4121888811351475,0.0,0.0,0.0,0.0,0.0,0.0,0.0,0.0,0.0,0.0,0.0,0.0,0.0,0.0,0.0,0.0,0.0,0.0,0.0,0.0,0.0,0.0,0.0,0.0,0.0,0.0,0.0,0.0,0.0,0.0,0.0,0.0,0.0,0.0,0.0,0.0,2.4121888811351475,2.4121888811351475,0.0,0.0,0.0,0.0
2022-05-01,0.0,0.0,18.0,0.0,4.187361195235211,0.0,0.0,0.0,0.0,0.0,0.0,4.0,0.0,0.0,0.0,0.0,2.0,0.0,0.0,4.0,29.0,0.0,1.0,0.0,0.0,0.0,0.0,0.0,0.0,0.0,9.038349796629866,6.025566531086578,1.0,0.0,0.0,0.0,0.0,0.0,29.847861842105264,0.0,9.990366088631985,0.0,0.0,0.0,0.0,0.0,0.0,14.046732136810023,0.0,0.0,0.0,0.0,0.0,0.0,0.0,0.0,10.813347236704901,0.0,5.406673618352451,0.0,0.0,0.0,0.0,0.0,0.0,0.0,20.135922330097088,20.135922330097088,0.0,0.0,0.0,0.0,0.0,0.0,96.79253288078066,0.0,23.621867881548976,0.0,0.0,0.0,0.0,0.0,0.0,15.740306333655306,0.0,0.0,0.0,0.0,0.0,0.0,0.0,0.0,0.0,0.0,0.0,0.0,0.0,0.0,0.0,0.0,0.0,0.0,0.0,0.0,59.05466970387244,23.621867881548976,0.0,0.0,0.0,0.0,0.0,0.0,0.0,0.0,0.0,0.0,0.0,0.0,0.0,0.0,0.0,0.0,0.0,0.0,0.0,0.0,0.0,0.0,0.0,0.0,0.0,0.0,0.0,0.0,0.0,0.0,0.0,0.0,0.0,0.0,0.0,13.880337304243074,0.0,0.0,0.0,0.0,0.0,0.0,0.0,0.0,0.0,0.0,0.0,0.0,0.0,0.0,41.39720558882235,62.09580838323353,0.0,0.0,8.286056731921693,0.0,0.0,3.676001417936902,0.0,0.0,0.0,0.0,0.0,0.0,0.0,0.0,0.0,0.0,0.0,0.0,0.0,0.0,0.0,0.0,0.0,1.838000708968451,3.676001417936902,0.0,0.0,0.0,0.0,0.0,9.81310622190679,0.0,0.0,0.0,0.0,0.0,0.0,0.0,0.0,12.266382777383487,0.0,0.0,0.0,0.0,0.0,0.0,0.0,0.0,4.906553110953395,9.81310622190679,0.0,0.0,0.0,0.0,0.0,0.0,0.0,21.709699930216328,0.0,0.0,0.0,0.0,0.0,0.0,0.0,0.0,0.0,0.0,0.0,0.0,0.0,0.0,0.0,0.0,0.0,0.0,0.0,0.0,0.0,0.0,0.0,0.0,0.0,0.0,0.0,0.0,0.0,0.0,0.0,0.0,0.0,0.0,0.0,0.0,2.4121888811351475,2.4121888811351475,2.4121888811351475,0.0,0.0,0.0
2022-06-01,0.0,0.0,31.0,0.0,2.0936805976176056,0.0,0.0,0.0,0.0,0.0,0.0,5.0,0.0,0.0,0.0,0.0,5.0,0.0,0.0,0.0,2.0,0.0,0.0,0.0,0.0,0.0,0.0,0.0,0.0,0.0,6.025566531086578,9.038349796629866,1.0,0.0,0.0,0.0,0.0,0.0,95.93955592105263,0.0,9.990366088631985,0.0,0.0,0.0,0.0,0.0,0.0,14.046732136810023,0.0,0.0,0.0,0.0,12.122747199220655,0.0,0.0,0.0,0.0,0.0,0.0,0.0,0.0,0.0,0.0,0.0,0.0,0.0,20.135922330097088,20.135922330097088,0.0,0.0,0.0,0.0,0.0,0.0,118.7908358082308,0.0,11.810933940774488,0.0,0.0,0.0,0.0,0.0,0.0,12.878432454808888,0.0,0.0,0.0,0.0,0.0,0.0,0.0,0.0,0.0,0.0,0.0,0.0,0.0,0.0,0.0,0.0,0.0,0.0,0.0,0.0,70.86560364464692,11.810933940774488,0.0,0.0,0.0,0.0,0.0,0.0,0.0,0.0,0.0,9.71623611297015,0.0,0.0,0.0,0.0,0.0,0.0,0.0,0.0,0.0,0.0,0.0,0.0,0.0,0.0,0.0,0.0,0.0,0.0,0.0,0.0,0.0,0.0,0.0,0.0,0.0,9.71623611297015,0.0,0.0,0.0,0.0,0.0,0.0,0.0,0.0,0.0,0.0,0.0,0.0,0.0,0.0,41.39720558882235,41.39720558882235,20.698602794411176,0.0,0.0,0.0,0.0,7.352002835873804,0.0,0.0,1.838000708968451,0.0,0.0,0.0,0.0,0.0,0.0,0.0,0.0,0.0,0.0,0.0,0.0,0.0,0.0,1.838000708968451,7.352002835873804,0.0,0.0,0.0,0.0,0.0,12.266382777383487,0.0,0.0,0.0,0.0,0.0,0.0,0.0,0.0,41.705701443103855,0.0,0.0,0.0,0.0,0.0,0.0,0.0,0.0,4.906553110953395,7.359829666430092,0.0,0.0,0.0,0.0,0.0,0.0,0.0,14.473133286810885,0.0,0.0,0.0,0.0,0.0,0.0,0.0,0.0,0.0,0.0,0.0,0.0,0.0,0.0,0.0,0.0,0.0,0.0,0.0,0.0,0.0,0.0,0.0,0.0,0.0,0.0,0.0,0.0,0.0,0.0,0.0,0.0,0.0,0.0,0.0,0.0,0.0,2.4121888811351475,2.4121888811351475,0.0,0.0,0.0
2022-07-01,0.0,0.0,30.0,1.0,4.187361195235211,0.0,0.0,0.0,0.0,0.0,0.0,5.0,0.0,0.0,0.0,0.0,6.0,0.0,0.0,0.0,1.0,0.0,1.0,0.0,0.0,0.0,0.0,0.0,0.0,0.0,6.025566531086578,9.038349796629866,1.0,0.0,0.0,0.0,0.0,0.0,40.5078125,0.0,9.990366088631985,0.0,0.0,0.0,0.0,0.0,0.0,21.070098205215036,0.0,0.0,0.0,0.0,0.0,0.0,0.0,0.0,8.110010427528676,0.0,0.0,0.0,0.0,0.0,0.0,0.0,0.0,0.0,13.423948220064725,26.84789644012945,0.0,0.0,0.0,0.0,0.0,0.0,123.19049639372084,0.0,23.621867881548976,0.0,0.0,0.0,0.0,0.0,0.0,21.464054091348146,0.0,0.0,0.0,0.0,0.0,0.0,0.0,0.0,0.0,0.0,0.0,0.0,0.0,0.0,0.0,0.0,0.0,0.0,0.0,0.0,82.67653758542141,23.621867881548976,0.0,0.0,0.0,0.0,0.0,0.0,0.0,0.0,0.0,12.492303573818766,0.0,0.0,0.0,0.0,0.0,0.0,0.0,0.0,0.0,0.0,0.0,0.0,0.0,0.0,0.0,0.0,9.71623611297015,0.0,0.0,0.0,0.0,0.0,0.0,0.0,0.0,13.880337304243074,0.0,0.0,0.0,0.0,0.0,0.0,0.0,0.0,0.0,0.0,0.0,0.0,0.0,0.0,41.39720558882235,62.09580838323353,20.698602794411176,0.0,0.0,0.0,0.0,7.352002835873804,1.838000708968451,0.0,1.838000708968451,0.0,0.0,0.0,0.0,0.0,0.0,0.0,0.0,0.0,0.0,0.0,0.0,0.0,0.0,1.838000708968451,9.190003544842254,0.0,0.0,0.0,0.0,0.0,14.719659332860184,0.0,2.4532765554766973,0.0,0.0,0.0,0.0,0.0,0.0,9.81310622190679,0.0,0.0,0.0,0.0,0.0,0.0,0.0,0.0,4.906553110953395,12.266382777383487,0.0,0.0,0.0,0.0,0.0,0.0,0.0,19.29751104908118,0.0,0.0,0.0,0.0,0.0,0.0,0.0,0.0,0.0,0.0,0.0,0.0,0.0,0.0,0.0,0.0,0.0,0.0,0.0,0.0,0.0,0.0,0.0,0.0,0.0,0.0,0.0,0.0,0.0,0.0,0.0,0.0,0.0,0.0,0.0,0.0,2.4121888811351475,4.824377762270295,2.4121888811351475,0.0,0.0,0.0
2022-08-01,0.0,0.0,23.0,1.0,4.187361195235211,0.0,0.0,0.0,0.0,0.0,1.0,6.0,0.0,0.0,0.0,0.0,4.0,0.0,0.0,1.0,6.0,0.0,1.0,0.0,0.0,0.0,0.0,0.0,0.0,0.0,9.038349796629866,9.038349796629866,1.0,0.0,0.0,0.0,0.0,0.0,66.09169407894737,0.0,9.990366088631985,0.0,0.0,0.0,0.0,0.0,0.0,22.82593972231629,0.0,0.0,0.0,0.0,12.122747199220655,0.0,0.0,0.0,18.923357664233578,0.0,0.0,0.0,0.0,0.0,0.0,0.0,20.135922330097088,0.0,20.135922330097088,26.84789644012945,0.0,0.0,0.0,0.0,0.0,0.0,127.59015697921086,0.0,23.621867881548976,0.0,0.0,0.0,0.0,0.0,0.0,34.34248654615703,0.0,0.0,0.0,0.0,0.0,0.0,0.0,0.0,30.53674206933476,0.0,0.0,9.71623611297015,0.0,0.0,0.0,0.0,0.0,0.0,0.0,0.0,47.24373576309795,23.621867881548976,0.0,0.0,0.0,0.0,0.0,0.0,0.0,0.0,0.0,0.0,0.0,0.0,0.0,0.0,0.0,0.0,0.0,0.0,0.0,0.0,0.0,0.0,0.0,0.0,0.0,0.0,23.596573417213225,0.0,0.0,0.0,0.0,0.0,0.0,0.0,0.0,15.26837103466738,0.0,0.0,0.0,0.0,0.0,0.0,0.0,0.0,0.0,0.0,0.0,0.0,0.0,0.0,41.39720558882235,82.7944111776447,20.698602794411176,0.0,0.0,0.0,0.0,7.352002835873804,1.838000708968451,0.0,1.838000708968451,0.0,0.0,0.0,0.0,0.0,0.0,0.0,0.0,0.0,0.0,0.0,1.838000708968451,5.5140021269053525,0.0,1.838000708968451,14.704005671747607,0.0,1.838000708968451,0.0,0.0,0.0,12.266382777383487,0.0,0.0,0.0,0.0,0.0,0.0,0.0,0.0,7.359829666430092,0.0,0.0,0.0,0.0,0.0,0.0,0.0,0.0,2.4532765554766973,14.719659332860184,0.0,0.0,0.0,0.0,0.0,0.0,0.0,26.534077692486623,0.0,0.0,0.0,0.0,0.0,0.0,0.0,0.0,0.0,0.0,0.0,0.0,0.0,0.0,0.0,0.0,0.0,0.0,0.0,0.0,0.0,0.0,0.0,0.0,0.0,0.0,0.0,0.0,0.0,0.0,0.0,0.0,0.0,0.0,0.0,0.0,2.4121888811351475,7.2365666434054425,2.4121888811351475,0.0,0.0,0.0
2022-09-01,0.0,0.0,11.0,0.0,4.187361195235211,0.0,0.0,0.0,0.0,0.0,0.0,6.0,0.0,0.0,0.0,0.0,2.0,0.0,0.0,0.0,1.0,0.0,1.0,0.0,0.0,0.0,0.0,0.0,0.0,0.0,6.025566531086578,9.038349796629866,1.0,0.0,0.0,0.0,0.0,0.0,27.715871710526315,0.0,9.990366088631985,0.0,0.0,0.0,0.0,0.0,0.0,17.55841517101253,0.0,0.0,0.0,0.0,6.061373599610327,0.0,0.0,0.0,5.406673618352451,0.0,0.0,0.0,0.0,0.0,0.0,0.0,0.0,0.0,13.423948220064725,26.84789644012945,0.0,0.0,0.0,0.0,0.0,0.0,48.39626644039033,0.0,23.621867881548976,0.0,0.0,0.0,0.0,0.0,0.0,18.602180212501725,0.0,0.0,0.0,0.0,0.0,0.0,0.0,0.0,12.492303573818766,0.0,0.0,0.0,0.0,0.0,0.0,0.0,0.0,0.0,0.0,0.0,23.621867881548976,23.621867881548976,0.0,0.0,0.0,0.0,0.0,0.0,0.0,0.0,0.0,0.0,0.0,0.0,0.0,0.0,0.0,0.0,0.0,0.0,0.0,0.0,0.0,0.0,0.0,0.0,0.0,0.0,0.0,0.0,0.0,0.0,0.0,0.0,0.0,0.0,0.0,0.0,0.0,0.0,0.0,0.0,0.0,0.0,0.0,0.0,0.0,0.0,0.0,0.0,0.0,0.0,41.39720558882235,62.09580838323353,0.0,0.0,0.0,0.0,0.0,5.5140021269053525,0.0,0.0,0.0,0.0,0.0,0.0,0.0,0.0,0.0,0.0,0.0,0.0,0.0,0.0,0.0,0.0,0.0,1.838000708968451,11.028004253810705,0.0,0.0,0.0,0.0,0.0,9.81310622190679,0.0,0.0,0.0,0.0,0.0,0.0,0.0,0.0,24.532765554766975,0.0,0.0,0.0,0.0,0.0,0.0,0.0,0.0,2.4532765554766973,24.532765554766975,0.0,0.0,0.0,0.0,0.0,0.0,0.0,16.885322167946033,0.0,0.0,0.0,0.0,0.0,0.0,0.0,0.0,0.0,0.0,0.0,0.0,0.0,0.0,0.0,0.0,0.0,0.0,0.0,0.0,0.0,0.0,0.0,0.0,0.0,0.0,0.0,0.0,0.0,0.0,0.0,0.0,0.0,0.0,0.0,0.0,2.4121888811351475,16.885322167946033,2.4121888811351475,0.0,0.0,0.0
2022-10-01,0.0,0.0,8.0,0.0,4.187361195235211,0.0,0.0,0.0,0.0,0.0,0.0,6.0,0.0,0.0,0.0,0.0,1.0,0.0,0.0,0.0,1.0,0.0,0.0,0.0,0.0,0.0,0.0,0.0,0.0,0.0,9.038349796629866,9.038349796629866,1.0,0.0,0.0,0.0,0.0,0.0,14.923930921052632,0.0,9.990366088631985,0.0,0.0,0.0,0.0,0.0,0.0,12.29089061970877,0.0,0.0,0.0,0.0,0.0,0.0,0.0,0.0,0.0,0.0,0.0,0.0,0.0,0.0,0.0,0.0,0.0,0.0,20.135922330097088,26.84789644012945,0.0,0.0,0.0,0.0,0.0,0.0,65.99490878235045,0.0,23.621867881548976,0.0,0.0,0.0,0.0,0.0,0.0,27.187801849040984,0.0,0.0,0.0,0.0,0.0,0.0,0.0,0.0,0.0,0.0,0.0,0.0,0.0,0.0,0.0,0.0,0.0,0.0,0.0,0.0,11.810933940774488,23.621867881548976,0.0,0.0,0.0,0.0,0.0,0.0,0.0,0.0,0.0,0.0,0.0,0.0,0.0,0.0,0.0,0.0,0.0,0.0,0.0,0.0,0.0,0.0,0.0,0.0,0.0,0.0,0.0,0.0,0.0,0.0,0.0,0.0,0.0,0.0,0.0,0.0,0.0,0.0,0.0,0.0,0.0,0.0,0.0,0.0,0.0,0.0,0.0,0.0,0.0,0.0,62.09580838323353,82.7944111776447,0.0,0.0,0.0,0.0,0.0,3.676001417936902,0.0,0.0,5.5140021269053525,0.0,0.0,0.0,0.0,0.0,0.0,0.0,0.0,0.0,0.0,0.0,0.0,0.0,0.0,1.838000708968451,16.542006380716057,0.0,0.0,0.0,0.0,0.0,9.81310622190679,0.0,0.0,0.0,0.0,0.0,0.0,0.0,0.0,4.906553110953395,0.0,0.0,0.0,0.0,0.0,0.0,0.0,0.0,2.4532765554766973,9.81310622190679,0.0,0.0,0.0,0.0,0.0,0.0,0.0,7.2365666434054425,0.0,0.0,0.0,0.0,0.0,0.0,0.0,0.0,0.0,0.0,0.0,0.0,0.0,0.0,0.0,0.0,0.0,0.0,0.0,0.0,0.0,0.0,0.0,0.0,0.0,0.0,0.0,0.0,0.0,0.0,0.0,0.0,0.0,0.0,0.0,0.0,2.4121888811351475,4.824377762270295,2.4121888811351475,0.0,0.0,0.0
2022-11-01,0.0,0.0,8.0,0.0,4.187361195235211,0.0,0.0,0.0,0.0,0.0,0.0,6.0,0.0,0.0,0.0,0.0,3.0,0.0,0.0,1.0,3.0,0.0,0.0,0.0,0.0,0.0,0.0,0.0,0.0,0.0,6.025566531086578,9.038349796629866,1.0,0.0,0.0,0.0,0.0,0.0,6.3959703947368425,0.0,0.0,0.0,0.0,0.0,0.0,7.023366068405012,0.0,19.314256688113783,0.0,0.0,0.0,0.0,0.0,0.0,0.0,0.0,0.0,0.0,0.0,0.0,0.0,0.0,0.0,0.0,0.0,0.0,20.135922330097088,26.84789644012945,0.0,0.0,0.0,0.0,0.0,0.0,17.59864234196012,0.0,11.810933940774488,0.0,0.0,0.0,0.0,0.0,0.0,15.740306333655306,0.0,0.0,0.0,0.0,0.0,0.0,0.0,0.0,0.0,0.0,0.0,0.0,0.0,0.0,0.0,0.0,0.0,0.0,0.0,0.0,0.0,11.810933940774488,0.0,0.0,0.0,0.0,0.0,0.0,0.0,0.0,0.0,0.0,0.0,0.0,0.0,0.0,0.0,0.0,0.0,0.0,0.0,0.0,0.0,0.0,0.0,0.0,0.0,0.0,0.0,0.0,0.0,0.0,0.0,0.0,0.0,0.0,0.0,0.0,0.0,0.0,0.0,0.0,0.0,0.0,0.0,0.0,0.0,0.0,0.0,0.0,0.0,0.0,41.39720558882235,62.09580838323353,0.0,0.0,0.0,0.0,0.0,1.838000708968451,0.0,0.0,0.0,0.0,0.0,0.0,0.0,0.0,0.0,0.0,0.0,0.0,0.0,0.0,0.0,0.0,0.0,1.838000708968451,1.838000708968451,0.0,0.0,0.0,0.0,0.0,4.906553110953395,0.0,0.0,0.0,0.0,0.0,0.0,0.0,0.0,7.359829666430092,0.0,0.0,0.0,0.0,0.0,0.0,0.0,0.0,2.4532765554766973,7.359829666430092,0.0,0.0,0.0,0.0,0.0,0.0,0.0,2.4121888811351475,0.0,0.0,0.0,0.0,0.0,0.0,0.0,0.0,0.0,0.0,0.0,0.0,0.0,0.0,0.0,0.0,0.0,0.0,0.0,0.0,0.0,0.0,0.0,0.0,0.0,0.0,0.0,0.0,0.0,0.0,0.0,0.0,0.0,0.0,0.0,0.0,2.4121888811351475,2.4121888811351475,0.0,0.0,0.0,0.0
2022-12-01,0.0,0.0,2.0,0.0,4.187361195235211,0.0,0.0,0.0,0.0,0.0,0.0,5.0,0.0,0.0,0.0,0.0,0.0,0.0,0.0,0.0,1.0,0.0,0.0,0.0,0.0,0.0,0.0,0.0,0.0,0.0,6.025566531086578,6.025566531086578,1.0,0.0,0.0,0.0,0.0,0.0,4.263980263157895,0.0,9.990366088631985,0.0,0.0,0.0,0.0,0.0,0.0,8.779207585506265,0.0,0.0,0.0,0.0,0.0,0.0,0.0,0.0,0.0,0.0,0.0,0.0,0.0,0.0,0.0,0.0,0.0,0.0,20.135922330097088,20.135922330097088,0.0,0.0,0.0,0.0,0.0,0.0,0.0,0.0,23.621867881548976,0.0,0.0,0.0,0.0,0.0,0.0,18.602180212501725,0.0,0.0,0.0,0.0,0.0,0.0,0.0,0.0,0.0,0.0,0.0,0.0,0.0,0.0,0.0,0.0,0.0,0.0,0.0,0.0,0.0,23.621867881548976,0.0,0.0,0.0,0.0,0.0,0.0,0.0,0.0,0.0,0.0,0.0,0.0,0.0,0.0,0.0,0.0,0.0,0.0,0.0,0.0,0.0,0.0,0.0,0.0,0.0,0.0,0.0,0.0,0.0,0.0,0.0,0.0,0.0,0.0,0.0,0.0,0.0,8.328202382545843,0.0,0.0,0.0,0.0,0.0,0.0,0.0,0.0,0.0,0.0,0.0,0.0,41.39720558882235,41.39720558882235,0.0,0.0,0.0,0.0,0.0,0.0,0.0,0.0,0.0,0.0,0.0,0.0,0.0,0.0,0.0,0.0,0.0,0.0,0.0,0.0,0.0,0.0,0.0,1.838000708968451,1.838000708968451,0.0,0.0,0.0,0.0,0.0,2.4532765554766973,0.0,0.0,0.0,0.0,0.0,0.0,0.0,0.0,7.359829666430092,0.0,0.0,0.0,0.0,0.0,0.0,0.0,0.0,2.4532765554766973,7.359829666430092,0.0,0.0,0.0,0.0,0.0,0.0,0.0,0.0,0.0,0.0,0.0,0.0,0.0,0.0,0.0,0.0,0.0,0.0,0.0,0.0,0.0,0.0,0.0,0.0,0.0,0.0,0.0,0.0,0.0,0.0,0.0,0.0,0.0,0.0,0.0,0.0,0.0,0.0,0.0,0.0,0.0,0.0,0.0,0.0,0.0,2.4121888811351475,0.0,0.0,0.0,0.0
2023-01-01,0.0,0.0,2.0,0.0,4.187361195235211,0.0,0.0,0.0,0.0,0.0,0.0,6.0,0.0,0.0,0.0,0.0,0.0,0.0,0.0,0.0,1.0,0.0,0.0,0.0,0.0,0.0,0.0,0.0,0.0,0.0,9.038349796629866,9.038349796629866,1.0,0.0,0.0,0.0,0.0,0.0,0.0,0.0,9.990366088631985,0.0,0.0,0.0,0.0,0.0,0.0,17.55841517101253,0.0,0.0,0.0,0.0,0.0,0.0,0.0,0.0,0.0,0.0,0.0,0.0,0.0,0.0,0.0,0.0,0.0,0.0,26.84789644012945,33.55987055016181,0.0,0.0,0.0,0.0,0.0,0.0,8.79932117098006,0.0,35.43280182232346,0.0,0.0,0.0,0.0,0.0,0.0,20.033117151924934,0.0,0.0,0.0,0.0,0.0,0.0,0.0,0.0,0.0,0.0,0.0,0.0,0.0,0.0,0.0,0.0,0.0,0.0,0.0,0.0,0.0,35.43280182232346,0.0,0.0,0.0,0.0,0.0,0.0,0.0,0.0,0.0,0.0,0.0,0.0,0.0,0.0,0.0,0.0,0.0,0.0,0.0,0.0,0.0,0.0,0.0,0.0,0.0,0.0,0.0,0.0,0.0,0.0,0.0,0.0,0.0,0.0,0.0,0.0,0.0,0.0,0.0,0.0,0.0,0.0,0.0,0.0,0.0,0.0,0.0,0.0,0.0,0.0,62.09580838323353,62.09580838323353,0.0,0.0,0.0,0.0,0.0,0.0,0.0,0.0,0.0,0.0,0.0,0.0,0.0,0.0,0.0,0.0,0.0,0.0,0.0,0.0,0.0,0.0,0.0,1.838000708968451,1.838000708968451,0.0,0.0,0.0,0.0,0.0,2.4532765554766973,0.0,0.0,0.0,0.0,0.0,0.0,0.0,0.0,9.81310622190679,0.0,0.0,0.0,0.0,0.0,0.0,0.0,0.0,2.4532765554766973,7.359829666430092,2.4532765554766973,0.0,0.0,0.0,0.0,0.0,0.0,2.4121888811351475,0.0,0.0,0.0,0.0,0.0,0.0,0.0,0.0,0.0,0.0,0.0,0.0,0.0,0.0,0.0,0.0,0.0,0.0,0.0,0.0,0.0,0.0,0.0,0.0,0.0,0.0,0.0,0.0,0.0,0.0,0.0,0.0,0.0,0.0,0.0,0.0,2.4121888811351475,2.4121888811351475,2.4121888811351475,0.0,0.0,0.0
2023-02-01,0.0,0.0,2.0,0.0,4.187361195235211,0.0,0.0,0.0,0.0,0.0,0.0,6.0,0.0,0.0,0.0,0.0,0.0,0.0,0.0,0.0,1.0,0.0,0.0,0.0,0.0,0.0,0.0,0.0,0.0,0.0,6.025566531086578,9.038349796629866,1.0,0.0,0.0,0.0,0.0,0.0,0.0,0.0,9.990366088631985,0.0,0.0,0.0,0.0,0.0,0.0,19.314256688113783,0.0,0.0,0.0,0.0,0.0,0.0,0.0,0.0,0.0,0.0,0.0,0.0,0.0,0.0,0.0,0.0,0.0,0.0,20.135922330097088,26.84789644012945,0.0,0.0,0.0,0.0,0.0,0.0,0.0,0.0,11.810933940774488,0.0,0.0,0.0,0.0,0.0,0.0,24.325927970194563,0.0,0.0,0.0,0.0,0.0,0.0,0.0,0.0,0.0,0.0,0.0,0.0,0.0,0.0,0.0,0.0,0.0,0.0,0.0,0.0,0.0,11.810933940774488,0.0,0.0,0.0,0.0,0.0,0.0,0.0,0.0,0.0,0.0,0.0,0.0,0.0,0.0,0.0,0.0,0.0,0.0,0.0,0.0,0.0,0.0,0.0,0.0,0.0,0.0,0.0,0.0,0.0,0.0,0.0,0.0,0.0,0.0,0.0,0.0,0.0,0.0,0.0,0.0,11.104269843394459,0.0,0.0,0.0,0.0,0.0,0.0,0.0,0.0,0.0,41.39720558882235,62.09580838323353,20.698602794411176,0.0,0.0,0.0,0.0,0.0,0.0,0.0,0.0,0.0,0.0,0.0,0.0,0.0,0.0,0.0,0.0,0.0,0.0,0.0,0.0,0.0,0.0,0.0,3.676001417936902,0.0,0.0,0.0,0.0,0.0,2.4532765554766973,0.0,0.0,0.0,0.0,0.0,0.0,0.0,0.0,12.266382777383487,0.0,0.0,0.0,0.0,0.0,0.0,0.0,0.0,2.4532765554766973,9.81310622190679,2.4532765554766973,0.0,0.0,0.0,0.0,0.0,0.0,2.4121888811351475,0.0,0.0,0.0,0.0,0.0,0.0,0.0,0.0,0.0,0.0,0.0,0.0,0.0,0.0,0.0,0.0,0.0,0.0,0.0,0.0,0.0,0.0,0.0,0.0,0.0,0.0,0.0,0.0,0.0,0.0,0.0,0.0,0.0,0.0,0.0,0.0,2.4121888811351475,2.4121888811351475,0.0,0.0,0.0,0.0
2023-03-01,0.0,0.0,3.0,0.0,4.187361195235211,0.0,0.0,0.0,0.0,0.0,0.0,7.0,0.0,0.0,0.0,0.0,0.0,0.0,0.0,0.0,1.0,0.0,0.0,0.0,0.0,0.0,0.0,0.0,0.0,0.0,9.038349796629866,9.038349796629866,1.0,0.0,0.0,0.0,0.0,0.0,6.3959703947368425,0.0,9.990366088631985,0.0,0.0,0.0,0.0,0.0,0.0,17.55841517101253,0.0,0.0,0.0,0.0,0.0,0.0,0.0,0.0,0.0,0.0,0.0,0.0,0.0,0.0,0.0,0.0,0.0,0.0,26.84789644012945,33.55987055016181,0.0,0.0,0.0,0.0,0.0,0.0,13.19898175647009,0.0,23.621867881548976,0.0,0.0,0.0,0.0,0.0,0.0,24.325927970194563,0.0,0.0,0.0,0.0,0.0,0.0,0.0,0.0,0.0,0.0,0.0,0.0,0.0,0.0,0.0,0.0,0.0,0.0,0.0,0.0,0.0,23.621867881548976,0.0,0.0,0.0,0.0,0.0,0.0,0.0,0.0,0.0,0.0,0.0,0.0,0.0,0.0,0.0,0.0,0.0,0.0,0.0,0.0,0.0,0.0,0.0,0.0,0.0,0.0,0.0,0.0,0.0,0.0,0.0,0.0,0.0,0.0,0.0,0.0,0.0,0.0,0.0,0.0,0.0,0.0,0.0,0.0,0.0,0.0,0.0,0.0,0.0,0.0,41.39720558882235,62.09580838323353,20.698602794411176,0.0,0.0,0.0,0.0,1.838000708968451,0.0,0.0,0.0,0.0,0.0,0.0,0.0,0.0,0.0,0.0,0.0,0.0,0.0,0.0,0.0,0.0,0.0,1.838000708968451,3.676001417936902,0.0,0.0,0.0,0.0,0.0,2.4532765554766973,0.0,2.4532765554766973,0.0,0.0,0.0,0.0,0.0,0.0,7.359829666430092,0.0,0.0,0.0,0.0,0.0,0.0,0.0,0.0,4.906553110953395,14.719659332860184,4.906553110953395,0.0,0.0,0.0,0.0,0.0,0.0,2.4121888811351475,0.0,0.0,0.0,0.0,0.0,0.0,0.0,0.0,0.0,0.0,0.0,0.0,0.0,0.0,0.0,0.0,0.0,0.0,0.0,0.0,0.0,0.0,0.0,0.0,0.0,0.0,0.0,0.0,0.0,0.0,0.0,0.0,0.0,0.0,0.0,0.0,2.4121888811351475,2.4121888811351475,0.0,0.0,0.0,0.0
2023-04-01,0.0,0.0,19.0,0.0,4.187361195235211,0.0,0.0,0.0,0.0,0.0,0.0,8.0,0.0,0.0,0.0,0.0,4.0,0.0,0.0,0.0,1.0,0.0,0.0,0.0,0.0,0.0,0.0,0.0,0.0,0.0,9.038349796629866,12.051133062173156,1.0,0.0,0.0,0.0,0.0,0.0,10.659950657894736,0.0,9.990366088631985,0.0,0.0,0.0,0.0,0.0,0.0,19.314256688113783,0.0,0.0,0.0,0.0,0.0,0.0,0.0,0.0,0.0,0.0,0.0,0.0,0.0,0.0,0.0,0.0,0.0,0.0,20.135922330097088,26.84789644012945,0.0,0.0,0.0,0.0,0.0,0.0,79.19389053882054,0.0,23.621867881548976,0.0,0.0,0.0,0.0,0.0,0.0,21.464054091348146,0.0,0.0,0.0,0.0,0.0,0.0,0.0,0.0,0.0,0.0,0.0,0.0,0.0,0.0,0.0,0.0,0.0,0.0,0.0,0.0,11.810933940774488,23.621867881548976,0.0,0.0,0.0,0.0,0.0,0.0,0.0,0.0,0.0,0.0,0.0,0.0,0.0,0.0,0.0,0.0,0.0,0.0,0.0,0.0,0.0,0.0,0.0,0.0,0.0,0.0,0.0,0.0,0.0,0.0,0.0,0.0,0.0,0.0,0.0,0.0,0.0,0.0,0.0,0.0,0.0,0.0,0.0,0.0,0.0,0.0,0.0,0.0,0.0,0.0,41.39720558882235,82.7944111776447,20.698602794411176,0.0,0.0,0.0,0.0,1.838000708968451,0.0,0.0,0.0,0.0,0.0,0.0,0.0,0.0,0.0,0.0,0.0,0.0,0.0,0.0,0.0,0.0,0.0,1.838000708968451,11.028004253810705,0.0,0.0,0.0,0.0,0.0,4.906553110953395,0.0,0.0,0.0,0.0,0.0,0.0,0.0,0.0,9.81310622190679,0.0,0.0,0.0,0.0,0.0,0.0,0.0,0.0,4.906553110953395,12.266382777383487,2.4532765554766973,0.0,0.0,0.0,0.0,0.0,0.0,4.824377762270295,0.0,0.0,0.0,0.0,0.0,0.0,0.0,0.0,0.0,0.0,0.0,0.0,0.0,0.0,0.0,0.0,0.0,0.0,0.0,0.0,0.0,0.0,0.0,0.0,0.0,0.0,0.0,0.0,0.0,0.0,0.0,0.0,0.0,0.0,0.0,0.0,2.4121888811351475,4.824377762270295,2.4121888811351475,0.0,0.0,0.0
2023-05-01,0.0,0.0,33.0,1.0,4.187361195235211,0.0,0.0,0.0,0.0,0.0,0.0,9.0,0.0,0.0,0.0,0.0,6.0,0.0,0.0,4.0,11.0,0.0,3.0,0.0,0.0,0.0,0.0,0.0,0.0,0.0,9.038349796629866,12.051133062173156,1.0,0.0,0.0,0.0,0.0,0.0,72.4876644736842,0.0,9.990366088631985,0.0,0.0,0.0,0.0,0.0,0.0,22.82593972231629,0.0,0.0,0.0,0.0,9.092060399415491,0.0,0.0,0.0,16.220020855057353,0.0,0.0,0.0,0.0,0.0,0.0,0.0,0.0,0.0,20.135922330097088,33.55987055016181,7.5144927536231885,0.0,0.0,0.0,0.0,0.0,105.59185405176072,0.0,23.621867881548976,0.0,0.0,0.0,0.0,0.0,0.0,31.480612667310613,0.0,0.0,0.0,0.0,0.0,0.0,0.0,0.0,0.0,0.0,0.0,0.0,0.0,0.0,0.0,0.0,0.0,0.0,0.0,0.0,82.67653758542141,23.621867881548976,0.0,0.0,0.0,0.0,0.0,0.0,0.0,0.0,0.0,0.0,0.0,0.0,0.0,0.0,0.0,0.0,0.0,0.0,0.0,0.0,0.0,0.0,0.0,0.0,0.0,0.0,0.0,0.0,0.0,0.0,0.0,0.0,0.0,0.0,0.0,8.328202382545843,0.0,0.0,0.0,0.0,0.0,0.0,0.0,0.0,0.0,0.0,0.0,0.0,0.0,0.0,41.39720558882235,82.7944111776447,20.698602794411176,0.0,0.0,0.0,0.0,3.676001417936902,0.0,0.0,0.0,0.0,0.0,0.0,0.0,0.0,0.0,0.0,0.0,0.0,0.0,0.0,0.0,0.0,0.0,1.838000708968451,5.5140021269053525,0.0,0.0,0.0,0.0,0.0,4.906553110953395,0.0,0.0,0.0,0.0,0.0,0.0,0.0,0.0,12.266382777383487,0.0,0.0,0.0,0.0,0.0,0.0,0.0,0.0,2.4532765554766973,12.266382777383487,2.4532765554766973,0.0,0.0,0.0,0.0,0.0,0.0,16.885322167946033,0.0,0.0,0.0,0.0,0.0,0.0,0.0,0.0,0.0,0.0,0.0,0.0,0.0,0.0,0.0,0.0,0.0,0.0,0.0,0.0,0.0,0.0,0.0,0.0,0.0,0.0,0.0,0.0,0.0,0.0,0.0,0.0,0.0,0.0,0.0,0.0,2.4121888811351475,4.824377762270295,2.4121888811351475,0.0,0.0,0.0
2023-06-01,0.0,0.0,40.0,1.0,4.187361195235211,0.0,0.0,0.0,0.0,1.0,1.0,11.0,0.0,1.0,0.0,0.0,4.0,0.0,0.0,1.0,3.0,0.0,1.0,0.0,0.0,0.0,0.0,0.0,0.0,0.0,9.038349796629866,18.076699593259733,2.0,0.0,0.0,0.0,0.0,0.0,132.18338815789474,0.0,19.98073217726397,0.0,0.0,0.0,5.267524551303759,0.0,5.267524551303759,31.605147307822552,0.0,0.0,0.0,0.0,11.112518265952266,0.0,0.0,0.0,5.406673618352451,0.0,0.0,0.0,0.0,0.0,0.0,0.0,0.0,0.0,26.84789644012945,46.983818770226534,9.017391304347827,0.0,0.0,0.0,0.0,0.0,171.58676283411117,0.0,23.621867881548976,0.0,0.0,0.0,0.0,0.0,0.0,40.06623430384987,0.0,0.0,0.0,0.0,0.0,0.0,0.0,0.0,0.0,0.0,0.0,0.0,0.0,0.0,0.0,0.0,0.0,0.0,0.0,0.0,94.4874715261959,23.621867881548976,0.0,0.0,0.0,0.0,0.0,0.0,0.0,0.0,0.0,0.0,0.0,0.0,0.0,0.0,9.71623611297015,0.0,0.0,0.0,0.0,0.0,0.0,0.0,0.0,0.0,0.0,0.0,9.71623611297015,0.0,0.0,0.0,0.0,0.0,0.0,0.0,0.0,11.104269843394459,0.0,0.0,0.0,0.0,0.0,0.0,0.0,0.0,0.0,0.0,0.0,0.0,0.0,0.0,62.09580838323353,103.49301397205588,20.698602794411176,0.0,0.0,0.0,0.0,7.352002835873804,0.0,0.0,1.838000708968451,0.0,0.0,0.0,0.0,0.0,0.0,0.0,0.0,0.0,0.0,0.0,0.0,0.0,0.0,1.838000708968451,7.352002835873804,1.838000708968451,0.0,0.0,0.0,0.0,19.62621244381358,0.0,0.0,0.0,0.0,0.0,0.0,0.0,0.0,49.06553110953395,0.0,0.0,0.0,0.0,0.0,0.0,0.0,0.0,4.906553110953395,14.719659332860184,2.4532765554766973,0.0,0.0,0.0,0.0,0.0,0.0,24.121888811351475,0.0,0.0,0.0,0.0,0.0,0.0,0.0,0.0,0.0,0.0,0.0,0.0,0.0,0.0,0.0,0.0,0.0,0.0,0.0,0.0,0.0,0.0,0.0,0.0,0.0,0.0,0.0,0.0,0.0,0.0,0.0,0.0,0.0,0.0,0.0,0.0,2.4121888811351475,4.824377762270295,2.4121888811351475,0.0,0.0,0.0
2023-07-01,0.0,0.0,29.0,0.0,4.187361195235211,0.0,0.0,0.0,0.0,1.0,1.0,14.0,0.0,0.0,0.0,0.0,3.0,0.0,0.0,1.0,4.0,0.0,1.0,0.0,0.0,0.0,0.0,0.0,0.0,0.0,9.038349796629866,24.10226612434631,1.0,0.0,0.0,0.0,0.0,0.0,89.5435855263158,0.0,9.990366088631985,0.0,0.0,0.0,0.0,0.0,0.0,35.11683034202506,0.0,0.0,0.0,0.0,9.092060399415491,0.0,0.0,0.0,0.0,0.0,0.0,0.0,0.0,0.0,0.0,0.0,6.711974110032362,0.0,26.84789644012945,53.6957928802589,0.0,0.0,0.0,0.0,0.0,0.0,180.38608400509122,0.0,23.621867881548976,0.0,0.0,0.0,0.0,0.0,0.0,50.08279287981234,0.0,0.0,0.0,0.0,13.880337304243074,0.0,0.0,0.0,0.0,0.0,0.0,0.0,0.0,0.0,0.0,0.0,0.0,0.0,0.0,0.0,70.86560364464692,23.621867881548976,0.0,0.0,0.0,0.0,0.0,0.0,0.0,0.0,0.0,0.0,0.0,0.0,0.0,0.0,0.0,0.0,0.0,0.0,0.0,0.0,0.0,0.0,0.0,0.0,0.0,0.0,0.0,0.0,0.0,0.0,0.0,0.0,0.0,0.0,0.0,15.26837103466738,0.0,0.0,0.0,0.0,0.0,0.0,0.0,0.0,0.0,0.0,0.0,0.0,0.0,0.0,41.39720558882235,124.19161676646706,20.698602794411176,0.0,0.0,0.0,0.0,7.352002835873804,1.838000708968451,0.0,1.838000708968451,0.0,0.0,0.0,0.0,0.0,0.0,0.0,0.0,0.0,0.0,0.0,0.0,0.0,0.0,1.838000708968451,11.028004253810705,1.838000708968451,0.0,0.0,0.0,0.0,19.62621244381358,0.0,0.0,0.0,0.0,0.0,0.0,0.0,0.0,7.359829666430092,0.0,0.0,0.0,0.0,0.0,0.0,0.0,0.0,4.906553110953395,12.266382777383487,0.0,0.0,0.0,0.0,0.0,0.0,0.0,33.770644335892065,0.0,0.0,0.0,0.0,0.0,0.0,0.0,0.0,0.0,0.0,0.0,0.0,0.0,0.0,0.0,0.0,0.0,0.0,0.0,0.0,0.0,0.0,0.0,0.0,0.0,0.0,0.0,0.0,0.0,0.0,0.0,0.0,0.0,0.0,0.0,0.0,2.4121888811351475,12.060944405675738,2.4121888811351475,0.0,0.0,0.0
2023-08-01,0.0,0.0,56.0,1.0,4.187361195235211,0.0,0.0,0.0,0.0,1.0,1.0,17.0,0.0,0.0,0.0,0.0,7.0,0.0,0.0,0.0,2.0,0.0,1.0,0.0,0.0,0.0,0.0,0.0,0.0,0.0,9.038349796629866,24.10226612434631,2.0,0.0,0.0,0.0,0.0,0.0,91.67557565789474,0.0,9.990366088631985,0.0,0.0,0.0,0.0,0.0,0.0,63.210294615645104,0.0,0.0,0.0,0.0,12.122747199220655,0.0,0.0,0.0,5.406673618352451,0.0,0.0,0.0,0.0,0.0,0.0,0.0,0.0,0.0,20.135922330097088,80.54368932038835,0.0,0.0,0.0,0.0,0.0,0.0,145.188799321171,0.0,23.621867881548976,0.0,0.0,0.0,0.0,0.0,0.0,67.25403615289085,0.0,0.0,0.0,0.0,0.0,0.0,0.0,0.0,0.0,0.0,0.0,0.0,0.0,0.0,0.0,0.0,0.0,0.0,0.0,0.0,70.86560364464692,23.621867881548976,0.0,0.0,0.0,0.0,0.0,0.0,0.0,0.0,0.0,0.0,0.0,0.0,0.0,0.0,0.0,0.0,0.0,0.0,0.0,0.0,0.0,0.0,0.0,0.0,0.0,0.0,12.492303573818766,0.0,0.0,0.0,0.0,0.0,0.0,0.0,0.0,0.0,0.0,0.0,0.0,0.0,0.0,0.0,0.0,0.0,0.0,0.0,0.0,0.0,0.0,0.0,62.09580838323353,165.5888223552894,20.698602794411176,0.0,0.0,9.667066187241977,0.0,7.352002835873804,0.0,0.0,7.352002835873804,0.0,0.0,0.0,0.0,0.0,0.0,0.0,0.0,0.0,0.0,0.0,0.0,0.0,0.0,1.838000708968451,36.760014179369016,0.0,0.0,0.0,0.0,0.0,26.98604211024367,0.0,0.0,0.0,0.0,0.0,0.0,0.0,0.0,7.359829666430092,0.0,0.0,0.0,0.0,0.0,0.0,0.0,0.0,4.906553110953395,12.266382777383487,2.4532765554766973,0.0,0.0,0.0,0.0,0.0,0.0,45.8315887415678,0.0,0.0,0.0,0.0,0.0,0.0,0.0,0.0,0.0,0.0,0.0,0.0,0.0,0.0,0.0,0.0,0.0,0.0,0.0,0.0,0.0,0.0,0.0,0.0,0.0,0.0,7.2365666434054425,0.0,0.0,0.0,0.0,0.0,0.0,0.0,0.0,0.0,2.4121888811351475,16.885322167946033,2.4121888811351475,0.0,0.0,0.0
2023-09-01,0.0,0.0,47.0,1.0,4.187361195235211,0.0,0.0,0.0,1.0,2.0,3.0,54.0,0.0,0.0,0.0,0.0,5.0,0.0,0.0,0.0,2.0,0.0,1.0,0.0,0.0,0.0,0.0,0.0,0.0,0.0,9.038349796629866,69.29401510749564,2.0,0.0,0.0,0.0,0.0,0.0,140.71134868421052,0.0,9.990366088631985,0.0,0.0,0.0,0.0,5.267524551303759,10.535049102607518,175.5841517101253,0.0,0.0,0.0,0.0,17.17389186556259,0.0,0.0,0.0,8.110010427528676,0.0,0.0,0.0,0.0,0.0,0.0,0.0,0.0,0.0,33.55987055016181,214.7831715210356,0.0,0.0,0.0,0.0,0.0,0.0,145.188799321171,0.0,23.621867881548976,0.0,0.0,0.0,0.0,17.171243273078517,12.878432454808888,143.09369394232095,0.0,0.0,0.0,0.0,0.0,0.0,0.0,0.0,0.0,0.0,0.0,0.0,0.0,0.0,0.0,0.0,0.0,0.0,0.0,0.0,70.86560364464692,23.621867881548976,0.0,0.0,0.0,0.0,0.0,0.0,0.0,0.0,0.0,9.71623611297015,0.0,0.0,0.0,0.0,0.0,0.0,0.0,0.0,0.0,0.0,0.0,0.0,0.0,0.0,0.0,0.0,0.0,0.0,9.71623611297015,0.0,0.0,0.0,0.0,0.0,0.0,0.0,0.0,0.0,0.0,0.0,0.0,0.0,0.0,0.0,0.0,0.0,0.0,0.0,0.0,0.0,41.39720558882235,269.0818363273453,20.698602794411176,0.0,0.0,0.0,0.0,5.5140021269053525,0.0,0.0,5.5140021269053525,0.0,0.0,0.0,0.0,0.0,0.0,0.0,0.0,0.0,0.0,0.0,0.0,0.0,0.0,1.838000708968451,49.626019142148174,0.0,0.0,0.0,0.0,0.0,19.62621244381358,0.0,0.0,0.0,0.0,0.0,0.0,0.0,0.0,4.906553110953395,9.81310622190679,0.0,0.0,0.0,0.0,0.0,0.0,0.0,2.4532765554766973,17.17293588833688,0.0,0.0,0.0,0.0,0.0,0.0,0.0,43.419399860432655,0.0,0.0,0.0,0.0,0.0,0.0,0.0,0.0,0.0,0.0,0.0,0.0,0.0,0.0,0.0,0.0,0.0,0.0,0.0,0.0,0.0,0.0,0.0,0.0,0.0,0.0,0.0,0.0,0.0,0.0,0.0,0.0,0.0,0.0,0.0,0.0,2.4121888811351475,21.709699930216328,2.4121888811351475,0.0,0.0,0.0
2023-10-01,0.0,0.0,15.0,0.0,4.187361195235211,0.0,0.0,0.0,0.0,1.0,2.0,17.0,0.0,0.0,0.0,0.0,1.0,0.0,0.0,0.0,1.0,0.0,0.0,0.0,0.0,0.0,0.0,0.0,0.0,0.0,9.038349796629866,27.1150493898896,1.0,0.0,0.0,0.0,0.0,0.0,31.97985197368421,0.0,9.990366088631985,0.0,0.0,0.0,0.0,0.0,0.0,43.896037927531324,0.0,0.0,0.0,0.0,0.0,0.0,0.0,0.0,0.0,0.0,0.0,0.0,0.0,0.0,0.0,0.0,0.0,0.0,33.55987055016181,60.407766990291265,4.508695652173913,0.0,0.0,0.0,0.0,0.0,83.59355112431057,0.0,23.621867881548976,0.0,0.0,0.0,0.0,0.0,0.0,55.80654063750518,0.0,0.0,0.0,0.0,9.71623611297015,0.0,0.0,0.0,0.0,0.0,0.0,0.0,0.0,0.0,0.0,0.0,0.0,0.0,0.0,0.0,47.24373576309795,23.621867881548976,0.0,0.0,0.0,0.0,0.0,0.0,0.0,0.0,0.0,0.0,0.0,0.0,0.0,0.0,0.0,0.0,0.0,0.0,0.0,0.0,0.0,0.0,0.0,0.0,0.0,0.0,0.0,0.0,0.0,0.0,0.0,0.0,0.0,0.0,0.0,0.0,0.0,0.0,0.0,0.0,0.0,0.0,0.0,0.0,0.0,0.0,0.0,0.0,0.0,0.0,62.09580838323353,165.5888223552894,20.698602794411176,0.0,0.0,0.0,0.0,3.676001417936902,0.0,0.0,1.838000708968451,1.838000708968451,0.0,0.0,0.0,0.0,0.0,0.0,0.0,0.0,0.0,0.0,0.0,0.0,0.0,1.838000708968451,23.89400921658986,3.676001417936902,0.0,0.0,0.0,0.0,17.17293588833688,0.0,0.0,0.0,0.0,0.0,0.0,0.0,0.0,7.359829666430092,0.0,0.0,0.0,0.0,0.0,0.0,0.0,0.0,4.906553110953395,14.719659332860184,0.0,0.0,0.0,0.0,0.0,0.0,0.0,14.473133286810885,0.0,0.0,0.0,0.0,0.0,0.0,0.0,0.0,0.0,0.0,0.0,0.0,0.0,0.0,0.0,0.0,0.0,0.0,0.0,0.0,0.0,0.0,0.0,0.0,0.0,0.0,0.0,0.0,0.0,0.0,0.0,0.0,0.0,0.0,0.0,0.0,2.4121888811351475,12.060944405675738,2.4121888811351475,0.0,0.0,0.0
2023-11-01,0.0,0.0,5.0,0.0,4.187361195235211,0.0,0.0,0.0,0.0,1.0,1.0,14.0,0.0,0.0,0.0,0.0,1.0,0.0,0.0,0.0,1.0,0.0,0.0,0.0,0.0,0.0,0.0,0.0,0.0,0.0,9.038349796629866,21.089482858803024,1.0,0.0,0.0,0.0,0.0,0.0,25.58388157894737,0.0,9.990366088631985,0.0,0.0,0.0,0.0,0.0,0.0,33.36098882492381,0.0,0.0,0.0,0.0,0.0,0.0,0.0,0.0,0.0,0.0,0.0,0.0,0.0,0.0,0.0,0.0,0.0,0.0,20.135922330097088,53.6957928802589,7.5144927536231885,0.0,0.0,0.0,0.0,0.0,17.59864234196012,0.0,23.621867881548976,0.0,0.0,0.0,0.0,0.0,0.0,44.3590451221195,0.0,0.0,0.0,0.0,0.0,0.0,0.0,0.0,0.0,0.0,0.0,0.0,0.0,0.0,0.0,0.0,0.0,0.0,0.0,0.0,0.0,23.621867881548976,0.0,0.0,0.0,0.0,0.0,0.0,0.0,0.0,0.0,0.0,0.0,0.0,0.0,0.0,0.0,0.0,0.0,0.0,0.0,0.0,0.0,0.0,0.0,0.0,0.0,0.0,0.0,0.0,0.0,0.0,0.0,0.0,0.0,0.0,0.0,0.0,0.0,0.0,0.0,0.0,0.0,0.0,0.0,0.0,0.0,0.0,0.0,0.0,0.0,0.0,62.09580838323353,103.49301397205588,20.698602794411176,0.0,0.0,0.0,0.0,1.838000708968451,0.0,0.0,3.676001417936902,0.0,0.0,0.0,0.0,0.0,0.0,0.0,0.0,0.0,0.0,0.0,0.0,0.0,0.0,1.838000708968451,12.866004962779156,3.676001417936902,0.0,0.0,0.0,0.0,4.906553110953395,0.0,0.0,0.0,0.0,0.0,0.0,0.0,0.0,9.81310622190679,0.0,0.0,0.0,0.0,0.0,0.0,0.0,0.0,2.4532765554766973,12.266382777383487,2.4532765554766973,0.0,0.0,0.0,0.0,0.0,0.0,2.4121888811351475,0.0,0.0,0.0,0.0,0.0,0.0,0.0,0.0,0.0,0.0,0.0,0.0,0.0,0.0,0.0,0.0,0.0,0.0,0.0,0.0,0.0,0.0,0.0,0.0,0.0,0.0,0.0,0.0,0.0,0.0,0.0,0.0,0.0,0.0,0.0,0.0,2.4121888811351475,12.060944405675738,2.4121888811351475,0.0,0.0,0.0
2023-12-01,0.0,0.0,3.0,0.0,4.187361195235211,0.0,0.0,0.0,0.0,0.0,1.0,11.0,0.0,0.0,0.0,0.0,0.0,0.0,0.0,0.0,0.0,0.0,0.0,0.0,0.0,0.0,0.0,0.0,0.0,0.0,9.038349796629866,18.076699593259733,1.0,0.0,0.0,0.0,0.0,0.0,6.3959703947368425,0.0,9.990366088631985,0.0,0.0,0.0,0.0,0.0,0.0,28.093464273620047,0.0,0.0,0.0,0.0,0.0,0.0,0.0,0.0,0.0,0.0,0.0,0.0,0.0,0.0,0.0,0.0,0.0,0.0,26.84789644012945,40.271844660194176,6.011594202898551,0.0,0.0,0.0,0.0,0.0,0.0,0.0,35.43280182232346,0.0,0.0,0.0,0.0,0.0,0.0,44.3590451221195,0.0,0.0,0.0,0.0,0.0,0.0,0.0,0.0,0.0,0.0,0.0,0.0,0.0,0.0,0.0,0.0,0.0,0.0,0.0,0.0,0.0,35.43280182232346,0.0,0.0,0.0,0.0,0.0,0.0,0.0,0.0,0.0,0.0,0.0,0.0,0.0,0.0,0.0,0.0,0.0,0.0,0.0,0.0,0.0,0.0,0.0,0.0,0.0,0.0,0.0,0.0,0.0,0.0,0.0,0.0,0.0,0.0,0.0,0.0,0.0,0.0,0.0,0.0,0.0,0.0,0.0,0.0,0.0,0.0,0.0,0.0,0.0,0.0,62.09580838323353,103.49301397205588,0.0,0.0,0.0,0.0,0.0,0.0,0.0,0.0,0.0,0.0,0.0,0.0,0.0,0.0,0.0,0.0,0.0,0.0,0.0,0.0,0.0,0.0,0.0,1.838000708968451,12.866004962779156,0.0,0.0,0.0,0.0,0.0,2.4532765554766973,0.0,0.0,0.0,0.0,0.0,0.0,0.0,0.0,7.359829666430092,0.0,0.0,0.0,0.0,0.0,0.0,0.0,0.0,4.906553110953395,9.81310622190679,0.0,0.0,0.0,0.0,0.0,0.0,0.0,2.4121888811351475,0.0,0.0,0.0,0.0,0.0,0.0,0.0,0.0,0.0,0.0,0.0,0.0,0.0,0.0,0.0,0.0,0.0,0.0,0.0,0.0,0.0,0.0,0.0,0.0,0.0,0.0,0.0,0.0,0.0,0.0,0.0,0.0,0.0,0.0,0.0,0.0,2.4121888811351475,7.2365666434054425,0.0,0.0,0.0,0.0
2024-01-01,0.0,0.0,3.0,0.0,4.187361195235211,0.0,0.0,0.0,0.0,1.0,1.0,14.0,0.0,0.0,0.0,0.0,0.0,0.0,0.0,0.0,1.0,0.0,0.0,0.0,0.0,0.0,0.0,0.0,0.0,0.0,9.038349796629866,21.089482858803024,1.0,0.0,0.0,0.0,0.0,0.0,0.0,0.0,9.990366088631985,0.0,0.0,0.0,0.0,5.267524551303759,0.0,42.14019641043007,0.0,0.0,0.0,0.0,0.0,0.0,0.0,0.0,0.0,0.0,0.0,0.0,0.0,0.0,0.0,0.0,0.0,0.0,26.84789644012945,67.11974110032362,0.0,0.0,0.0,0.0,0.0,0.0,0.0,0.0,23.621867881548976,0.0,0.0,0.0,11.447495515385677,0.0,0.0,51.51372981923555,0.0,0.0,0.0,0.0,0.0,0.0,0.0,0.0,0.0,0.0,0.0,0.0,0.0,0.0,0.0,0.0,0.0,0.0,0.0,0.0,0.0,23.621867881548976,0.0,0.0,0.0,0.0,0.0,0.0,0.0,0.0,0.0,0.0,0.0,0.0,0.0,0.0,0.0,0.0,0.0,0.0,0.0,0.0,0.0,0.0,0.0,0.0,0.0,0.0,0.0,0.0,0.0,0.0,0.0,0.0,0.0,0.0,0.0,0.0,0.0,0.0,0.0,0.0,0.0,0.0,0.0,0.0,0.0,0.0,0.0,0.0,0.0,0.0,62.09580838323353,144.89021956087822,0.0,0.0,0.0,0.0,0.0,0.0,0.0,0.0,0.0,0.0,0.0,0.0,0.0,0.0,0.0,0.0,0.0,0.0,0.0,0.0,0.0,0.0,0.0,1.838000708968451,7.352002835873804,0.0,0.0,0.0,0.0,0.0,2.4532765554766973,0.0,0.0,0.0,0.0,0.0,0.0,0.0,0.0,12.266382777383487,0.0,0.0,0.0,0.0,0.0,0.0,0.0,0.0,4.906553110953395,9.81310622190679,0.0,0.0,0.0,0.0,0.0,0.0,0.0,2.4121888811351475,0.0,0.0,0.0,0.0,0.0,0.0,0.0,0.0,0.0,0.0,0.0,0.0,0.0,0.0,0.0,0.0,0.0,0.0,0.0,0.0,0.0,0.0,0.0,0.0,0.0,0.0,0.0,0.0,0.0,0.0,0.0,0.0,0.0,0.0,0.0,0.0,2.4121888811351475,7.2365666434054425,2.4121888811351475,0.0,0.0,0.0
2024-02-01,0.0,0.0,5.0,0.0,6.281041792852816,0.0,0.0,0.0,0.0,1.0,2.0,24.0,0.0,0.0,0.0,0.0,1.0,0.0,0.0,0.0,1.0,0.0,0.0,0.0,0.0,0.0,0.0,0.0,0.0,0.0,9.038349796629866,36.153399186519465,1.0,0.0,0.0,0.0,0.0,0.0,8.52796052631579,0.0,14.985549132947977,0.0,0.0,0.0,0.0,5.267524551303759,0.0,75.50118523535387,0.0,0.0,0.0,0.0,0.0,0.0,0.0,0.0,8.110010427528676,0.0,0.0,0.0,0.0,0.0,0.0,0.0,0.0,0.0,26.84789644012945,120.81553398058253,6.011594202898551,0.0,0.0,0.0,0.0,0.0,35.19728468392024,0.0,23.621867881548976,0.0,0.0,0.0,0.0,11.447495515385677,8.585621636539258,90.14902718366221,0.0,0.0,0.0,0.0,0.0,0.0,0.0,0.0,0.0,0.0,0.0,0.0,0.0,0.0,0.0,0.0,0.0,0.0,0.0,0.0,0.0,23.621867881548976,0.0,0.0,0.0,0.0,0.0,0.0,0.0,0.0,0.0,0.0,0.0,0.0,0.0,0.0,0.0,0.0,0.0,0.0,0.0,0.0,0.0,0.0,0.0,0.0,0.0,0.0,0.0,0.0,0.0,0.0,0.0,0.0,0.0,0.0,0.0,0.0,0.0,0.0,0.0,0.0,0.0,0.0,0.0,0.0,0.0,0.0,0.0,0.0,0.0,0.0,62.09580838323353,310.47904191616766,20.698602794411176,0.0,0.0,0.0,0.0,1.838000708968451,0.0,0.0,5.5140021269053525,0.0,0.0,0.0,0.0,0.0,0.0,0.0,0.0,0.0,0.0,0.0,0.0,0.0,0.0,1.838000708968451,101.0900389932648,0.0,0.0,0.0,0.0,0.0,2.4532765554766973,0.0,0.0,0.0,0.0,0.0,0.0,0.0,0.0,9.81310622190679,0.0,0.0,0.0,0.0,0.0,0.0,0.0,0.0,2.4532765554766973,19.62621244381358,0.0,0.0,0.0,0.0,0.0,0.0,0.0,2.4121888811351475,0.0,0.0,0.0,0.0,0.0,0.0,0.0,0.0,0.0,0.0,0.0,0.0,0.0,0.0,0.0,0.0,0.0,0.0,0.0,0.0,0.0,0.0,0.0,0.0,0.0,0.0,0.0,0.0,0.0,0.0,0.0,0.0,0.0,0.0,0.0,0.0,2.4121888811351475,12.060944405675738,2.4121888811351475,0.0,0.0,0.0
2024-03-01,0.0,0.0,7.0,0.0,4.187361195235211,0.0,0.0,0.0,0.0,1.0,1.0,20.0,0.0,0.0,0.0,0.0,1.0,0.0,0.0,0.0,1.0,0.0,0.0,0.0,0.0,0.0,0.0,0.0,0.0,0.0,9.038349796629866,33.14061592097618,1.0,0.0,0.0,0.0,0.0,0.0,14.923930921052632,0.0,14.985549132947977,0.0,0.0,0.0,0.0,0.0,0.0,47.40772096173383,0.0,0.0,0.0,0.0,0.0,0.0,0.0,0.0,0.0,0.0,0.0,0.0,0.0,0.0,0.0,0.0,0.0,0.0,26.84789644012945,80.54368932038835,0.0,0.0,0.0,0.0,0.0,0.0,26.39796351294018,0.0,11.810933940774488,0.0,0.0,0.0,0.0,0.0,0.0,61.53028839519801,0.0,0.0,0.0,0.0,0.0,0.0,0.0,0.0,0.0,0.0,0.0,0.0,0.0,0.0,0.0,0.0,0.0,0.0,0.0,0.0,11.810933940774488,11.810933940774488,0.0,0.0,0.0,0.0,0.0,0.0,0.0,0.0,0.0,15.26837103466738,0.0,0.0,0.0,0.0,0.0,0.0,0.0,0.0,0.0,0.0,0.0,0.0,0.0,0.0,0.0,0.0,0.0,0.0,0.0,0.0,0.0,0.0,0.0,0.0,0.0,0.0,0.0,0.0,0.0,0.0,0.0,0.0,0.0,0.0,0.0,0.0,0.0,0.0,0.0,0.0,41.39720558882235,227.68463073852294,20.698602794411176,0.0,0.0,0.0,0.0,1.838000708968451,0.0,0.0,5.5140021269053525,0.0,0.0,0.0,0.0,0.0,0.0,0.0,0.0,0.0,0.0,0.0,0.0,0.0,0.0,1.838000708968451,84.54803261254874,0.0,0.0,0.0,0.0,0.0,2.4532765554766973,0.0,0.0,0.0,0.0,0.0,0.0,0.0,0.0,7.359829666430092,0.0,0.0,0.0,0.0,0.0,0.0,0.0,0.0,4.906553110953395,31.892595221197066,0.0,0.0,0.0,0.0,0.0,0.0,0.0,7.2365666434054425,0.0,0.0,0.0,0.0,0.0,0.0,0.0,0.0,0.0,0.0,0.0,0.0,0.0,0.0,0.0,0.0,0.0,0.0,0.0,0.0,0.0,0.0,0.0,0.0,0.0,0.0,0.0,0.0,0.0,0.0,0.0,0.0,0.0,0.0,0.0,0.0,2.4121888811351475,14.473133286810885,2.4121888811351475,0.0,0.0,0.0
2024-04-01,0.0,0.0,25.0,0.0,4.187361195235211,0.0,0.0,0.0,0.0,1.0,2.0,23.0,0.0,0.0,0.0,0.0,3.0,0.0,0.0,0.0,1.0,0.0,0.0,0.0,0.0,0.0,0.0,0.0,0.0,0.0,9.038349796629866,39.166182452062756,1.0,0.0,0.0,0.0,0.0,0.0,29.847861842105264,0.0,9.990366088631985,0.0,0.0,0.0,0.0,0.0,0.0,38.628513376227566,0.0,0.0,0.0,0.0,0.0,0.0,0.0,0.0,0.0,0.0,0.0,0.0,0.0,0.0,0.0,0.0,0.0,0.0,26.84789644012945,73.83171521035598,7.5144927536231885,0.0,0.0,0.0,0.0,0.0,74.7942299533305,0.0,23.621867881548976,0.0,11.810933940774488,0.0,0.0,0.0,0.0,67.25403615289085,0.0,0.0,0.0,0.0,0.0,0.0,0.0,0.0,0.0,0.0,0.0,0.0,0.0,0.0,0.0,0.0,0.0,0.0,0.0,0.0,11.810933940774488,23.621867881548976,0.0,0.0,0.0,0.0,0.0,0.0,0.0,0.0,0.0,0.0,0.0,0.0,0.0,0.0,0.0,0.0,0.0,0.0,0.0,0.0,0.0,0.0,0.0,0.0,0.0,0.0,0.0,0.0,0.0,0.0,0.0,0.0,0.0,0.0,0.0,0.0,0.0,0.0,0.0,0.0,0.0,0.0,0.0,0.0,0.0,0.0,0.0,0.0,0.0,0.0,41.39720558882235,248.38323353293413,20.698602794411176,0.0,0.0,0.0,0.0,3.676001417936902,0.0,0.0,3.676001417936902,0.0,0.0,0.0,0.0,0.0,0.0,0.0,0.0,0.0,0.0,0.0,0.0,0.0,0.0,1.838000708968451,55.14002126905353,0.0,0.0,0.0,0.0,0.0,7.359829666430092,0.0,0.0,0.0,0.0,0.0,0.0,0.0,0.0,9.81310622190679,0.0,0.0,0.0,0.0,0.0,0.0,0.0,0.0,4.906553110953395,44.15897799858055,0.0,0.0,0.0,0.0,0.0,0.0,0.0,9.64875552454059,0.0,0.0,0.0,0.0,0.0,0.0,0.0,0.0,0.0,0.0,0.0,0.0,0.0,0.0,0.0,0.0,0.0,0.0,0.0,0.0,0.0,0.0,0.0,0.0,0.0,0.0,0.0,0.0,0.0,0.0,0.0,0.0,0.0,0.0,0.0,0.0,2.4121888811351475,14.473133286810885,2.4121888811351475,0.0,0.0,0.0
2024-05-01,0.0,0.0,59.0,1.0,4.187361195235211,0.0,0.0,0.0,0.0,1.0,2.0,35.0,0.0,0.0,0.0,0.0,5.0,0.0,0.0,0.0,1.0,0.0,1.0,0.0,0.0,0.0,0.0,0.0,0.0,0.0,9.038349796629866,42.17896571760605,1.0,0.0,0.0,0.0,0.0,0.0,55.43174342105263,0.0,9.990366088631985,0.0,0.0,0.0,0.0,0.0,0.0,50.919403995936335,0.0,0.0,0.0,0.0,0.0,0.0,0.0,0.0,0.0,0.0,0.0,0.0,0.0,0.0,0.0,0.0,0.0,0.0,20.135922330097088,80.54368932038835,6.011594202898551,0.0,0.0,0.0,0.0,0.0,96.79253288078066,0.0,23.621867881548976,0.0,0.0,0.0,0.0,0.0,0.0,57.237477576928384,0.0,0.0,0.0,0.0,11.104269843394459,0.0,0.0,0.0,0.0,0.0,0.0,0.0,0.0,0.0,0.0,0.0,0.0,0.0,0.0,0.0,59.05466970387244,23.621867881548976,0.0,0.0,0.0,0.0,0.0,0.0,0.0,0.0,0.0,11.104269843394459,0.0,0.0,0.0,0.0,0.0,0.0,0.0,0.0,0.0,0.0,0.0,0.0,0.0,0.0,0.0,0.0,0.0,0.0,0.0,0.0,0.0,0.0,0.0,0.0,0.0,0.0,0.0,0.0,11.104269843394459,0.0,0.0,0.0,0.0,0.0,0.0,0.0,0.0,0.0,0.0,0.0,41.39720558882235,186.2874251497006,20.698602794411176,0.0,0.0,0.0,0.0,3.676001417936902,0.0,0.0,3.676001417936902,0.0,0.0,0.0,0.0,0.0,0.0,0.0,0.0,0.0,0.0,0.0,0.0,0.0,0.0,1.838000708968451,38.59801488833747,0.0,0.0,0.0,0.0,0.0,7.359829666430092,0.0,2.4532765554766973,0.0,0.0,0.0,0.0,0.0,0.0,14.719659332860184,0.0,0.0,0.0,0.0,0.0,0.0,0.0,0.0,4.906553110953395,22.079488999290277,0.0,0.0,0.0,0.0,0.0,0.0,0.0,16.885322167946033,0.0,0.0,0.0,0.0,0.0,0.0,0.0,0.0,0.0,0.0,0.0,0.0,0.0,0.0,0.0,0.0,0.0,0.0,0.0,0.0,0.0,0.0,0.0,0.0,0.0,0.0,0.0,0.0,0.0,0.0,0.0,0.0,0.0,0.0,0.0,0.0,2.4121888811351475,12.060944405675738,2.4121888811351475,0.0,0.0,0.0
2024-06-01,0.0,0.0,41.0,1.0,4.187361195235211,0.0,0.0,0.0,0.0,2.0,2.0,20.0,0.0,0.0,0.0,0.0,3.0,0.0,0.0,0.0,1.0,0.0,0.0,0.0,0.0,0.0,0.0,0.0,0.0,0.0,9.038349796629866,33.14061592097618,2.0,0.0,0.0,0.0,0.0,0.0,104.46751644736842,0.0,9.990366088631985,0.0,0.0,0.0,0.0,10.535049102607518,7.023366068405012,61.45445309854385,0.0,0.0,0.0,0.0,8.081831466147102,0.0,0.0,0.0,0.0,0.0,0.0,0.0,0.0,0.0,0.0,0.0,0.0,0.0,26.84789644012945,114.10355987055016,10.520289855072464,0.0,0.0,0.0,0.0,0.0,118.7908358082308,0.0,23.621867881548976,0.0,0.0,0.0,0.0,0.0,0.0,48.651855940389126,0.0,0.0,0.0,0.0,0.0,0.0,0.0,0.0,0.0,0.0,0.0,0.0,0.0,0.0,0.0,0.0,0.0,0.0,0.0,0.0,82.67653758542141,23.621867881548976,0.0,0.0,0.0,0.0,0.0,0.0,0.0,0.0,0.0,0.0,0.0,0.0,0.0,0.0,0.0,0.0,0.0,0.0,0.0,0.0,0.0,0.0,0.0,0.0,0.0,0.0,0.0,0.0,0.0,0.0,0.0,0.0,0.0,0.0,0.0,0.0,0.0,0.0,0.0,0.0,0.0,0.0,0.0,0.0,0.0,0.0,0.0,0.0,0.0,0.0,41.39720558882235,165.5888223552894,0.0,0.0,0.0,0.0,0.0,5.5140021269053525,0.0,0.0,1.838000708968451,0.0,0.0,0.0,0.0,0.0,0.0,0.0,0.0,0.0,0.0,0.0,0.0,0.0,0.0,1.838000708968451,38.59801488833747,1.838000708968451,0.0,0.0,0.0,0.0,12.266382777383487,0.0,0.0,0.0,0.0,0.0,0.0,0.0,0.0,41.705701443103855,0.0,0.0,0.0,0.0,0.0,0.0,0.0,0.0,4.906553110953395,22.079488999290277,2.4532765554766973,0.0,0.0,0.0,0.0,0.0,0.0,16.885322167946033,0.0,0.0,0.0,0.0,0.0,0.0,0.0,0.0,0.0,0.0,0.0,0.0,0.0,0.0,0.0,0.0,0.0,0.0,0.0,0.0,0.0,0.0,0.0,0.0,0.0,0.0,0.0,0.0,0.0,0.0,0.0,0.0,0.0,0.0,0.0,0.0,2.4121888811351475,9.64875552454059,2.4121888811351475,0.0,0.0,0.0
2024-07-01,0.0,0.0,45.0,1.0,4.187361195235211,0.0,0.0,0.0,0.0,1.0,2.0,20.0,0.0,0.0,0.0,0.0,5.0,0.0,0.0,0.0,2.0,0.0,1.0,0.0,0.0,0.0,0.0,0.0,0.0,0.0,9.038349796629866,30.12783265543289,2.0,0.0,0.0,0.0,0.0,0.0,125.78741776315789,0.0,9.990366088631985,0.0,0.0,0.0,0.0,7.023366068405012,10.535049102607518,63.210294615645104,0.0,0.0,0.0,0.0,8.081831466147102,0.0,0.0,0.0,0.0,0.0,0.0,0.0,0.0,0.0,0.0,0.0,0.0,0.0,20.135922330097088,87.25566343042071,7.5144927536231885,0.0,0.0,0.0,0.0,0.0,175.98642341960118,0.0,23.621867881548976,0.0,0.0,0.0,0.0,0.0,0.0,54.37560369808197,0.0,0.0,9.71623611297015,0.0,0.0,0.0,0.0,0.0,0.0,0.0,0.0,0.0,0.0,0.0,0.0,0.0,0.0,0.0,0.0,0.0,82.67653758542141,23.621867881548976,0.0,0.0,0.0,0.0,0.0,0.0,0.0,0.0,0.0,0.0,0.0,0.0,0.0,0.0,0.0,0.0,0.0,0.0,0.0,0.0,0.0,0.0,0.0,0.0,0.0,0.0,11.104269843394459,0.0,0.0,0.0,0.0,0.0,0.0,0.0,0.0,0.0,0.0,0.0,0.0,0.0,0.0,0.0,0.0,0.0,0.0,0.0,0.0,0.0,0.0,0.0,41.39720558882235,165.5888223552894,20.698602794411176,0.0,0.0,0.0,0.0,7.352002835873804,1.838000708968451,0.0,3.676001417936902,0.0,0.0,0.0,0.0,0.0,0.0,0.0,0.0,0.0,0.0,0.0,0.0,0.0,0.0,3.676001417936902,38.59801488833747,1.838000708968451,0.0,0.0,0.0,0.0,17.17293588833688,0.0,0.0,0.0,0.0,0.0,0.0,0.0,0.0,7.359829666430092,0.0,0.0,0.0,0.0,0.0,0.0,0.0,0.0,4.906553110953395,22.079488999290277,2.4532765554766973,0.0,0.0,0.0,0.0,0.0,0.0,24.121888811351475,0.0,0.0,0.0,0.0,0.0,0.0,0.0,0.0,0.0,0.0,0.0,0.0,0.0,0.0,0.0,0.0,0.0,0.0,0.0,0.0,0.0,0.0,0.0,0.0,0.0,0.0,0.0,0.0,0.0,0.0,0.0,0.0,0.0,0.0,0.0,0.0,2.4121888811351475,9.64875552454059,2.4121888811351475,0.0,0.0,0.0
2024-08-01,0.0,0.0,44.0,1.0,4.187361195235211,0.0,0.0,0.0,0.0,1.0,2.0,18.0,0.0,0.0,0.0,0.0,4.0,0.0,0.0,3.0,60.0,0.0,3.0,0.0,0.0,0.0,0.0,3.0,9.038349796629866,0.0,9.038349796629866,30.12783265543289,1.0,0.0,0.0,0.0,0.0,0.0,127.91940789473684,0.0,14.985549132947977,0.0,0.0,0.0,0.0,0.0,0.0,43.896037927531324,0.0,0.0,0.0,0.0,10.102289332683878,0.0,0.0,0.0,167.60688216892598,0.0,24.330031282586027,0.0,0.0,0.0,0.0,0.0,0.0,0.0,33.55987055016181,67.11974110032362,9.017391304347827,0.0,0.0,0.0,0.0,0.0,167.18710224862113,0.0,23.621867881548976,0.0,0.0,0.0,0.0,0.0,8.585621636539258,71.54684697116048,0.0,0.0,0.0,0.0,0.0,0.0,0.0,0.0,0.0,0.0,0.0,0.0,0.0,0.0,0.0,0.0,0.0,0.0,0.0,0.0,141.73120728929385,23.621867881548976,0.0,0.0,0.0,0.0,0.0,0.0,0.0,0.0,0.0,0.0,0.0,0.0,0.0,0.0,0.0,0.0,0.0,0.0,0.0,0.0,0.0,0.0,0.0,0.0,0.0,0.0,9.71623611297015,0.0,0.0,0.0,0.0,0.0,0.0,0.0,0.0,15.26837103466738,0.0,0.0,0.0,0.0,0.0,0.0,0.0,0.0,0.0,0.0,0.0,0.0,0.0,0.0,62.09580838323353,206.98602794411175,20.698602794411176,0.0,0.0,0.0,0.0,7.352002835873804,1.838000708968451,0.0,3.676001417936902,0.0,0.0,0.0,0.0,0.0,0.0,0.0,0.0,0.0,0.0,0.0,0.0,14.704005671747607,0.0,3.676001417936902,38.59801488833747,3.676001417936902,0.0,0.0,0.0,0.0,22.079488999290277,0.0,2.4532765554766973,0.0,0.0,0.0,0.0,0.0,0.0,7.359829666430092,0.0,0.0,0.0,0.0,0.0,0.0,0.0,0.0,4.906553110953395,19.62621244381358,2.4532765554766973,0.0,0.0,0.0,0.0,0.0,0.0,36.18283321702721,0.0,0.0,0.0,0.0,0.0,0.0,0.0,0.0,0.0,0.0,0.0,0.0,0.0,0.0,0.0,0.0,0.0,0.0,0.0,0.0,0.0,0.0,0.0,0.0,0.0,0.0,0.0,4.824377762270295,0.0,0.0,0.0,0.0,0.0,0.0,0.0,0.0,2.4121888811351475,16.885322167946033,2.4121888811351475,0.0,0.0,0.0
2024-09-01,0.0,0.0,24.0,0.0,4.187361195235211,0.0,0.0,0.0,0.0,1.0,1.0,16.0,0.0,0.0,0.0,0.0,3.0,0.0,0.0,3.0,43.0,0.0,5.0,0.0,0.0,0.0,0.0,4.0,3.012783265543289,0.0,9.038349796629866,27.1150493898896,1.0,0.0,0.0,0.0,0.0,0.0,89.5435855263158,0.0,9.990366088631985,0.0,0.0,0.0,0.0,0.0,0.0,38.628513376227566,0.0,0.0,0.0,0.0,12.122747199220655,0.0,0.0,11.112518265952266,62.17674661105318,0.0,140.5735140771637,0.0,0.0,0.0,0.0,0.0,0.0,0.0,26.84789644012945,60.407766990291265,0.0,0.0,0.0,0.0,0.0,0.0,171.58676283411117,0.0,23.621867881548976,0.0,0.0,0.0,0.0,0.0,0.0,48.651855940389126,0.0,0.0,0.0,0.0,9.71623611297015,0.0,0.0,0.0,0.0,0.0,0.0,0.0,0.0,0.0,0.0,0.0,0.0,0.0,0.0,0.0,70.86560364464692,23.621867881548976,0.0,0.0,0.0,0.0,0.0,0.0,0.0,0.0,0.0,0.0,0.0,0.0,0.0,0.0,0.0,0.0,0.0,0.0,0.0,0.0,0.0,0.0,0.0,0.0,0.0,0.0,0.0,0.0,0.0,0.0,0.0,0.0,0.0,0.0,0.0,0.0,0.0,0.0,0.0,0.0,0.0,0.0,0.0,0.0,0.0,0.0,0.0,0.0,0.0,0.0,41.39720558882235,144.89021956087822,20.698602794411176,0.0,0.0,0.0,0.0,5.5140021269053525,0.0,0.0,3.676001417936902,0.0,0.0,0.0,0.0,0.0,0.0,0.0,0.0,0.0,0.0,0.0,0.0,0.0,0.0,1.838000708968451,40.43601559730592,0.0,0.0,0.0,0.0,0.0,14.719659332860184,0.0,2.4532765554766973,0.0,0.0,0.0,0.0,0.0,0.0,7.359829666430092,2.4532765554766973,0.0,0.0,0.0,0.0,0.0,0.0,0.0,4.906553110953395,24.532765554766975,0.0,0.0,0.0,0.0,0.0,0.0,0.0,16.885322167946033,0.0,0.0,0.0,0.0,0.0,0.0,0.0,0.0,0.0,0.0,0.0,0.0,0.0,0.0,0.0,0.0,0.0,0.0,0.0,0.0,0.0,0.0,0.0,0.0,0.0,0.0,0.0,0.0,0.0,0.0,0.0,0.0,0.0,0.0,0.0,0.0,2.4121888811351475,12.060944405675738,2.4121888811351475,0.0,0.0,0.0
2024-10-01,0.0,0.0,9.0,0.0,4.187361195235211,0.0,0.0,0.0,0.0,1.0,1.0,14.0,0.0,0.0,0.0,0.0,1.0,0.0,0.0,1.0,4.0,0.0,1.0,0.0,0.0,0.0,0.0,1.0,0.0,0.0,9.038349796629866,24.10226612434631,1.0,0.0,0.0,0.0,0.0,0.0,44.7717927631579,0.0,9.990366088631985,0.0,0.0,0.0,0.0,0.0,0.0,26.337622756518794,0.0,0.0,0.0,0.0,0.0,0.0,0.0,0.0,0.0,0.0,0.0,0.0,0.0,0.0,0.0,0.0,0.0,0.0,26.84789644012945,53.6957928802589,0.0,0.0,0.0,0.0,0.0,0.0,52.79592702588036,0.0,23.621867881548976,0.0,0.0,0.0,0.0,0.0,0.0,38.63529736442666,0.0,0.0,0.0,0.0,0.0,0.0,0.0,0.0,0.0,0.0,0.0,0.0,0.0,0.0,0.0,0.0,0.0,0.0,0.0,0.0,23.621867881548976,23.621867881548976,0.0,0.0,0.0,0.0,0.0,0.0,0.0,0.0,0.0,0.0,0.0,0.0,0.0,0.0,0.0,0.0,0.0,0.0,0.0,0.0,0.0,0.0,0.0,0.0,0.0,0.0,0.0,0.0,0.0,0.0,0.0,0.0,0.0,0.0,0.0,0.0,0.0,0.0,0.0,0.0,0.0,0.0,0.0,0.0,0.0,0.0,0.0,0.0,0.0,0.0,62.09580838323353,124.19161676646706,20.698602794411176,0.0,0.0,0.0,0.0,3.676001417936902,0.0,0.0,3.676001417936902,0.0,0.0,0.0,0.0,0.0,0.0,0.0,0.0,0.0,0.0,0.0,0.0,0.0,0.0,1.838000708968451,75.35802906770648,1.838000708968451,0.0,0.0,0.0,0.0,7.359829666430092,0.0,2.4532765554766973,0.0,0.0,0.0,0.0,0.0,0.0,7.359829666430092,0.0,0.0,0.0,0.0,0.0,0.0,0.0,0.0,4.906553110953395,14.719659332860184,0.0,0.0,0.0,0.0,0.0,0.0,0.0,4.824377762270295,0.0,0.0,0.0,0.0,0.0,0.0,0.0,0.0,0.0,0.0,0.0,0.0,0.0,0.0,0.0,0.0,0.0,0.0,0.0,0.0,0.0,0.0,0.0,0.0,0.0,0.0,0.0,0.0,0.0,0.0,0.0,0.0,0.0,0.0,0.0,0.0,2.4121888811351475,7.2365666434054425,2.4121888811351475,0.0,0.0,0.0
2024-11-01,0.0,0.0,5.0,0.0,4.187361195235211,0.0,0.0,0.0,0.0,1.0,1.0,12.0,0.0,0.0,0.0,0.0,0.0,0.0,0.0,0.0,32.0,0.0,0.0,0.0,0.0,0.0,0.0,0.0,0.0,0.0,9.038349796629866,21.089482858803024,1.0,0.0,0.0,0.0,0.0,0.0,8.52796052631579,0.0,9.990366088631985,0.0,0.0,0.0,0.0,0.0,0.0,29.8493057907213,0.0,0.0,0.0,0.0,0.0,0.0,0.0,0.0,5.406673618352451,0.0,0.0,0.0,0.0,0.0,0.0,0.0,0.0,0.0,20.135922330097088,53.6957928802589,0.0,0.0,0.0,0.0,0.0,0.0,21.998302927450148,0.0,23.621867881548976,0.0,0.0,0.0,0.0,0.0,0.0,24.325927970194563,0.0,0.0,0.0,0.0,0.0,0.0,0.0,0.0,0.0,0.0,0.0,0.0,0.0,0.0,0.0,0.0,0.0,0.0,0.0,0.0,0.0,23.621867881548976,0.0,0.0,0.0,0.0,0.0,0.0,0.0,0.0,0.0,0.0,0.0,0.0,0.0,0.0,0.0,0.0,0.0,0.0,0.0,0.0,0.0,0.0,0.0,0.0,0.0,0.0,0.0,0.0,0.0,0.0,0.0,0.0,0.0,0.0,0.0,0.0,0.0,0.0,0.0,0.0,0.0,0.0,0.0,0.0,0.0,0.0,0.0,0.0,0.0,0.0,62.09580838323353,124.19161676646706,0.0,0.0,0.0,0.0,0.0,1.838000708968451,0.0,0.0,0.0,0.0,0.0,0.0,0.0,0.0,0.0,0.0,0.0,0.0,0.0,0.0,0.0,0.0,0.0,1.838000708968451,9.190003544842254,0.0,0.0,0.0,0.0,0.0,4.906553110953395,0.0,0.0,0.0,0.0,0.0,0.0,0.0,0.0,7.359829666430092,0.0,0.0,0.0,0.0,0.0,0.0,0.0,0.0,4.906553110953395,12.266382777383487,0.0,0.0,0.0,0.0,0.0,0.0,0.0,2.4121888811351475,0.0,0.0,0.0,0.0,0.0,0.0,0.0,0.0,0.0,0.0,0.0,0.0,0.0,0.0,0.0,0.0,0.0,0.0,0.0,0.0,0.0,0.0,0.0,0.0,0.0,0.0,0.0,0.0,0.0,0.0,0.0,0.0,0.0,0.0,0.0,0.0,2.4121888811351475,7.2365666434054425,2.4121888811351475,0.0,0.0,0.0
2024-12-01,0.0,0.0,2.0,0.0,4.187361195235211,0.0,0.0,0.0,0.0,1.0,1.0,11.0,0.0,0.0,0.0,1.0,0.0,0.0,0.0,0.0,1.0,0.0,0.0,0.0,0.0,0.0,0.0,0.0,0.0,0.0,9.038349796629866,18.076699593259733,1.0,0.0,0.0,0.0,0.0,0.0,0.0,0.0,9.990366088631985,0.0,0.0,0.0,0.0,0.0,0.0,28.093464273620047,0.0,0.0,0.0,0.0,0.0,0.0,0.0,0.0,0.0,0.0,0.0,0.0,0.0,0.0,0.0,0.0,0.0,0.0,26.84789644012945,53.6957928802589,7.5144927536231885,0.0,0.0,0.0,0.0,0.0,21.998302927450148,0.0,23.621867881548976,0.0,0.0,0.0,0.0,0.0,0.0,31.480612667310613,0.0,0.0,0.0,0.0,0.0,0.0,0.0,0.0,0.0,0.0,0.0,0.0,0.0,0.0,0.0,0.0,0.0,0.0,0.0,0.0,0.0,23.621867881548976,0.0,0.0,0.0,0.0,0.0,0.0,0.0,0.0,0.0,0.0,0.0,0.0,0.0,0.0,0.0,0.0,0.0,0.0,0.0,0.0,0.0,0.0,0.0,0.0,0.0,0.0,0.0,0.0,0.0,0.0,0.0,0.0,0.0,0.0,0.0,0.0,0.0,0.0,0.0,0.0,0.0,0.0,0.0,0.0,0.0,0.0,0.0,0.0,0.0,0.0,41.39720558882235,103.49301397205588,0.0,0.0,0.0,0.0,0.0,0.0,0.0,0.0,0.0,0.0,0.0,0.0,0.0,0.0,0.0,0.0,0.0,0.0,0.0,0.0,0.0,0.0,0.0,1.838000708968451,7.352002835873804,0.0,0.0,0.0,0.0,0.0,2.4532765554766973,0.0,0.0,0.0,0.0,0.0,0.0,0.0,0.0,9.81310622190679,0.0,0.0,0.0,0.0,0.0,0.0,0.0,0.0,2.4532765554766973,9.81310622190679,2.4532765554766973,0.0,0.0,0.0,0.0,0.0,0.0,2.4121888811351475,0.0,0.0,0.0,0.0,0.0,0.0,0.0,0.0,0.0,0.0,0.0,0.0,0.0,0.0,0.0,0.0,0.0,0.0,0.0,0.0,0.0,0.0,0.0,0.0,0.0,0.0,0.0,0.0,0.0,0.0,0.0,0.0,0.0,0.0,0.0,0.0,2.4121888811351475,7.2365666434054425,0.0,0.0,0.0,0.0
2025-01-01,0.0,0.0,2.0,0.0,4.187361195235211,0.0,0.0,0.0,0.0,1.0,1.0,14.0,0.0,0.0,0.0,0.0,0.0,0.0,0.0,0.0,2.0,0.0,0.0,0.0,0.0,0.0,0.0,0.0,0.0,0.0,9.038349796629866,24.10226612434631,1.0,0.0,0.0,0.0,0.0,0.0,0.0,0.0,14.985549132947977,0.0,0.0,0.0,0.0,0.0,0.0,42.14019641043007,0.0,0.0,0.0,0.0,0.0,0.0,0.0,0.0,0.0,0.0,5.406673618352451,0.0,0.0,0.0,0.0,0.0,0.0,0.0,26.84789644012945,73.83171521035598,7.5144927536231885,0.0,0.0,0.0,0.0,0.0,8.79932117098006,0.0,23.621867881548976,0.0,0.0,0.0,0.0,0.0,0.0,40.06623430384987,0.0,0.0,0.0,0.0,0.0,0.0,0.0,0.0,0.0,0.0,0.0,0.0,0.0,0.0,0.0,0.0,0.0,0.0,0.0,0.0,0.0,23.621867881548976,0.0,0.0,0.0,0.0,0.0,0.0,0.0,0.0,0.0,0.0,0.0,0.0,0.0,0.0,0.0,0.0,0.0,0.0,0.0,0.0,0.0,0.0,0.0,0.0,0.0,0.0,0.0,0.0,0.0,0.0,0.0,0.0,0.0,0.0,0.0,0.0,0.0,0.0,0.0,0.0,0.0,0.0,0.0,0.0,0.0,0.0,0.0,0.0,0.0,0.0,62.09580838323353,124.19161676646706,20.698602794411176,0.0,0.0,0.0,0.0,0.0,0.0,0.0,0.0,0.0,0.0,0.0,0.0,0.0,0.0,0.0,0.0,0.0,0.0,0.0,0.0,0.0,0.0,1.838000708968451,7.352002835873804,0.0,0.0,0.0,0.0,0.0,2.4532765554766973,0.0,0.0,0.0,0.0,0.0,0.0,0.0,0.0,12.266382777383487,0.0,0.0,0.0,0.0,0.0,0.0,0.0,0.0,4.906553110953395,9.81310622190679,0.0,0.0,0.0,0.0,0.0,0.0,0.0,2.4121888811351475,0.0,0.0,0.0,0.0,0.0,0.0,0.0,0.0,0.0,0.0,0.0,0.0,0.0,0.0,0.0,0.0,0.0,0.0,0.0,0.0,0.0,0.0,0.0,0.0,0.0,0.0,0.0,0.0,0.0,0.0,0.0,0.0,0.0,0.0,0.0,0.0,2.4121888811351475,7.2365666434054425,2.4121888811351475,0.0,0.0,0.0
2025-02-01,0.0,0.0,3.0,0.0,4.187361195235211,0.0,0.0,0.0,0.0,1.0,1.0,13.0,0.0,0.0,0.0,0.0,0.0,0.0,0.0,0.0,2.0,0.0,0.0,0.0,0.0,0.0,0.0,0.0,0.0,0.0,9.038349796629866,21.089482858803024,1.0,0.0,0.0,0.0,0.0,0.0,12.791940789473685,0.0,14.985549132947977,0.0,0.0,0.0,0.0,0.0,0.0,47.40772096173383,0.0,0.0,0.0,0.0,0.0,0.0,0.0,0.0,0.0,0.0,0.0,0.0,0.0,0.0,0.0,0.0,0.0,0.0,20.135922330097088,73.83171521035598,12.023188405797102,0.0,0.0,0.0,0.0,0.0,0.0,0.0,23.621867881548976,0.0,0.0,0.0,0.0,0.0,0.0,51.51372981923555,0.0,0.0,0.0,0.0,0.0,0.0,0.0,0.0,0.0,0.0,0.0,0.0,0.0,0.0,0.0,0.0,0.0,0.0,0.0,0.0,0.0,23.621867881548976,0.0,0.0,0.0,0.0,0.0,0.0,0.0,0.0,0.0,0.0,0.0,0.0,0.0,0.0,0.0,0.0,0.0,0.0,0.0,0.0,0.0,0.0,0.0,0.0,0.0,0.0,0.0,0.0,0.0,0.0,0.0,0.0,0.0,0.0,0.0,0.0,0.0,0.0,0.0,0.0,0.0,0.0,0.0,0.0,0.0,0.0,0.0,0.0,0.0,0.0,62.09580838323353,144.89021956087822,20.698602794411176,0.0,0.0,0.0,0.0,0.0,0.0,0.0,0.0,0.0,0.0,0.0,0.0,0.0,0.0,0.0,0.0,0.0,0.0,0.0,0.0,0.0,0.0,1.838000708968451,5.5140021269053525,0.0,0.0,0.0,0.0,0.0,2.4532765554766973,0.0,0.0,0.0,0.0,0.0,0.0,0.0,0.0,7.359829666430092,0.0,0.0,0.0,0.0,0.0,0.0,0.0,0.0,4.906553110953395,12.266382777383487,2.4532765554766973,0.0,0.0,0.0,0.0,0.0,0.0,2.4121888811351475,0.0,0.0,0.0,0.0,0.0,0.0,0.0,0.0,0.0,0.0,0.0,0.0,0.0,0.0,0.0,0.0,0.0,0.0,0.0,0.0,0.0,0.0,0.0,0.0,0.0,0.0,0.0,0.0,0.0,0.0,0.0,0.0,0.0,0.0,0.0,0.0,2.4121888811351475,7.2365666434054425,2.4121888811351475,0.0,0.0,0.0
2025-03-01,0.0,0.0,5.0,0.0,4.187361195235211,0.0,0.0,0.0,0.0,1.0,1.0,14.0,0.0,0.0,0.0,0.0,1.0,0.0,0.0,1.0,3.0,0.0,0.0,0.0,0.0,0.0,0.0,0.0,0.0,0.0,9.038349796629866,21.089482858803024,1.0,0.0,0.0,0.0,0.0,0.0,10.659950657894736,0.0,9.990366088631985,0.0,0.0,0.0,0.0,0.0,0.0,38.628513376227566,0.0,0.0,0.0,0.0,0.0,0.0,0.0,0.0,0.0,0.0,0.0,0.0,0.0,0.0,0.0,0.0,0.0,0.0,26.84789644012945,53.6957928802589,13.52608695652174,0.0,0.0,0.0,0.0,0.0,17.59864234196012,0.0,23.621867881548976,0.0,0.0,0.0,0.0,0.0,0.0,32.91154960673382,0.0,0.0,0.0,0.0,0.0,0.0,0.0,0.0,0.0,0.0,0.0,0.0,0.0,0.0,0.0,0.0,0.0,0.0,0.0,0.0,0.0,23.621867881548976,0.0,0.0,0.0,0.0,0.0,0.0,0.0,0.0,0.0,12.492303573818766,0.0,0.0,0.0,0.0,0.0,0.0,0.0,0.0,0.0,0.0,0.0,0.0,0.0,0.0,0.0,0.0,0.0,0.0,0.0,0.0,0.0,0.0,0.0,0.0,0.0,0.0,0.0,0.0,0.0,0.0,0.0,0.0,0.0,0.0,0.0,0.0,0.0,0.0,0.0,0.0,41.39720558882235,103.49301397205588,20.698602794411176,0.0,0.0,0.0,0.0,0.0,0.0,0.0,0.0,0.0,0.0,0.0,0.0,0.0,0.0,0.0,0.0,0.0,0.0,0.0,0.0,0.0,0.0,1.838000708968451,5.5140021269053525,0.0,0.0,0.0,0.0,0.0,2.4532765554766973,0.0,0.0,0.0,0.0,0.0,0.0,0.0,0.0,7.359829666430092,0.0,0.0,0.0,0.0,0.0,0.0,0.0,0.0,2.4532765554766973,9.81310622190679,0.0,0.0,0.0,0.0,0.0,0.0,0.0,2.4121888811351475,0.0,0.0,0.0,0.0,0.0,0.0,0.0,0.0,0.0,0.0,2.4121888811351475,0.0,0.0,0.0,0.0,0.0,0.0,0.0,0.0,0.0,0.0,0.0,0.0,0.0,0.0,0.0,0.0,0.0,0.0,0.0,0.0,0.0,0.0,0.0,0.0,0.0,2.4121888811351475,7.2365666434054425,9.64875552454059,0.0,0.0,0.0
2025-04-01,0.0,0.0,10.0,0.0,4.187361195235211,0.0,0.0,0.0,0.0,1.0,1.0,12.0,0.0,0.0,0.0,0.0,1.0,0.0,0.0,0.0,2.0,0.0,0.0,0.0,0.0,0.0,0.0,0.0,0.0,0.0,9.038349796629866,18.076699593259733,3.0,0.0,0.0,0.0,0.0,0.0,12.791940789473685,0.0,4.995183044315993,0.0,0.0,0.0,0.0,0.0,0.0,26.337622756518794,0.0,0.0,0.0,0.0,0.0,0.0,0.0,0.0,0.0,0.0,0.0,0.0,0.0,0.0,0.0,0.0,0.0,0.0,20.135922330097088,53.6957928802589,16.531884057971016,0.0,0.0,0.0,0.0,0.0,48.39626644039033,0.0,11.810933940774488,0.0,0.0,0.0,0.0,0.0,0.0,30.049675727887404,0.0,0.0,0.0,0.0,0.0,0.0,0.0,0.0,0.0,0.0,0.0,0.0,0.0,0.0,0.0,0.0,0.0,0.0,0.0,0.0,11.810933940774488,11.810933940774488,0.0,0.0,0.0,0.0,0.0,0.0,0.0,0.0,0.0,0.0,0.0,0.0,0.0,0.0,0.0,0.0,0.0,0.0,0.0,0.0,0.0,0.0,0.0,0.0,0.0,0.0,0.0,0.0,0.0,0.0,0.0,0.0,0.0,0.0,0.0,0.0,0.0,0.0,0.0,0.0,0.0,0.0,0.0,0.0,0.0,0.0,0.0,0.0,0.0,0.0,41.39720558882235,103.49301397205588,62.09580838323353,0.0,0.0,0.0,0.0,1.838000708968451,0.0,0.0,0.0,0.0,0.0,0.0,0.0,0.0,0.0,0.0,0.0,0.0,0.0,0.0,0.0,0.0,0.0,1.838000708968451,5.5140021269053525,0.0,0.0,0.0,0.0,0.0,4.906553110953395,0.0,0.0,0.0,0.0,0.0,0.0,0.0,0.0,7.359829666430092,0.0,0.0,0.0,0.0,0.0,0.0,0.0,0.0,2.4532765554766973,9.81310622190679,2.4532765554766973,0.0,0.0,0.0,0.0,0.0,0.0,7.2365666434054425,0.0,0.0,0.0,0.0,0.0,0.0,0.0,0.0,0.0,0.0,2.4121888811351475,0.0,0.0,0.0,0.0,0.0,0.0,0.0,0.0,0.0,0.0,0.0,0.0,0.0,0.0,0.0,0.0,0.0,0.0,0.0,0.0,0.0,0.0,0.0,0.0,0.0,2.4121888811351475,7.2365666434054425,31.358455454756918,0.0,0.0,0.0
2025-05-01,0.0,0.0,15.0,0.0,2.0936805976176056,0.0,0.0,0.0,0.0,1.0,1.0,10.0,0.0,0.0,0.0,1.0,2.0,0.0,0.0,0.0,1.0,0.0,0.0,0.0,0.0,0.0,0.0,0.0,0.0,0.0,6.025566531086578,18.076699593259733,3.0,0.0,0.0,0.0,0.0,0.0,21.319901315789473,0.0,9.990366088631985,0.0,0.0,0.0,0.0,0.0,0.0,26.337622756518794,0.0,0.0,0.0,0.0,0.0,0.0,0.0,0.0,0.0,0.0,0.0,0.0,0.0,0.0,0.0,0.0,0.0,0.0,26.84789644012945,40.271844660194176,12.023188405797102,0.0,0.0,0.0,0.0,0.0,74.7942299533305,0.0,11.810933940774488,0.0,0.0,0.0,0.0,0.0,0.0,44.3590451221195,0.0,0.0,0.0,0.0,0.0,0.0,0.0,0.0,0.0,0.0,0.0,0.0,0.0,0.0,0.0,9.71623611297015,0.0,0.0,0.0,0.0,59.05466970387244,11.810933940774488,0.0,0.0,0.0,0.0,0.0,0.0,0.0,0.0,0.0,0.0,0.0,0.0,0.0,0.0,0.0,0.0,0.0,0.0,0.0,0.0,0.0,0.0,0.0,0.0,0.0,0.0,0.0,0.0,0.0,0.0,0.0,0.0,0.0,0.0,0.0,0.0,0.0,0.0,0.0,0.0,0.0,0.0,0.0,0.0,0.0,0.0,0.0,0.0,0.0,0.0,41.39720558882235,124.19161676646706,41.39720558882235,0.0,0.0,0.0,0.0,1.838000708968451,1.838000708968451,0.0,1.838000708968451,0.0,0.0,0.0,0.0,0.0,0.0,0.0,0.0,0.0,0.0,0.0,0.0,0.0,0.0,3.676001417936902,12.866004962779156,1.838000708968451,0.0,0.0,0.0,0.0,7.359829666430092,0.0,0.0,0.0,0.0,0.0,0.0,0.0,0.0,9.81310622190679,0.0,0.0,0.0,0.0,0.0,0.0,0.0,0.0,4.906553110953395,12.266382777383487,2.4532765554766973,0.0,0.0,0.0,0.0,0.0,0.0,9.64875552454059,0.0,0.0,0.0,0.0,0.0,0.0,0.0,0.0,0.0,0.0,0.0,0.0,0.0,0.0,0.0,0.0,0.0,0.0,0.0,0.0,0.0,0.0,0.0,0.0,0.0,0.0,0.0,0.0,0.0,0.0,0.0,0.0,0.0,0.0,0.0,0.0,2.4121888811351475,7.2365666434054425,12.060944405675738,0.0,0.0,0.0
2025-06-01,0.0,0.0,24.0,1.0,4.187361195235211,0.0,0.0,0.0,1.0,1.0,1.0,11.0,0.0,1.0,0.0,0.0,2.0,0.0,0.0,0.0,1.0,0.0,0.0,0.0,0.0,0.0,0.0,0.0,0.0,0.0,9.038349796629866,18.076699593259733,3.0,0.0,0.0,0.0,0.0,0.0,55.43174342105263,0.0,9.990366088631985,0.0,0.0,0.0,0.0,0.0,0.0,29.8493057907213,0.0,0.0,0.0,0.0,7.071602532878715,0.0,0.0,0.0,10.813347236704901,0.0,0.0,0.0,0.0,0.0,0.0,0.0,0.0,0.0,26.84789644012945,46.983818770226534,7.5144927536231885,0.0,0.0,0.0,0.0,0.0,96.79253288078066,0.0,11.810933940774488,0.0,0.0,0.0,0.0,0.0,0.0,30.049675727887404,0.0,0.0,0.0,0.0,0.0,0.0,0.0,0.0,0.0,0.0,0.0,0.0,0.0,0.0,0.0,0.0,0.0,0.0,0.0,0.0,106.2984054669704,11.810933940774488,0.0,0.0,0.0,0.0,0.0,0.0,0.0,0.0,0.0,0.0,0.0,0.0,0.0,0.0,0.0,0.0,0.0,0.0,0.0,0.0,0.0,0.0,0.0,0.0,0.0,0.0,0.0,0.0,0.0,0.0,0.0,0.0,0.0,0.0,0.0,0.0,0.0,0.0,0.0,0.0,0.0,0.0,0.0,0.0,0.0,0.0,0.0,0.0,0.0,0.0,41.39720558882235,103.49301397205588,41.39720558882235,0.0,0.0,0.0,0.0,5.5140021269053525,0.0,0.0,1.838000708968451,0.0,0.0,0.0,0.0,0.0,0.0,0.0,0.0,0.0,0.0,0.0,0.0,0.0,0.0,1.838000708968451,12.866004962779156,1.838000708968451,0.0,0.0,0.0,0.0,12.266382777383487,0.0,0.0,0.0,0.0,0.0,0.0,0.0,0.0,41.705701443103855,0.0,0.0,0.0,0.0,0.0,0.0,0.0,0.0,4.906553110953395,12.266382777383487,2.4532765554766973,0.0,0.0,0.0,0.0,0.0,0.0,19.29751104908118,0.0,0.0,0.0,0.0,0.0,0.0,0.0,0.0,0.0,0.0,0.0,0.0,0.0,0.0,0.0,0.0,0.0,0.0,0.0,0.0,0.0,0.0,0.0,0.0,0.0,0.0,0.0,0.0,0.0,0.0,0.0,0.0,0.0,0.0,0.0,0.0,2.4121888811351475,7.2365666434054425,14.473133286810885,0.0,0.0,0.0
2025-07-01,0.0,0.0,29.0,1.0,4.187361195235211,0.0,0.0,0.0,0.0,1.0,1.0,11.0,0.0,1.0,1.0,9.0,3.0,0.0,0.0,0.0,3.0,0.0,1.0,0.0,0.0,0.0,0.0,0.0,0.0,0.0,9.038349796629866,21.089482858803024,24.0,0.0,0.0,0.0,0.0,0.0,102.33552631578948,0.0,0.0,0.0,0.0,0.0,0.0,0.0,0.0,43.896037927531324,0.0,0.0,0.0,17.66432865731463,0.0,0.0,0.0,0.0,35.14337851929093,0.0,0.0,0.0,0.0,0.0,0.0,0.0,0.0,0.0,40.271844660194176,53.6957928802589,66.12753623188406,0.0,0.0,0.0,0.0,0.0,140.78913873568095,0.0,23.621867881548976,0.0,0.0,0.0,0.0,0.0,0.0,30.049675727887404,0.0,0.0,0.0,26.37264087806184,19.4324722259403,0.0,0.0,0.0,0.0,0.0,0.0,0.0,0.0,0.0,0.0,0.0,0.0,0.0,0.0,0.0,82.67653758542141,23.621867881548976,0.0,0.0,0.0,0.0,0.0,0.0,0.0,26.37264087806184,0.0,0.0,0.0,0.0,0.0,0.0,0.0,0.0,0.0,0.0,0.0,0.0,0.0,0.0,0.0,0.0,0.0,0.0,34.700843260607684,0.0,0.0,0.0,0.0,0.0,0.0,0.0,0.0,0.0,0.0,0.0,0.0,0.0,0.0,0.0,0.0,0.0,0.0,0.0,0.0,0.0,0.0,0.0,62.09580838323353,124.19161676646706,103.49301397205588,0.0,0.0,0.0,0.0,7.352002835873804,1.838000708968451,0.0,1.838000708968451,20.21800779865296,0.0,0.0,0.0,0.0,0.0,0.0,0.0,0.0,0.0,0.0,3.676001417936902,0.0,0.0,3.676001417936902,27.570010634526763,33.08401276143211,1.838000708968451,0.0,0.0,0.0,12.266382777383487,0.0,0.0,0.0,0.0,0.0,0.0,0.0,0.0,7.359829666430092,0.0,0.0,0.0,0.0,0.0,0.0,0.0,0.0,2.4532765554766973,12.266382777383487,2.4532765554766973,0.0,0.0,0.0,0.0,0.0,0.0,21.709699930216328,0.0,0.0,0.0,0.0,0.0,0.0,0.0,0.0,0.0,0.0,0.0,0.0,0.0,0.0,0.0,0.0,0.0,0.0,0.0,0.0,0.0,0.0,0.0,0.0,0.0,0.0,0.0,0.0,0.0,0.0,0.0,0.0,0.0,0.0,0.0,0.0,2.4121888811351475,9.64875552454059,16.885322167946033,0.0,0.0,0.0
2025-08-01,0.0,0.0,53.0,1.0,4.187361195235211,0.0,0.0,0.0,1.0,1.0,1.0,13.0,0.0,1.0,7.0,5.0,7.0,0.0,0.0,2.0,16.0,1.0,3.0,0.0,0.0,0.0,0.0,0.0,0.0,0.0,9.038349796629866,21.089482858803024,19.0,0.0,0.0,0.0,0.0,0.0,213.19901315789474,0.0,9.990366088631985,0.0,0.0,0.0,0.0,0.0,0.0,38.628513376227566,0.0,0.0,22.859719438877754,21.82064128256513,16.163662932294205,0.0,0.0,8.081831466147102,48.660062565172055,0.0,8.110010427528676,0.0,0.0,0.0,0.0,0.0,0.0,0.0,26.84789644012945,60.407766990291265,64.62463768115943,0.0,0.0,0.0,0.0,0.0,149.588459906661,0.0,23.621867881548976,0.0,0.0,0.0,0.0,0.0,0.0,34.34248654615703,0.0,0.0,9.71623611297015,33.31280953018337,12.492303573818766,0.0,0.0,0.0,29.148708338910453,0.0,0.0,0.0,0.0,0.0,0.0,0.0,0.0,0.0,0.0,0.0,118.10933940774488,23.621867881548976,0.0,0.0,0.0,0.0,0.0,0.0,0.0,33.31280953018337,0.0,0.0,0.0,0.0,0.0,0.0,0.0,0.0,0.0,0.0,0.0,0.0,0.0,0.0,0.0,0.0,0.0,0.0,31.924775799759068,0.0,0.0,0.0,0.0,0.0,0.0,0.0,0.0,11.104269843394459,0.0,0.0,0.0,0.0,0.0,0.0,0.0,0.0,0.0,0.0,0.0,0.0,0.0,0.0,62.09580838323353,103.49301397205588,103.49301397205588,0.0,0.0,0.0,0.0,7.352002835873804,1.838000708968451,0.0,1.838000708968451,7.352002835873804,0.0,0.0,0.0,1.838000708968451,0.0,0.0,0.0,0.0,1.838000708968451,0.0,1.838000708968451,0.0,0.0,1.838000708968451,23.89400921658986,31.246012052463666,1.838000708968451,0.0,0.0,0.0,22.079488999290277,0.0,2.4532765554766973,0.0,0.0,19.62621244381358,0.0,0.0,0.0,7.359829666430092,0.0,0.0,0.0,0.0,0.0,0.0,0.0,0.0,4.906553110953395,14.719659332860184,44.15897799858055,0.0,0.0,0.0,0.0,0.0,0.0,33.770644335892065,0.0,0.0,0.0,0.0,0.0,0.0,0.0,0.0,0.0,0.0,0.0,0.0,0.0,0.0,0.0,0.0,0.0,0.0,0.0,0.0,0.0,0.0,0.0,0.0,0.0,0.0,2.4121888811351475,2.4121888811351475,0.0,0.0,0.0,0.0,0.0,0.0,0.0,0.0,2.4121888811351475,12.060944405675738,26.534077692486623,0.0,0.0,0.0
2025-09-01,0.0,0.0,38.0,1.0,4.187361195235211,0.0,0.0,0.0,0.0,1.0,1.0,11.0,0.0,1.0,6.0,24.0,4.0,0.0,0.0,0.0,3.0,0.0,1.0,0.0,0.0,0.0,0.0,0.0,0.0,0.0,9.038349796629866,18.076699593259733,35.0,0.0,0.0,0.0,0.0,0.0,125.78741776315789,0.0,9.990366088631985,0.0,0.0,0.0,0.0,0.0,0.0,35.11683034202506,0.0,0.0,34.289579158316634,103.90781563126252,11.112518265952266,0.0,0.0,0.0,10.813347236704901,0.0,0.0,0.0,0.0,0.0,0.0,0.0,0.0,0.0,26.84789644012945,53.6957928802589,150.28985507246378,0.0,0.0,0.0,0.0,0.0,105.59185405176072,0.0,11.810933940774488,0.0,0.0,0.0,0.0,0.0,0.0,34.34248654615703,0.0,9.71623611297015,15.26837103466738,99.93842859055013,0.0,0.0,0.0,0.0,84.67005755588275,0.0,9.71623611297015,0.0,0.0,0.0,0.0,0.0,0.0,0.0,0.0,0.0,70.86560364464692,11.810933940774488,0.0,0.0,0.0,0.0,0.0,0.0,0.0,99.93842859055013,0.0,0.0,0.0,0.0,0.0,0.0,0.0,0.0,0.0,0.0,0.0,0.0,0.0,0.0,0.0,0.0,0.0,0.0,9.71623611297015,0.0,0.0,0.0,0.0,0.0,0.0,0.0,0.0,0.0,0.0,0.0,0.0,0.0,0.0,0.0,0.0,0.0,0.0,0.0,0.0,0.0,0.0,0.0,62.09580838323353,103.49301397205588,186.2874251497006,0.0,0.0,0.0,0.0,5.5140021269053525,0.0,0.0,1.838000708968451,3.676001417936902,0.0,0.0,0.0,0.0,0.0,0.0,0.0,0.0,0.0,0.0,0.0,0.0,0.0,1.838000708968451,14.704005671747607,22.05600850762141,0.0,0.0,0.0,0.0,9.81310622190679,0.0,0.0,0.0,0.0,0.0,0.0,0.0,0.0,7.359829666430092,0.0,0.0,0.0,0.0,0.0,0.0,0.0,0.0,2.4532765554766973,9.81310622190679,2.4532765554766973,0.0,0.0,0.0,0.0,0.0,0.0,14.473133286810885,0.0,0.0,0.0,0.0,0.0,0.0,0.0,0.0,0.0,0.0,0.0,0.0,0.0,0.0,0.0,0.0,0.0,0.0,0.0,0.0,0.0,0.0,0.0,0.0,0.0,0.0,0.0,0.0,0.0,0.0,0.0,0.0,0.0,0.0,0.0,0.0,2.4121888811351475,7.2365666434054425,26.534077692486623,0.0,0.0,0.0
2025-10-01,0.0,0.0,10.0,0.0,4.187361195235211,0.0,0.0,0.0,0.0,1.0,1.0,11.0,0.0,1.0,2.0,1.0,1.0,0.0,0.0,0.0,2.0,0.0,0.0,0.0,0.0,0.0,0.0,0.0,0.0,0.0,9.038349796629866,18.076699593259733,7.0,0.0,0.0,0.0,0.0,0.0,36.2438322368421,0.0,9.990366088631985,0.0,0.0,0.0,0.0,0.0,7.023366068405012,22.82593972231629,0.0,0.0,9.351703406813627,0.0,0.0,0.0,0.0,0.0,0.0,0.0,0.0,0.0,0.0,0.0,0.0,0.0,0.0,0.0,26.84789644012945,46.983818770226534,18.034782608695654,0.0,0.0,0.0,0.0,0.0,39.59694526941027,0.0,11.810933940774488,0.0,0.0,0.0,0.0,0.0,0.0,28.618738788464192,0.0,0.0,0.0,9.71623611297015,0.0,0.0,0.0,0.0,0.0,0.0,0.0,0.0,0.0,0.0,0.0,0.0,0.0,0.0,0.0,0.0,11.810933940774488,11.810933940774488,0.0,0.0,0.0,0.0,0.0,0.0,0.0,9.71623611297015,0.0,0.0,0.0,0.0,0.0,0.0,0.0,0.0,0.0,0.0,0.0,0.0,0.0,0.0,0.0,0.0,0.0,0.0,0.0,0.0,0.0,0.0,0.0,0.0,0.0,0.0,0.0,0.0,0.0,0.0,0.0,0.0,0.0,0.0,0.0,0.0,0.0,0.0,0.0,0.0,0.0,0.0,41.39720558882235,103.49301397205588,41.39720558882235,0.0,0.0,0.0,0.0,1.838000708968451,0.0,0.0,0.0,0.0,0.0,0.0,0.0,0.0,0.0,0.0,0.0,0.0,0.0,0.0,0.0,0.0,0.0,1.838000708968451,9.190003544842254,3.676001417936902,0.0,0.0,0.0,0.0,7.359829666430092,0.0,0.0,0.0,0.0,0.0,0.0,0.0,0.0,7.359829666430092,0.0,0.0,0.0,0.0,0.0,0.0,0.0,0.0,4.906553110953395,14.719659332860184,4.906553110953395,0.0,0.0,0.0,0.0,0.0,0.0,4.824377762270295,0.0,0.0,0.0,0.0,0.0,0.0,0.0,0.0,0.0,0.0,0.0,0.0,0.0,0.0,0.0,0.0,0.0,0.0,0.0,0.0,0.0,0.0,0.0,0.0,0.0,0.0,0.0,0.0,0.0,0.0,0.0,0.0,0.0,0.0,0.0,0.0,2.4121888811351475,4.824377762270295,7.2365666434054425,0.0,0.0,0.0
2025-11-01,0.0,0.0,5.0,0.0,4.187361195235211,0.0,0.0,0.0,0.0,1.0,1.0,9.0,0.0,1.0,1.0,1.0,1.0,0.0,0.0,0.0,1.0,0.0,0.0,0.0,0.0,0.0,0.0,0.0,0.0,0.0,12.051133062173156,24.10226612434631,7.0,0.0,0.0,0.0,0.0,0.0,10.659950657894736,0.0,14.985549132947977,0.0,0.0,0.0,0.0,0.0,0.0,36.872671859126314,0.0,0.0,0.0,0.0,0.0,0.0,0.0,0.0,5.406673618352451,0.0,0.0,8.110010427528676,0.0,0.0,0.0,0.0,0.0,0.0,33.55987055016181,73.83171521035598,18.034782608695654,0.0,0.0,0.0,0.0,0.0,0.0,0.0,35.43280182232346,0.0,0.0,0.0,0.0,0.0,0.0,30.049675727887404,0.0,0.0,0.0,0.0,0.0,0.0,0.0,0.0,0.0,0.0,0.0,0.0,0.0,0.0,0.0,0.0,0.0,0.0,0.0,0.0,0.0,35.43280182232346,0.0,0.0,0.0,0.0,0.0,0.0,0.0,0.0,0.0,0.0,0.0,0.0,0.0,0.0,0.0,0.0,0.0,0.0,0.0,12.492303573818766,0.0,0.0,0.0,0.0,0.0,0.0,0.0,0.0,0.0,0.0,0.0,0.0,0.0,0.0,0.0,0.0,0.0,0.0,0.0,0.0,0.0,0.0,0.0,0.0,0.0,0.0,0.0,0.0,0.0,0.0,62.09580838323353,144.89021956087822,41.39720558882235,0.0,0.0,0.0,0.0,1.838000708968451,1.838000708968451,0.0,0.0,0.0,0.0,0.0,0.0,0.0,0.0,0.0,0.0,0.0,0.0,0.0,0.0,0.0,0.0,1.838000708968451,7.352002835873804,3.676001417936902,0.0,0.0,0.0,0.0,2.4532765554766973,0.0,0.0,0.0,0.0,2.4532765554766973,0.0,0.0,0.0,7.359829666430092,0.0,0.0,0.0,0.0,0.0,0.0,2.4532765554766973,0.0,4.906553110953395,14.719659332860184,7.359829666430092,0.0,0.0,0.0,0.0,0.0,0.0,2.4121888811351475,0.0,0.0,0.0,0.0,0.0,0.0,0.0,0.0,0.0,0.0,0.0,0.0,0.0,0.0,0.0,0.0,0.0,0.0,0.0,0.0,0.0,0.0,0.0,0.0,0.0,0.0,0.0,0.0,0.0,0.0,0.0,0.0,0.0,0.0,0.0,0.0,2.4121888811351475,4.824377762270295,2.4121888811351475,0.0,0.0,0.0
2025-12-01,0.0,0.0,3.0,0.0,4.187361195235211,0.0,0.0,0.0,1.0,1.0,1.0,16.0,0.0,0.0,1.0,1.0,1.0,0.0,0.0,0.0,1.0,0.0,0.0,0.0,0.0,0.0,0.0,0.0,0.0,0.0,12.051133062173156,30.12783265543289,8.0,0.0,0.0,0.0,0.0,0.0,0.0,0.0,9.990366088631985,0.0,0.0,0.0,0.0,0.0,0.0,43.896037927531324,0.0,0.0,0.0,0.0,0.0,0.0,0.0,0.0,0.0,0.0,0.0,0.0,0.0,0.0,0.0,0.0,0.0,0.0,26.84789644012945,87.25566343042071,21.04057971014493,0.0,6.011594202898551,0.0,0.0,0.0,13.19898175647009,0.0,23.621867881548976,0.0,0.0,0.0,0.0,0.0,0.0,40.06623430384987,0.0,0.0,0.0,0.0,0.0,0.0,0.0,0.0,0.0,0.0,0.0,0.0,0.0,0.0,0.0,0.0,0.0,0.0,0.0,0.0,0.0,23.621867881548976,0.0,0.0,0.0,0.0,0.0,0.0,0.0,0.0,0.0,11.104269843394459,0.0,0.0,0.0,0.0,0.0,0.0,0.0,0.0,0.0,0.0,0.0,0.0,0.0,0.0,0.0,0.0,0.0,0.0,0.0,0.0,0.0,0.0,0.0,0.0,0.0,0.0,0.0,0.0,0.0,0.0,0.0,0.0,0.0,0.0,0.0,0.0,0.0,0.0,0.0,0.0,82.7944111776447,144.89021956087822,41.39720558882235,0.0,0.0,0.0,0.0,0.0,0.0,0.0,0.0,0.0,0.0,0.0,0.0,0.0,0.0,0.0,0.0,0.0,0.0,0.0,0.0,0.0,0.0,1.838000708968451,7.352002835873804,1.838000708968451,0.0,0.0,0.0,0.0,2.4532765554766973,0.0,0.0,0.0,0.0,2.4532765554766973,0.0,0.0,0.0,7.359829666430092,0.0,0.0,0.0,0.0,0.0,0.0,0.0,0.0,4.906553110953395,12.266382777383487,7.359829666430092,0.0,0.0,0.0,0.0,0.0,0.0,2.4121888811351475,0.0,0.0,0.0,0.0,0.0,0.0,0.0,0.0,0.0,0.0,0.0,0.0,0.0,0.0,0.0,0.0,0.0,0.0,0.0,0.0,0.0,0.0,0.0,0.0,0.0,0.0,0.0,0.0,0.0,0.0,0.0,0.0,0.0,0.0,0.0,0.0,2.4121888811351475,4.824377762270295,2.4121888811351475,0.0,0.0,0.0
