country,Broad infectious disease risks ,Local mosquito-control activities,Mosquito nuisance and bite prevention,Tiger mosquito spread and disease risk,West Nile virus outbreaks and surveillance
Austria,0.0,100.0,0.0,0.0,0.0
France,0.0,31.428571428571427,27.61904761904762,33.80952380952381,7.142857142857142
Germany,26.31578947368421,67.29323308270678,3.3834586466165413,1.5037593984962405,1.5037593984962405
Italy,0.4629629629629629,9.953703703703704,78.47222222222221,0.23148148148148145,10.87962962962963
Spain,0.0,16.122448979591837,42.44897959183673,0.20408163265306123,41.224489795918366
Switzerland,33.33333333333333,66.66666666666666,0.0,0.0,0.0
