country, Zika virus public health alerts,Aedes arbovirus risk in Europe,Broad infectious disease risks ,Climate change and health risks,Tiger mosquito spread and disease risk,Zika biomedical research advances,Zika virus public health alerts
Austria,43.85474860335196,0.8379888268156425,16.75977653631285,3.35195530726257,1.675977653631285,3.072625698324022,30.446927374301673
France,23.824451410658305,4.38871473354232,19.122257053291534,1.2539184952978055,20.37617554858934,6.269592476489027,24.76489028213166
Germany,29.859154929577464,5.633802816901409,17.183098591549296,1.971830985915493,12.112676056338028,3.3802816901408446,29.859154929577464
Italy,28.4,3.5999999999999996,22.0,6.4,5.6000000000000005,5.2,28.799999999999997
Spain,12.732919254658384,2.484472049689441,16.149068322981368,2.639751552795031,12.422360248447205,1.7080745341614907,51.86335403726709
Switzerland,19.617224880382775,2.8708133971291865,11.004784688995215,3.349282296650718,1.1961722488038278,10.526315789473683,51.43540669856459
