country, Innovative mosquito suppression, Zika virus public health alerts,Broad infectious disease risks ,Chikungunya risk in Europe,Citizen reporting of tiger mosquitoes,Citizen-based tiger mosquito prevention,Climate change and health risks,Dengue surveillance and response,Invasive species and public health impacts,Local mosquito-control activities,Regional tiger mosquito surveillance and control,Tiger mosquito spread and disease risk
Austria,5.633802816901409,6.338028169014084,4.225352112676056,22.183098591549296,0.0,7.042253521126761,2.464788732394366,8.098591549295776,4.929577464788732,1.056338028169014,7.042253521126761,30.985915492957744
France,4.057971014492753,20.869565217391305,3.768115942028986,0.2898550724637681,0.2898550724637681,3.1884057971014492,5.217391304347826,9.855072463768117,0.5797101449275363,7.82608695652174,16.231884057971012,27.82608695652174
Germany,5.054151624548736,8.664259927797833,2.166064981949458,9.386281588447654,11.552346570397113,7.9422382671480145,1.8050541516245486,9.386281588447654,2.527075812274368,0.0,6.137184115523466,35.37906137184115
Italy,2.5936599423631126,47.55043227665706,3.7463976945244957,0.0,0.0,1.440922190201729,4.610951008645533,11.527377521613833,1.1527377521613833,11.815561959654179,5.475504322766571,10.086455331412104
Spain,4.104477611940299,10.44776119402985,7.835820895522389,0.3731343283582089,0.7462686567164178,7.462686567164178,2.6119402985074625,24.62686567164179,1.8656716417910446,9.701492537313433,3.731343283582089,26.492537313432834
Switzerland,6.029106029106029,4.781704781704782,3.9501039501039505,28.8981288981289,1.0395010395010396,5.405405405405405,7.484407484407485,18.08731808731809,0.4158004158004158,1.6632016632016633,4.158004158004158,18.08731808731809
