country,Bird mortality and citizen reporting,Mosquito-borne disease surveillance,Mosquito-borne viruses in Germany,Transfusion safety,Tropical diseases reaching Europe,West Nile virus outbreaks and surveillance
Austria,96.7741935483871,0.0,0.0,0.0,3.225806451612903,0.0
France,85.71428571428571,0.0,0.0,0.0,7.142857142857142,7.142857142857142
Germany,81.53846153846153,0.0,5.384615384615385,7.6923076923076925,0.38461538461538464,5.0
Italy,50.0,0.0,0.0,0.0,50.0,0.0
Spain,2.8846153846153846,27.884615384615387,0.0,0.9615384615384616,25.961538461538463,42.30769230769231
Switzerland,91.66666666666666,0.0,0.0,8.333333333333332,0.0,0.0
