country, Zika virus public health alerts,Bearded vulture conservation and threats,Broad infectious disease risks ,Climate change and health risks,Dengue surveillance and response,Global dengue outbreaks and epidemics,Mosquito-borne disease surveillance,Tiger mosquito spread and disease risk,Travel health and disease risks,Vector-borne disease readiness
Austria,11.87214611872146,14.61187214611872,6.392694063926941,27.85388127853881,10.95890410958904,0.91324200913242,3.1963470319634704,14.61187214611872,2.73972602739726,6.8493150684931505
France,12.990936555891238,4.229607250755287,3.0211480362537766,10.27190332326284,23.564954682779458,0.6042296072507553,1.2084592145015105,37.46223564954683,3.927492447129909,2.719033232628399
Germany,19.784172661870503,10.79136690647482,2.877697841726619,14.748201438848922,12.589928057553957,0.7194244604316548,6.115107913669065,29.496402877697843,0.3597122302158274,2.5179856115107913
Italy,3.2448377581120944,8.55457227138643,8.849557522123893,7.374631268436578,53.98230088495575,0.8849557522123894,0.0,10.619469026548673,1.1799410029498525,5.3097345132743365
Spain,8.193277310924369,6.092436974789916,2.5210084033613445,12.605042016806722,9.663865546218489,24.789915966386555,2.100840336134454,14.705882352941178,14.915966386554622,4.411764705882353
Switzerland,16.358024691358025,4.320987654320987,2.7777777777777777,17.901234567901234,15.74074074074074,0.0,18.51851851851852,17.901234567901234,3.3950617283950617,3.0864197530864197
