country, Zika virus public health alerts,Broad infectious disease risks ,Chikungunya risk in Europe,Chikungunya vaccine,Climate change and health risks,Dengue surveillance and response,Local mosquito-control activities,Mosquito nuisance and bite prevention,Tiger mosquito spread and disease risk,Tropical diseases reaching Europe,West Nile virus outbreaks and surveillance
Austria,3.3707865168539324,10.112359550561797,23.595505617977526,15.730337078651685,5.617977528089887,3.3707865168539324,4.49438202247191,2.247191011235955,10.112359550561797,13.48314606741573,7.865168539325842
France,18.100890207715135,8.30860534124629,19.584569732937684,4.451038575667656,3.5608308605341246,14.243323442136498,13.649851632047477,6.824925816023739,7.71513353115727,2.6706231454005933,0.8902077151335311
Germany,19.795221843003414,7.849829351535837,15.017064846416384,1.023890784982935,2.7303754266211606,0.3412969283276451,4.09556313993174,7.508532423208192,7.849829351535837,29.01023890784983,4.778156996587031
Italy,1.728395061728395,4.938271604938271,41.23456790123457,2.7160493827160495,4.691358024691358,7.901234567901234,12.592592592592592,5.679012345679013,12.098765432098766,1.9753086419753085,4.444444444444445
Spain,13.347457627118645,14.83050847457627,8.686440677966102,6.991525423728813,13.771186440677965,13.983050847457626,6.1440677966101696,7.203389830508475,10.805084745762713,1.9067796610169492,2.330508474576271
Switzerland,23.754789272030653,29.88505747126437,12.643678160919542,3.065134099616858,4.597701149425287,4.980842911877394,6.896551724137931,3.065134099616858,3.8314176245210727,6.896551724137931,0.38314176245210724
