country,Aedes arbovirus risk in Europe,Bluetongue and livestock disease,Malaria burden and control,Mosquito nuisance and bite prevention,West Nile virus outbreaks and surveillance
Austria,43.02325581395349,2.3255813953488373,46.51162790697674,8.13953488372093,0.0
France,21.608040201005025,5.025125628140704,13.06532663316583,9.547738693467336,50.753768844221106
Germany,28.169014084507044,0.0,54.929577464788736,8.450704225352112,8.450704225352112
Italy,1.36986301369863,0.0,1.36986301369863,63.013698630136986,34.24657534246575
Spain,10.429447852760736,25.4601226993865,1.8404907975460123,55.52147239263804,6.748466257668712
Switzerland,24.8062015503876,0.0,58.139534883720934,14.728682170542637,2.3255813953488373
