country,Broad infectious disease risks ,Climate change and health risks,Mosquito nuisance and bite prevention,Mosquito-borne disease surveillance,Tropical diseases reaching Europe,West Nile virus outbreaks and surveillance
Austria,27.450980392156865,5.88235294117647,25.49019607843137,35.294117647058826,0.0,5.88235294117647
France,13.574660633484163,24.660633484162897,5.203619909502263,2.941176470588235,2.0361990950226243,51.58371040723983
Germany,5.88235294117647,5.88235294117647,7.8431372549019605,37.254901960784316,0.0,43.13725490196079
Italy,27.380952380952383,38.095238095238095,16.666666666666664,11.904761904761903,2.380952380952381,3.571428571428571
Spain,19.434628975265017,11.307420494699647,15.19434628975265,3.8869257950530036,40.282685512367486,9.89399293286219
Switzerland,19.35483870967742,9.67741935483871,12.903225806451612,12.903225806451612,0.0,45.16129032258064
